run_id,timestamp,method,platform,source_file,source_sha256,source_class,source_state,transform_chain,transform_label,result_sha256,bytes,width,height,c2pa_state,remote_manifest_ref,exif_present,xmp_present,notes
bfde0fc6c98e,2026-08-30T01:38:28+00:00,local,,C.jpg,a2d14755db55de67a47c04090340d8266e892367be4104a45626d7a6fa6e9ffd,sdk_test_fixture,present_valid,none,Untouched original,a2d14755db55de67a47c04090340d8266e892367be4104a45626d7a6fa6e9ffd,132518,2048,1365,present_valid,False,False,False,
ae47afbd4feb,2026-08-30T01:38:28+00:00,local,,C.jpg,a2d14755db55de67a47c04090340d8266e892367be4104a45626d7a6fa6e9ffd,sdk_test_fixture,present_valid,recompress_q95,Re-saved as JPEG at quality 95,0ef7b2fba9468a73459c0704a58b5f313c318275d2740bec08569559992d95b3,80352,2048,1365,absent,False,False,False,
1a4e25f56734,2026-08-30T01:38:28+00:00,local,,C.jpg,a2d14755db55de67a47c04090340d8266e892367be4104a45626d7a6fa6e9ffd,sdk_test_fixture,present_valid,recompress_q75,Re-saved as JPEG at quality 75,a60644959d9137fe5248a18329bf099027c1d8e9972d5b0ea098c2e78c49e5d0,53465,2048,1365,absent,False,False,False,
2ef5bb585f68,2026-08-30T01:38:28+00:00,local,,C.jpg,a2d14755db55de67a47c04090340d8266e892367be4104a45626d7a6fa6e9ffd,sdk_test_fixture,present_valid,recompress_q50,Re-saved as JPEG at quality 50,ec453a5fd9816464329af8c0d222938253133050e762f2b2a26e094ced02d4df,49970,2048,1365,absent,False,False,False,
177ba2d96721,2026-08-30T01:38:28+00:00,local,,C.jpg,a2d14755db55de67a47c04090340d8266e892367be4104a45626d7a6fa6e9ffd,sdk_test_fixture,present_valid,resize_75pct,Resized to 75% of original dimensions,1ce866dd60b462b328a36a25f738eb748727ba0a42cc615653006c5a7032ac71,77896,1536,1023,absent,False,False,False,
dd5b3e33e419,2026-08-30T01:38:28+00:00,local,,C.jpg,a2d14755db55de67a47c04090340d8266e892367be4104a45626d7a6fa6e9ffd,sdk_test_fixture,present_valid,resize_50pct,Resized to 50% of original dimensions,0a05a98e313e43aad8cf06f4fdff904b143e0ff20ca0aaefc90f1a4fcec007ef,39596,1024,682,absent,False,False,False,
974046097295,2026-08-30T01:38:28+00:00,local,,C.jpg,a2d14755db55de67a47c04090340d8266e892367be4104a45626d7a6fa6e9ffd,sdk_test_fixture,present_valid,resize_25pct,Resized to 25% of original dimensions,4f3e369f7c8065b76a23a77d0cb5118c2f329b41437d70e09601602346b01547,13759,512,341,absent,False,False,False,
ae5fcf40d063,2026-08-30T01:38:28+00:00,local,,C.jpg,a2d14755db55de67a47c04090340d8266e892367be4104a45626d7a6fa6e9ffd,sdk_test_fixture,present_valid,crop_5pct,Cropped 5% off each border,5e8b5a9685f34e5a0cbc538025ab9115d4749539a05ea20716210b7f0139877f,111738,1844,1229,absent,False,False,False,
d101e839437b,2026-08-30T01:38:28+00:00,local,,C.jpg,a2d14755db55de67a47c04090340d8266e892367be4104a45626d7a6fa6e9ffd,sdk_test_fixture,present_valid,crop_10pct,Cropped 10% off each border,63ec528517384e0e57c35dba76250ee1081af3bfb0d3fad9d117dedee5e9e614,71475,1640,1093,absent,False,False,False,
c25872d37a56,2026-08-30T01:38:28+00:00,local,,C.jpg,a2d14755db55de67a47c04090340d8266e892367be4104a45626d7a6fa6e9ffd,sdk_test_fixture,present_valid,crop_25pct,Cropped 25% off each border,ab62cc83f012b7002db7ee474b15cf02c8625f151f0a04d57a06110af52b12de,27639,1024,683,absent,False,False,False,
42585f482e6c,2026-08-30T01:38:28+00:00,local,,C.jpg,a2d14755db55de67a47c04090340d8266e892367be4104a45626d7a6fa6e9ffd,sdk_test_fixture,present_valid,rotate_90,Rotated 90 degrees,2ae67032a900f132009360df68e28d6e2664218e541594d8909cb51ae2a98829,82607,1365,2048,absent,False,False,False,
db388886b936,2026-08-30T01:38:28+00:00,local,,C.jpg,a2d14755db55de67a47c04090340d8266e892367be4104a45626d7a6fa6e9ffd,sdk_test_fixture,present_valid,rotate_180,Rotated 180 degrees,09a5971349202f8ed6c7c01231b8daee22a1b3fd94abb224dedc5efef923bc00,105952,2048,1365,absent,False,False,False,
2d1f59f4d82e,2026-08-30T01:38:28+00:00,local,,C.jpg,a2d14755db55de67a47c04090340d8266e892367be4104a45626d7a6fa6e9ffd,sdk_test_fixture,present_valid,convert_png_jpeg_png,Converted PNG to JPEG and back to PNG,c5ecb918984f4cdd2d3fb6bbd50a591920948c324227d4240a2583733a9fe336,116128,2048,1365,absent,False,False,False,
9cf9b6d5854d,2026-08-30T01:38:29+00:00,local,,C.jpg,a2d14755db55de67a47c04090340d8266e892367be4104a45626d7a6fa6e9ffd,sdk_test_fixture,present_valid,screenshot,"Screenshotted (pixels recaptured, container discarded)",792541b617e31138843ec9359d5a9be94a5da7126f6bf1927902c56cba4f418b,39446,2048,1365,absent,False,False,False,
54f9b110939a,2026-08-30T01:38:29+00:00,local,,C.jpg,a2d14755db55de67a47c04090340d8266e892367be4104a45626d7a6fa6e9ffd,sdk_test_fixture,present_valid,metadata_scrub,EXIF block removed in place (no re-encode),a2d14755db55de67a47c04090340d8266e892367be4104a45626d7a6fa6e9ffd,132518,2048,1365,present_valid,False,False,False,
ccaa07637cc5,2026-08-30T01:38:29+00:00,local,,C.jpg,a2d14755db55de67a47c04090340d8266e892367be4104a45626d7a6fa6e9ffd,sdk_test_fixture,present_valid,editor_resave,Opened in an editor and saved (default settings),102d6382bfa6cf2616ec566ef349ca55a9b827c92f1797b5809ba7f9518fef5b,67102,2048,1365,absent,False,False,False,
4e6b8a0ec72d,2026-08-30T01:38:29+00:00,local,,C.jpg,a2d14755db55de67a47c04090340d8266e892367be4104a45626d7a6fa6e9ffd,sdk_test_fixture,present_valid,screenshot|recompress_q75,"Screenshotted (pixels recaptured, container discarded) then Re-saved as JPEG at quality 75",a60644959d9137fe5248a18329bf099027c1d8e9972d5b0ea098c2e78c49e5d0,53465,2048,1365,absent,False,False,False,
884adb482f6c,2026-08-30T01:38:29+00:00,local,,C.jpg,a2d14755db55de67a47c04090340d8266e892367be4104a45626d7a6fa6e9ffd,sdk_test_fixture,present_valid,resize_50pct|recompress_q75,Resized to 50% of original dimensions then Re-saved as JPEG at quality 75,7cec06aa1b3511defa2ce24a648f0b4b069c7a41b923b33a176d111ce01d65c3,18310,1024,682,absent,False,False,False,
6e767b5f46c8,2026-08-30T01:38:29+00:00,local,,C.jpg,a2d14755db55de67a47c04090340d8266e892367be4104a45626d7a6fa6e9ffd,sdk_test_fixture,present_valid,crop_10pct|recompress_q50,Cropped 10% off each border then Re-saved as JPEG at quality 50,36d028a8303ea20104a839086c1001678805b4a6384e776d76278bc43035e028,31962,1640,1093,absent,False,False,False,
089eaf13c6cd,2026-08-30T01:38:29+00:00,local,,C.jpg,a2d14755db55de67a47c04090340d8266e892367be4104a45626d7a6fa6e9ffd,sdk_test_fixture,present_valid,metadata_scrub|recompress_q75,EXIF block removed in place (no re-encode) then Re-saved as JPEG at quality 75,a60644959d9137fe5248a18329bf099027c1d8e9972d5b0ea098c2e78c49e5d0,53465,2048,1365,absent,False,False,False,
1b94807fa896,2026-08-30T01:38:29+00:00,local,,CA.jpg,e71bff58fc57640803e6e65f7534e2fb0c2f99018c85276cc14b30f04427cc76,sdk_test_fixture,present_valid,none,Untouched original,e71bff58fc57640803e6e65f7534e2fb0c2f99018c85276cc14b30f04427cc76,166864,1024,683,present_valid,False,False,False,
19fb0a52acd5,2026-08-30T01:38:29+00:00,local,,CA.jpg,e71bff58fc57640803e6e65f7534e2fb0c2f99018c85276cc14b30f04427cc76,sdk_test_fixture,present_valid,recompress_q95,Re-saved as JPEG at quality 95,a9b218c69f246a5a5684a427dc84108bb17829abb6c2e5257788d623da3469f9,57762,1024,683,absent,False,False,False,
28e738e2337d,2026-08-30T01:38:29+00:00,local,,CA.jpg,e71bff58fc57640803e6e65f7534e2fb0c2f99018c85276cc14b30f04427cc76,sdk_test_fixture,present_valid,recompress_q75,Re-saved as JPEG at quality 75,8af8d40d399deb4ac4bb1b1a7a387082095917e080e1fd86cb267acaedab5958,34020,1024,683,absent,False,False,False,
85e3e228d8fc,2026-08-30T01:38:29+00:00,local,,CA.jpg,e71bff58fc57640803e6e65f7534e2fb0c2f99018c85276cc14b30f04427cc76,sdk_test_fixture,present_valid,recompress_q50,Re-saved as JPEG at quality 50,b1ef2fdaac35c87179c53eb0d1ed442279ca7eda6c6f66ccd13ae1cfcc589e15,27866,1024,683,absent,False,False,False,
7a36e3440779,2026-08-30T01:38:29+00:00,local,,CA.jpg,e71bff58fc57640803e6e65f7534e2fb0c2f99018c85276cc14b30f04427cc76,sdk_test_fixture,present_valid,resize_75pct,Resized to 75% of original dimensions,a0809ff80c948104432ba3a00b9cb820829c00bfc7da531ffe0b273bf67fbd6c,68251,768,512,absent,False,False,False,
389afc0f306a,2026-08-30T01:38:29+00:00,local,,CA.jpg,e71bff58fc57640803e6e65f7534e2fb0c2f99018c85276cc14b30f04427cc76,sdk_test_fixture,present_valid,resize_50pct,Resized to 50% of original dimensions,6b21ab7979ff7b318d5b1360367b3935ab8baed02ef83b03e434b04b6112a046,36649,512,341,absent,False,False,False,
327276e15b6d,2026-08-30T01:38:29+00:00,local,,CA.jpg,e71bff58fc57640803e6e65f7534e2fb0c2f99018c85276cc14b30f04427cc76,sdk_test_fixture,present_valid,resize_25pct,Resized to 25% of original dimensions,78b46aa3570fb458212bffd4f25ee76728828ab5fbfbc11bec26e764d6b693b7,14123,256,170,absent,False,False,False,
c249306d2339,2026-08-30T01:38:29+00:00,local,,CA.jpg,e71bff58fc57640803e6e65f7534e2fb0c2f99018c85276cc14b30f04427cc76,sdk_test_fixture,present_valid,crop_5pct,Cropped 5% off each border,08c781ddfd1df62c34221b81fba1349407a581aa333602fa8f8241470ab63290,95093,922,615,absent,False,False,False,
8c274384054b,2026-08-30T01:38:29+00:00,local,,CA.jpg,e71bff58fc57640803e6e65f7534e2fb0c2f99018c85276cc14b30f04427cc76,sdk_test_fixture,present_valid,crop_10pct,Cropped 10% off each border,1e5a0c039e4edb3ade0db84fd8eda2bb141f464830b8e3021f657c0dadab70a0,80446,820,547,absent,False,False,False,
7c88cdefb87a,2026-08-30T01:38:29+00:00,local,,CA.jpg,e71bff58fc57640803e6e65f7534e2fb0c2f99018c85276cc14b30f04427cc76,sdk_test_fixture,present_valid,crop_25pct,Cropped 25% off each border,1c90aac767e84359fe4d295ad0168c8dfa91d0c1ca94048d94ee05c09a8ebe43,33682,512,343,absent,False,False,False,
ff9ccb04e784,2026-08-30T01:38:29+00:00,local,,CA.jpg,e71bff58fc57640803e6e65f7534e2fb0c2f99018c85276cc14b30f04427cc76,sdk_test_fixture,present_valid,rotate_90,Rotated 90 degrees,666cf9a2c8ba5d795eb7df01a07b2074b275c1e892b5e2c260459d35cdd1b1c2,58228,683,1024,absent,False,False,False,
806ca45cca8f,2026-08-30T01:38:29+00:00,local,,CA.jpg,e71bff58fc57640803e6e65f7534e2fb0c2f99018c85276cc14b30f04427cc76,sdk_test_fixture,present_valid,rotate_180,Rotated 180 degrees,37c00935d73747c6933cd8a10a6a41c94437c5d0a186144f6d66b33b396ddd96,86228,1024,683,absent,False,False,False,
fc04bd4ab8de,2026-08-30T01:38:29+00:00,local,,CA.jpg,e71bff58fc57640803e6e65f7534e2fb0c2f99018c85276cc14b30f04427cc76,sdk_test_fixture,present_valid,convert_png_jpeg_png,Converted PNG to JPEG and back to PNG,d91633927c5079e8d6402dc465af4ac25069bf0c0f14db3ead37ad22f1c55bcf,315139,1024,683,absent,False,False,False,
7c85923dbdd1,2026-08-30T01:38:29+00:00,local,,CA.jpg,e71bff58fc57640803e6e65f7534e2fb0c2f99018c85276cc14b30f04427cc76,sdk_test_fixture,present_valid,screenshot,"Screenshotted (pixels recaptured, container discarded)",2e3b4d7177bb3cbf079aaee162a5335bc27e801d87b2e041cc75db0dc17c76b1,281235,1024,683,absent,False,False,False,
849a73b1ce9d,2026-08-30T01:38:29+00:00,local,,CA.jpg,e71bff58fc57640803e6e65f7534e2fb0c2f99018c85276cc14b30f04427cc76,sdk_test_fixture,present_valid,metadata_scrub,EXIF block removed in place (no re-encode),e71bff58fc57640803e6e65f7534e2fb0c2f99018c85276cc14b30f04427cc76,166864,1024,683,present_valid,False,False,False,
8eb23eb00972,2026-08-30T01:38:29+00:00,local,,CA.jpg,e71bff58fc57640803e6e65f7534e2fb0c2f99018c85276cc14b30f04427cc76,sdk_test_fixture,present_valid,editor_resave,Opened in an editor and saved (default settings),d942e9ed66b66a0d4258d20a2812fbcba1f59c89bf498f64f58b47f104f27a62,47660,1024,683,absent,False,False,False,
ed75705abb89,2026-08-30T01:38:29+00:00,local,,CA.jpg,e71bff58fc57640803e6e65f7534e2fb0c2f99018c85276cc14b30f04427cc76,sdk_test_fixture,present_valid,screenshot|recompress_q75,"Screenshotted (pixels recaptured, container discarded) then Re-saved as JPEG at quality 75",8af8d40d399deb4ac4bb1b1a7a387082095917e080e1fd86cb267acaedab5958,34020,1024,683,absent,False,False,False,
ac361387699f,2026-08-30T01:38:29+00:00,local,,CA.jpg,e71bff58fc57640803e6e65f7534e2fb0c2f99018c85276cc14b30f04427cc76,sdk_test_fixture,present_valid,resize_50pct|recompress_q75,Resized to 50% of original dimensions then Re-saved as JPEG at quality 75,d8d27f1184486028feffa83e174a15a3cc11f561494e83eaf3807b2cd35b5e68,15423,512,341,absent,False,False,False,
fc859b6b25a1,2026-08-30T01:38:29+00:00,local,,CA.jpg,e71bff58fc57640803e6e65f7534e2fb0c2f99018c85276cc14b30f04427cc76,sdk_test_fixture,present_valid,crop_10pct|recompress_q50,Cropped 10% off each border then Re-saved as JPEG at quality 50,410a765fbe9311d836d9a82e77ea9283c1b6d86043ab530e151bd9d75f5d8517,21269,820,547,absent,False,False,False,
0ebf8ae1bf74,2026-08-30T01:38:29+00:00,local,,CA.jpg,e71bff58fc57640803e6e65f7534e2fb0c2f99018c85276cc14b30f04427cc76,sdk_test_fixture,present_valid,metadata_scrub|recompress_q75,EXIF block removed in place (no re-encode) then Re-saved as JPEG at quality 75,8af8d40d399deb4ac4bb1b1a7a387082095917e080e1fd86cb267acaedab5958,34020,1024,683,absent,False,False,False,
0e0b4635967e,2026-08-30T01:38:29+00:00,local,,CACA.jpg,e735fe9e50057f8280baf96182a38d516a4acfb144da7f1e6aad32de44c76aea,sdk_test_fixture,present_valid,none,Untouched original,e735fe9e50057f8280baf96182a38d516a4acfb144da7f1e6aad32de44c76aea,279782,1024,683,present_valid,False,False,False,
1f3bda13d5a1,2026-08-30T01:38:29+00:00,local,,CACA.jpg,e735fe9e50057f8280baf96182a38d516a4acfb144da7f1e6aad32de44c76aea,sdk_test_fixture,present_valid,recompress_q95,Re-saved as JPEG at quality 95,defc6174f7ed6c8ef2a911d7e5115005a367c46f4d114337c6dd9f3ae68f3212,55716,1024,683,absent,False,False,False,
e386b2f28b46,2026-08-30T01:38:29+00:00,local,,CACA.jpg,e735fe9e50057f8280baf96182a38d516a4acfb144da7f1e6aad32de44c76aea,sdk_test_fixture,present_valid,recompress_q75,Re-saved as JPEG at quality 75,9ba820be68c36bd9090eb7d2577ec6362532d7c5b37f693b06521b87aac167f0,32253,1024,683,absent,False,False,False,
3ddddb05c308,2026-08-30T01:38:29+00:00,local,,CACA.jpg,e735fe9e50057f8280baf96182a38d516a4acfb144da7f1e6aad32de44c76aea,sdk_test_fixture,present_valid,recompress_q50,Re-saved as JPEG at quality 50,e910b0f299cd1e61c5eaa744c44588953b43bb03ac7641ec0dbe3f8a4848854e,26116,1024,683,absent,False,False,False,
8c291f099cd7,2026-08-30T01:38:29+00:00,local,,CACA.jpg,e735fe9e50057f8280baf96182a38d516a4acfb144da7f1e6aad32de44c76aea,sdk_test_fixture,present_valid,resize_75pct,Resized to 75% of original dimensions,978bb4adfb4345247ec842a9098bc1d34ad592bb331c448cfd99e1b6094db2a3,63778,768,512,absent,False,False,False,
028b6402f4d3,2026-08-30T01:38:29+00:00,local,,CACA.jpg,e735fe9e50057f8280baf96182a38d516a4acfb144da7f1e6aad32de44c76aea,sdk_test_fixture,present_valid,resize_50pct,Resized to 50% of original dimensions,78adb5956e4f809179187a2872b36daee88299047a50d347adf452e69106fa9d,34508,512,341,absent,False,False,False,
09687ec579f5,2026-08-30T01:38:29+00:00,local,,CACA.jpg,e735fe9e50057f8280baf96182a38d516a4acfb144da7f1e6aad32de44c76aea,sdk_test_fixture,present_valid,resize_25pct,Resized to 25% of original dimensions,7c02aea714a55eb2f7c898de3bbf8f7559050e71a7504f94e0577b05dd955662,13558,256,170,absent,False,False,False,
2d48edd9ed78,2026-08-30T01:38:29+00:00,local,,CACA.jpg,e735fe9e50057f8280baf96182a38d516a4acfb144da7f1e6aad32de44c76aea,sdk_test_fixture,present_valid,crop_5pct,Cropped 5% off each border,7c26be4b31071400a5a393fdb56cef1c45df7cf6ef61cabedf0dc4082d40473f,88516,922,615,absent,False,False,False,
8a80fcb006a5,2026-08-30T01:38:29+00:00,local,,CACA.jpg,e735fe9e50057f8280baf96182a38d516a4acfb144da7f1e6aad32de44c76aea,sdk_test_fixture,present_valid,crop_10pct,Cropped 10% off each border,2e1325c05ca7b4fc01b656b868e7fd472d72c1470be445bc5cb5eff78a06207e,74633,820,547,absent,False,False,False,
aa93f03b000a,2026-08-30T01:38:29+00:00,local,,CACA.jpg,e735fe9e50057f8280baf96182a38d516a4acfb144da7f1e6aad32de44c76aea,sdk_test_fixture,present_valid,crop_25pct,Cropped 25% off each border,e7285c713cff6936b9e7716abd86648774cbade32c89c067a59e36acb082044e,30391,512,343,absent,False,False,False,
55b33fdbdea5,2026-08-30T01:38:29+00:00,local,,CACA.jpg,e735fe9e50057f8280baf96182a38d516a4acfb144da7f1e6aad32de44c76aea,sdk_test_fixture,present_valid,rotate_90,Rotated 90 degrees,6959a439c9bf11c9abc635e63a3e4c172d971a7822e23205f90134f9589715a8,56355,683,1024,absent,False,False,False,
7c68e792df87,2026-08-30T01:38:29+00:00,local,,CACA.jpg,e735fe9e50057f8280baf96182a38d516a4acfb144da7f1e6aad32de44c76aea,sdk_test_fixture,present_valid,rotate_180,Rotated 180 degrees,b2067af6f0de9526bd2f5fda2f936a5cb98404f301bb06c41cd56286aa60d3fb,79824,1024,683,absent,False,False,False,
0f14768ef837,2026-08-30T01:38:29+00:00,local,,CACA.jpg,e735fe9e50057f8280baf96182a38d516a4acfb144da7f1e6aad32de44c76aea,sdk_test_fixture,present_valid,convert_png_jpeg_png,Converted PNG to JPEG and back to PNG,5cd5ba02d6965bba36f64ea00d26dcf7ffb36f10652fcb2b212a58e95b5d10c7,292445,1024,683,absent,False,False,False,
5a76fdc71738,2026-08-30T01:38:29+00:00,local,,CACA.jpg,e735fe9e50057f8280baf96182a38d516a4acfb144da7f1e6aad32de44c76aea,sdk_test_fixture,present_valid,screenshot,"Screenshotted (pixels recaptured, container discarded)",f565bb164344a894c67a01adb7bd0f30585485c1f16fb22288c13c08d739667d,255626,1024,683,absent,False,False,False,
3431e9df4dc1,2026-08-30T01:38:29+00:00,local,,CACA.jpg,e735fe9e50057f8280baf96182a38d516a4acfb144da7f1e6aad32de44c76aea,sdk_test_fixture,present_valid,metadata_scrub,EXIF block removed in place (no re-encode),e735fe9e50057f8280baf96182a38d516a4acfb144da7f1e6aad32de44c76aea,279782,1024,683,present_valid,False,False,False,
aad7eff1c07e,2026-08-30T01:38:29+00:00,local,,CACA.jpg,e735fe9e50057f8280baf96182a38d516a4acfb144da7f1e6aad32de44c76aea,sdk_test_fixture,present_valid,editor_resave,Opened in an editor and saved (default settings),bf74c3cdefc6857a401714b845e391d2e48a21adfd7f3441ab6cc0def7e09293,45583,1024,683,absent,False,False,False,
ccf97d32000f,2026-08-30T01:38:29+00:00,local,,CACA.jpg,e735fe9e50057f8280baf96182a38d516a4acfb144da7f1e6aad32de44c76aea,sdk_test_fixture,present_valid,screenshot|recompress_q75,"Screenshotted (pixels recaptured, container discarded) then Re-saved as JPEG at quality 75",9ba820be68c36bd9090eb7d2577ec6362532d7c5b37f693b06521b87aac167f0,32253,1024,683,absent,False,False,False,
84ca5c7f6c2a,2026-08-30T01:38:29+00:00,local,,CACA.jpg,e735fe9e50057f8280baf96182a38d516a4acfb144da7f1e6aad32de44c76aea,sdk_test_fixture,present_valid,resize_50pct|recompress_q75,Resized to 50% of original dimensions then Re-saved as JPEG at quality 75,90bf00d031355ecc4d4b1bcab92a8ee8a7de91e8ae73284cd83b300fe56458be,14460,512,341,absent,False,False,False,
39850af8be78,2026-08-30T01:38:29+00:00,local,,CACA.jpg,e735fe9e50057f8280baf96182a38d516a4acfb144da7f1e6aad32de44c76aea,sdk_test_fixture,present_valid,crop_10pct|recompress_q50,Cropped 10% off each border then Re-saved as JPEG at quality 50,485481b4a8f0866753c742f496239e84dcfe79ce68962552f98deaadd4e2ddaa,19740,820,547,absent,False,False,False,
2cc79a7a3da9,2026-08-30T01:38:29+00:00,local,,CACA.jpg,e735fe9e50057f8280baf96182a38d516a4acfb144da7f1e6aad32de44c76aea,sdk_test_fixture,present_valid,metadata_scrub|recompress_q75,EXIF block removed in place (no re-encode) then Re-saved as JPEG at quality 75,9ba820be68c36bd9090eb7d2577ec6362532d7c5b37f693b06521b87aac167f0,32253,1024,683,absent,False,False,False,
bbd12fe9c822,2026-08-30T01:38:29+00:00,local,,CACAE-uri-CA.jpg,66baccd7a155946eec0bcffd1c26a635e462493816414f677baf336989a0482a,sdk_test_fixture,present_valid,none,Untouched original,66baccd7a155946eec0bcffd1c26a635e462493816414f677baf336989a0482a,388188,2048,1365,present_valid,False,False,False,
238932885f54,2026-08-30T01:38:29+00:00,local,,CACAE-uri-CA.jpg,66baccd7a155946eec0bcffd1c26a635e462493816414f677baf336989a0482a,sdk_test_fixture,present_valid,recompress_q95,Re-saved as JPEG at quality 95,6cd9da632c1d42472c8d397f71e039bea9bd25fd1ad9790924f257f09cb19ec7,113131,2048,1365,absent,False,False,False,
7b91435983cf,2026-08-30T01:38:29+00:00,local,,CACAE-uri-CA.jpg,66baccd7a155946eec0bcffd1c26a635e462493816414f677baf336989a0482a,sdk_test_fixture,present_valid,recompress_q75,Re-saved as JPEG at quality 75,f5a70333517d59392fad339cc166649cc249cbd9f3dfca481e52137bc08bd0d9,69270,2048,1365,absent,False,False,False,
9a1477d80e93,2026-08-30T01:38:29+00:00,local,,CACAE-uri-CA.jpg,66baccd7a155946eec0bcffd1c26a635e462493816414f677baf336989a0482a,sdk_test_fixture,present_valid,recompress_q50,Re-saved as JPEG at quality 50,7cd49cf1398114cfde31506d344c46f4ebec18bd231c47c0c15dab7e43f85421,61678,2048,1365,absent,False,False,False,
abd02d069c8c,2026-08-30T01:38:29+00:00,local,,CACAE-uri-CA.jpg,66baccd7a155946eec0bcffd1c26a635e462493816414f677baf336989a0482a,sdk_test_fixture,present_valid,resize_75pct,Resized to 75% of original dimensions,2ed99a9e2548eccec68caa5823af229358744356b5064e8c1c7c045ed546c469,96287,1536,1023,absent,False,False,False,
7f3dfb7c71d5,2026-08-30T01:38:29+00:00,local,,CACAE-uri-CA.jpg,66baccd7a155946eec0bcffd1c26a635e462493816414f677baf336989a0482a,sdk_test_fixture,present_valid,resize_50pct,Resized to 50% of original dimensions,adff07dfc4cdc67a591ba13b499506b1b3e0c385d4909f73ce6e9c7a5b99cae8,50988,1024,682,absent,False,False,False,
a596a3d06414,2026-08-30T01:38:29+00:00,local,,CACAE-uri-CA.jpg,66baccd7a155946eec0bcffd1c26a635e462493816414f677baf336989a0482a,sdk_test_fixture,present_valid,resize_25pct,Resized to 25% of original dimensions,81bebf802db818bb7a0f730d1112edf7ef3da6acf51e1801d9628d0db303d352,18089,512,341,absent,False,False,False,
c8051d80e28a,2026-08-30T01:38:29+00:00,local,,CACAE-uri-CA.jpg,66baccd7a155946eec0bcffd1c26a635e462493816414f677baf336989a0482a,sdk_test_fixture,present_valid,crop_5pct,Cropped 5% off each border,685d0c2fb7ac2442a29852cad0060e6ad11652e621b3f02e1a79e834a5d2360d,131086,1844,1229,absent,False,False,False,
fdbac7cd6665,2026-08-30T01:38:29+00:00,local,,CACAE-uri-CA.jpg,66baccd7a155946eec0bcffd1c26a635e462493816414f677baf336989a0482a,sdk_test_fixture,present_valid,crop_10pct,Cropped 10% off each border,7da34215fa9972b739461693c2a961805d8225f21eb9a0c3d6e19f2826956e4b,81758,1640,1093,absent,False,False,False,
d65d9baae59b,2026-08-30T01:38:29+00:00,local,,CACAE-uri-CA.jpg,66baccd7a155946eec0bcffd1c26a635e462493816414f677baf336989a0482a,sdk_test_fixture,present_valid,crop_25pct,Cropped 25% off each border,50090d27419f4dd23fb378fd09f7c0030e3f72507cae1b7ef78e1434679cc9c3,26664,1024,683,absent,False,False,False,
3e61ab2023c0,2026-08-30T01:38:30+00:00,local,,CACAE-uri-CA.jpg,66baccd7a155946eec0bcffd1c26a635e462493816414f677baf336989a0482a,sdk_test_fixture,present_valid,rotate_90,Rotated 90 degrees,6640732faf0e85599435b54eda361ecf48d508ea4139fce915b2bd3d1a4fb828,113643,1365,2048,absent,False,False,False,
d3fa588a50b2,2026-08-30T01:38:30+00:00,local,,CACAE-uri-CA.jpg,66baccd7a155946eec0bcffd1c26a635e462493816414f677baf336989a0482a,sdk_test_fixture,present_valid,rotate_180,Rotated 180 degrees,693ec9f3494366d22d4f32a677b15ccd0eee20e05215f2e9f7e5daabecc42837,140850,2048,1365,absent,False,False,False,
1f597901a089,2026-08-30T01:38:30+00:00,local,,CACAE-uri-CA.jpg,66baccd7a155946eec0bcffd1c26a635e462493816414f677baf336989a0482a,sdk_test_fixture,present_valid,convert_png_jpeg_png,Converted PNG to JPEG and back to PNG,b5a6085959440e7891631018fb57c632201067720baad686202ad012aed8608f,232908,2048,1365,absent,False,False,False,
ee39d28bdf15,2026-08-30T01:38:30+00:00,local,,CACAE-uri-CA.jpg,66baccd7a155946eec0bcffd1c26a635e462493816414f677baf336989a0482a,sdk_test_fixture,present_valid,screenshot,"Screenshotted (pixels recaptured, container discarded)",9590463e77187a05c413b9d9258e91f87a5f159cb6f7f2541c494bef7cc91807,171617,2048,1365,absent,False,False,False,
9dd04a30c204,2026-08-30T01:38:30+00:00,local,,CACAE-uri-CA.jpg,66baccd7a155946eec0bcffd1c26a635e462493816414f677baf336989a0482a,sdk_test_fixture,present_valid,metadata_scrub,EXIF block removed in place (no re-encode),66baccd7a155946eec0bcffd1c26a635e462493816414f677baf336989a0482a,388188,2048,1365,present_valid,False,False,False,
f8abba10fc4b,2026-08-30T01:38:30+00:00,local,,CACAE-uri-CA.jpg,66baccd7a155946eec0bcffd1c26a635e462493816414f677baf336989a0482a,sdk_test_fixture,present_valid,editor_resave,Opened in an editor and saved (default settings),0bffbd56d865153b492d6f4a961122540369442b19fb9e962f3775a76c59a667,92478,2048,1365,absent,False,False,False,
aba7a5f583c5,2026-08-30T01:38:30+00:00,local,,CACAE-uri-CA.jpg,66baccd7a155946eec0bcffd1c26a635e462493816414f677baf336989a0482a,sdk_test_fixture,present_valid,screenshot|recompress_q75,"Screenshotted (pixels recaptured, container discarded) then Re-saved as JPEG at quality 75",f5a70333517d59392fad339cc166649cc249cbd9f3dfca481e52137bc08bd0d9,69270,2048,1365,absent,False,False,False,
7337648175ed,2026-08-30T01:38:30+00:00,local,,CACAE-uri-CA.jpg,66baccd7a155946eec0bcffd1c26a635e462493816414f677baf336989a0482a,sdk_test_fixture,present_valid,resize_50pct|recompress_q75,Resized to 50% of original dimensions then Re-saved as JPEG at quality 75,ddc886fb2e1639d213cdb54d104d35ef48bfdb86f3a205014f4c3b511bf88019,24073,1024,682,absent,False,False,False,
e3a47168b890,2026-08-30T01:38:30+00:00,local,,CACAE-uri-CA.jpg,66baccd7a155946eec0bcffd1c26a635e462493816414f677baf336989a0482a,sdk_test_fixture,present_valid,crop_10pct|recompress_q50,Cropped 10% off each border then Re-saved as JPEG at quality 50,d573f7be1f3bc17ad4b586ac8fcaba96c1be17ecb06a86b8af8d1e65e97abf6f,37323,1640,1093,absent,False,False,False,
59ca77d99d3c,2026-08-30T01:38:30+00:00,local,,CACAE-uri-CA.jpg,66baccd7a155946eec0bcffd1c26a635e462493816414f677baf336989a0482a,sdk_test_fixture,present_valid,metadata_scrub|recompress_q75,EXIF block removed in place (no re-encode) then Re-saved as JPEG at quality 75,f5a70333517d59392fad339cc166649cc249cbd9f3dfca481e52137bc08bd0d9,69270,2048,1365,absent,False,False,False,
18b2670aaf1d,2026-08-30T01:38:30+00:00,local,,CA_ct.jpg,e7d6cb48303593c0a34de44aadf9b6f4386a8b263c74e76b6c19ea97eb87e853,sdk_test_fixture,present_valid,none,Untouched original,e7d6cb48303593c0a34de44aadf9b6f4386a8b263c74e76b6c19ea97eb87e853,166864,1024,683,present_valid,False,False,False,
7e4720e84a3c,2026-08-30T01:38:30+00:00,local,,CA_ct.jpg,e7d6cb48303593c0a34de44aadf9b6f4386a8b263c74e76b6c19ea97eb87e853,sdk_test_fixture,present_valid,recompress_q95,Re-saved as JPEG at quality 95,a9b218c69f246a5a5684a427dc84108bb17829abb6c2e5257788d623da3469f9,57762,1024,683,absent,False,False,False,
35f95729f234,2026-08-30T01:38:30+00:00,local,,CA_ct.jpg,e7d6cb48303593c0a34de44aadf9b6f4386a8b263c74e76b6c19ea97eb87e853,sdk_test_fixture,present_valid,recompress_q75,Re-saved as JPEG at quality 75,8af8d40d399deb4ac4bb1b1a7a387082095917e080e1fd86cb267acaedab5958,34020,1024,683,absent,False,False,False,
1323227fda72,2026-08-30T01:38:30+00:00,local,,CA_ct.jpg,e7d6cb48303593c0a34de44aadf9b6f4386a8b263c74e76b6c19ea97eb87e853,sdk_test_fixture,present_valid,recompress_q50,Re-saved as JPEG at quality 50,b1ef2fdaac35c87179c53eb0d1ed442279ca7eda6c6f66ccd13ae1cfcc589e15,27866,1024,683,absent,False,False,False,
79dccf3fd80b,2026-08-30T01:38:30+00:00,local,,CA_ct.jpg,e7d6cb48303593c0a34de44aadf9b6f4386a8b263c74e76b6c19ea97eb87e853,sdk_test_fixture,present_valid,resize_75pct,Resized to 75% of original dimensions,a0809ff80c948104432ba3a00b9cb820829c00bfc7da531ffe0b273bf67fbd6c,68251,768,512,absent,False,False,False,
b6909684e851,2026-08-30T01:38:30+00:00,local,,CA_ct.jpg,e7d6cb48303593c0a34de44aadf9b6f4386a8b263c74e76b6c19ea97eb87e853,sdk_test_fixture,present_valid,resize_50pct,Resized to 50% of original dimensions,6b21ab7979ff7b318d5b1360367b3935ab8baed02ef83b03e434b04b6112a046,36649,512,341,absent,False,False,False,
5a5aa2011984,2026-08-30T01:38:30+00:00,local,,CA_ct.jpg,e7d6cb48303593c0a34de44aadf9b6f4386a8b263c74e76b6c19ea97eb87e853,sdk_test_fixture,present_valid,resize_25pct,Resized to 25% of original dimensions,78b46aa3570fb458212bffd4f25ee76728828ab5fbfbc11bec26e764d6b693b7,14123,256,170,absent,False,False,False,
0f6f9956f5eb,2026-08-30T01:38:30+00:00,local,,CA_ct.jpg,e7d6cb48303593c0a34de44aadf9b6f4386a8b263c74e76b6c19ea97eb87e853,sdk_test_fixture,present_valid,crop_5pct,Cropped 5% off each border,08c781ddfd1df62c34221b81fba1349407a581aa333602fa8f8241470ab63290,95093,922,615,absent,False,False,False,
bc5e4efc7ee7,2026-08-30T01:38:30+00:00,local,,CA_ct.jpg,e7d6cb48303593c0a34de44aadf9b6f4386a8b263c74e76b6c19ea97eb87e853,sdk_test_fixture,present_valid,crop_10pct,Cropped 10% off each border,1e5a0c039e4edb3ade0db84fd8eda2bb141f464830b8e3021f657c0dadab70a0,80446,820,547,absent,False,False,False,
a7d45f7586f6,2026-08-30T01:38:30+00:00,local,,CA_ct.jpg,e7d6cb48303593c0a34de44aadf9b6f4386a8b263c74e76b6c19ea97eb87e853,sdk_test_fixture,present_valid,crop_25pct,Cropped 25% off each border,1c90aac767e84359fe4d295ad0168c8dfa91d0c1ca94048d94ee05c09a8ebe43,33682,512,343,absent,False,False,False,
e943d03f26df,2026-08-30T01:38:30+00:00,local,,CA_ct.jpg,e7d6cb48303593c0a34de44aadf9b6f4386a8b263c74e76b6c19ea97eb87e853,sdk_test_fixture,present_valid,rotate_90,Rotated 90 degrees,666cf9a2c8ba5d795eb7df01a07b2074b275c1e892b5e2c260459d35cdd1b1c2,58228,683,1024,absent,False,False,False,
5c4bc481fcd1,2026-08-30T01:38:30+00:00,local,,CA_ct.jpg,e7d6cb48303593c0a34de44aadf9b6f4386a8b263c74e76b6c19ea97eb87e853,sdk_test_fixture,present_valid,rotate_180,Rotated 180 degrees,37c00935d73747c6933cd8a10a6a41c94437c5d0a186144f6d66b33b396ddd96,86228,1024,683,absent,False,False,False,
0da62617e83c,2026-08-30T01:38:30+00:00,local,,CA_ct.jpg,e7d6cb48303593c0a34de44aadf9b6f4386a8b263c74e76b6c19ea97eb87e853,sdk_test_fixture,present_valid,convert_png_jpeg_png,Converted PNG to JPEG and back to PNG,d91633927c5079e8d6402dc465af4ac25069bf0c0f14db3ead37ad22f1c55bcf,315139,1024,683,absent,False,False,False,
3e38caf9f70b,2026-08-30T01:38:30+00:00,local,,CA_ct.jpg,e7d6cb48303593c0a34de44aadf9b6f4386a8b263c74e76b6c19ea97eb87e853,sdk_test_fixture,present_valid,screenshot,"Screenshotted (pixels recaptured, container discarded)",2e3b4d7177bb3cbf079aaee162a5335bc27e801d87b2e041cc75db0dc17c76b1,281235,1024,683,absent,False,False,False,
e9d9f1e7eb8a,2026-08-30T01:38:30+00:00,local,,CA_ct.jpg,e7d6cb48303593c0a34de44aadf9b6f4386a8b263c74e76b6c19ea97eb87e853,sdk_test_fixture,present_valid,metadata_scrub,EXIF block removed in place (no re-encode),e7d6cb48303593c0a34de44aadf9b6f4386a8b263c74e76b6c19ea97eb87e853,166864,1024,683,present_valid,False,False,False,
f6a2394e309e,2026-08-30T01:38:30+00:00,local,,CA_ct.jpg,e7d6cb48303593c0a34de44aadf9b6f4386a8b263c74e76b6c19ea97eb87e853,sdk_test_fixture,present_valid,editor_resave,Opened in an editor and saved (default settings),d942e9ed66b66a0d4258d20a2812fbcba1f59c89bf498f64f58b47f104f27a62,47660,1024,683,absent,False,False,False,
b43c576adfb5,2026-08-30T01:38:30+00:00,local,,CA_ct.jpg,e7d6cb48303593c0a34de44aadf9b6f4386a8b263c74e76b6c19ea97eb87e853,sdk_test_fixture,present_valid,screenshot|recompress_q75,"Screenshotted (pixels recaptured, container discarded) then Re-saved as JPEG at quality 75",8af8d40d399deb4ac4bb1b1a7a387082095917e080e1fd86cb267acaedab5958,34020,1024,683,absent,False,False,False,
a9b999cf4740,2026-08-30T01:38:30+00:00,local,,CA_ct.jpg,e7d6cb48303593c0a34de44aadf9b6f4386a8b263c74e76b6c19ea97eb87e853,sdk_test_fixture,present_valid,resize_50pct|recompress_q75,Resized to 50% of original dimensions then Re-saved as JPEG at quality 75,d8d27f1184486028feffa83e174a15a3cc11f561494e83eaf3807b2cd35b5e68,15423,512,341,absent,False,False,False,
02b6a404bd47,2026-08-30T01:38:30+00:00,local,,CA_ct.jpg,e7d6cb48303593c0a34de44aadf9b6f4386a8b263c74e76b6c19ea97eb87e853,sdk_test_fixture,present_valid,crop_10pct|recompress_q50,Cropped 10% off each border then Re-saved as JPEG at quality 50,410a765fbe9311d836d9a82e77ea9283c1b6d86043ab530e151bd9d75f5d8517,21269,820,547,absent,False,False,False,
62a82e455e16,2026-08-30T01:38:30+00:00,local,,CA_ct.jpg,e7d6cb48303593c0a34de44aadf9b6f4386a8b263c74e76b6c19ea97eb87e853,sdk_test_fixture,present_valid,metadata_scrub|recompress_q75,EXIF block removed in place (no re-encode) then Re-saved as JPEG at quality 75,8af8d40d399deb4ac4bb1b1a7a387082095917e080e1fd86cb267acaedab5958,34020,1024,683,absent,False,False,False,
fa3cd77b5b56,2026-08-30T01:38:30+00:00,local,,CIE-sig-CA.jpg,0c343c0f7c07ff6a1e8a0ec3d69d79fe2990d72450e778702e0fdae6458206c5,sdk_test_fixture,present_valid,none,Untouched original,0c343c0f7c07ff6a1e8a0ec3d69d79fe2990d72450e778702e0fdae6458206c5,354543,2048,1365,present_valid,False,False,False,
63e5a46484a5,2026-08-30T01:38:30+00:00,local,,CIE-sig-CA.jpg,0c343c0f7c07ff6a1e8a0ec3d69d79fe2990d72450e778702e0fdae6458206c5,sdk_test_fixture,present_valid,recompress_q95,Re-saved as JPEG at quality 95,35c3142779f735b7bd89d375967da14851c4a20a9d442f28bbd36e5e9fd7f687,134142,2048,1365,absent,False,False,False,
c1791a8ebb0c,2026-08-30T01:38:30+00:00,local,,CIE-sig-CA.jpg,0c343c0f7c07ff6a1e8a0ec3d69d79fe2990d72450e778702e0fdae6458206c5,sdk_test_fixture,present_valid,recompress_q75,Re-saved as JPEG at quality 75,8cc7e4fc953972817ddc557ec147ea8cd449c78544c822d2fff949817fdc4a27,80789,2048,1365,absent,False,False,False,
16354af44ffb,2026-08-30T01:38:30+00:00,local,,CIE-sig-CA.jpg,0c343c0f7c07ff6a1e8a0ec3d69d79fe2990d72450e778702e0fdae6458206c5,sdk_test_fixture,present_valid,recompress_q50,Re-saved as JPEG at quality 50,0f74eac4f125fd9318f3d48976e7a08fe011e811a541d4a10d6fd4a8339d4463,70243,2048,1365,absent,False,False,False,
b7e9df1c4160,2026-08-30T01:38:30+00:00,local,,CIE-sig-CA.jpg,0c343c0f7c07ff6a1e8a0ec3d69d79fe2990d72450e778702e0fdae6458206c5,sdk_test_fixture,present_valid,resize_75pct,Resized to 75% of original dimensions,6fd5ca1caef74cccc102f159412875a77d1944e5c154159781df60f7391ec9a7,121036,1536,1023,absent,False,False,False,
10bd27a62622,2026-08-30T01:38:30+00:00,local,,CIE-sig-CA.jpg,0c343c0f7c07ff6a1e8a0ec3d69d79fe2990d72450e778702e0fdae6458206c5,sdk_test_fixture,present_valid,resize_50pct,Resized to 50% of original dimensions,040a119e8df3292e01b1a1af9c5fbf7a113584a4a514479a26c06d37ff41ae7c,64308,1024,682,absent,False,False,False,
c2a66360d758,2026-08-30T01:38:30+00:00,local,,CIE-sig-CA.jpg,0c343c0f7c07ff6a1e8a0ec3d69d79fe2990d72450e778702e0fdae6458206c5,sdk_test_fixture,present_valid,resize_25pct,Resized to 25% of original dimensions,eba6d1d71c21d9058c9f8e522f0cab39323cf193df01f04b7e9af498a2df6931,23956,512,341,absent,False,False,False,
42af4f220546,2026-08-30T01:38:30+00:00,local,,CIE-sig-CA.jpg,0c343c0f7c07ff6a1e8a0ec3d69d79fe2990d72450e778702e0fdae6458206c5,sdk_test_fixture,present_valid,crop_5pct,Cropped 5% off each border,719ab29243620ce0ca72dd996d809e0fba700eadfba553d77db7e8f8d2229833,167627,1844,1229,absent,False,False,False,
4c96838cb2dd,2026-08-30T01:38:30+00:00,local,,CIE-sig-CA.jpg,0c343c0f7c07ff6a1e8a0ec3d69d79fe2990d72450e778702e0fdae6458206c5,sdk_test_fixture,present_valid,crop_10pct,Cropped 10% off each border,7c98b25d3f7e60cf4affd7c10d73fba99ff0be7ca954c754e8777f00602a8a43,119475,1640,1093,absent,False,False,False,
62e4b708913c,2026-08-30T01:38:30+00:00,local,,CIE-sig-CA.jpg,0c343c0f7c07ff6a1e8a0ec3d69d79fe2990d72450e778702e0fdae6458206c5,sdk_test_fixture,present_valid,crop_25pct,Cropped 25% off each border,8aa1646b288084feda8d0aba021391d473331406feaf9925a071861e92b910b1,47253,1024,683,absent,False,False,False,
acf1efe667b1,2026-08-30T01:38:30+00:00,local,,CIE-sig-CA.jpg,0c343c0f7c07ff6a1e8a0ec3d69d79fe2990d72450e778702e0fdae6458206c5,sdk_test_fixture,present_valid,rotate_90,Rotated 90 degrees,5352431cdee90f9b650f85364e279cbe075c013a1c29c5eba3db8254d2e1dafc,134588,1365,2048,absent,False,False,False,
e4e42db749da,2026-08-30T01:38:30+00:00,local,,CIE-sig-CA.jpg,0c343c0f7c07ff6a1e8a0ec3d69d79fe2990d72450e778702e0fdae6458206c5,sdk_test_fixture,present_valid,rotate_180,Rotated 180 degrees,6f00dda4be2b4215661857303223314382a1c496a1ee1f84c5968900da9dd315,168850,2048,1365,absent,False,False,False,
79e51e2ff36f,2026-08-30T01:38:30+00:00,local,,CIE-sig-CA.jpg,0c343c0f7c07ff6a1e8a0ec3d69d79fe2990d72450e778702e0fdae6458206c5,sdk_test_fixture,present_valid,convert_png_jpeg_png,Converted PNG to JPEG and back to PNG,d3af8a7cdb1cb66988faa08a9b7009252797a1be369032321e4db5ecbcc38a77,413852,2048,1365,absent,False,False,False,
01fdb4f12a54,2026-08-30T01:38:31+00:00,local,,CIE-sig-CA.jpg,0c343c0f7c07ff6a1e8a0ec3d69d79fe2990d72450e778702e0fdae6458206c5,sdk_test_fixture,present_valid,screenshot,"Screenshotted (pixels recaptured, container discarded)",ee82705f4aee801a52d44ab11d03c767573bebb32ef41560e007b32476b28c05,357374,2048,1365,absent,False,False,False,
135ae75ddd43,2026-08-30T01:38:31+00:00,local,,CIE-sig-CA.jpg,0c343c0f7c07ff6a1e8a0ec3d69d79fe2990d72450e778702e0fdae6458206c5,sdk_test_fixture,present_valid,metadata_scrub,EXIF block removed in place (no re-encode),0c343c0f7c07ff6a1e8a0ec3d69d79fe2990d72450e778702e0fdae6458206c5,354543,2048,1365,present_valid,False,False,False,
83fef9a94b01,2026-08-30T01:38:31+00:00,local,,CIE-sig-CA.jpg,0c343c0f7c07ff6a1e8a0ec3d69d79fe2990d72450e778702e0fdae6458206c5,sdk_test_fixture,present_valid,editor_resave,Opened in an editor and saved (default settings),3199c1588018e137a50d1ebff262713a64623efaca226b5de3b03dbde3827bbf,109058,2048,1365,absent,False,False,False,
3d2b4619dcac,2026-08-30T01:38:31+00:00,local,,CIE-sig-CA.jpg,0c343c0f7c07ff6a1e8a0ec3d69d79fe2990d72450e778702e0fdae6458206c5,sdk_test_fixture,present_valid,screenshot|recompress_q75,"Screenshotted (pixels recaptured, container discarded) then Re-saved as JPEG at quality 75",8cc7e4fc953972817ddc557ec147ea8cd449c78544c822d2fff949817fdc4a27,80789,2048,1365,absent,False,False,False,
c868afe5baa9,2026-08-30T01:38:31+00:00,local,,CIE-sig-CA.jpg,0c343c0f7c07ff6a1e8a0ec3d69d79fe2990d72450e778702e0fdae6458206c5,sdk_test_fixture,present_valid,resize_50pct|recompress_q75,Resized to 50% of original dimensions then Re-saved as JPEG at quality 75,affc4c7377bb7b97e2395f78b9e7d996b9ff78101173cd55f745d9ac60439a78,29480,1024,682,absent,False,False,False,
7ee9842bcb84,2026-08-30T01:38:31+00:00,local,,CIE-sig-CA.jpg,0c343c0f7c07ff6a1e8a0ec3d69d79fe2990d72450e778702e0fdae6458206c5,sdk_test_fixture,present_valid,crop_10pct|recompress_q50,Cropped 10% off each border then Re-saved as JPEG at quality 50,f1e1be18436145c4d7dd68481da6d94a76a4b248b7156d91516fac7d30ec0dbb,46301,1640,1093,absent,False,False,False,
d4d49d545a7f,2026-08-30T01:38:31+00:00,local,,CIE-sig-CA.jpg,0c343c0f7c07ff6a1e8a0ec3d69d79fe2990d72450e778702e0fdae6458206c5,sdk_test_fixture,present_valid,metadata_scrub|recompress_q75,EXIF block removed in place (no re-encode) then Re-saved as JPEG at quality 75,8cc7e4fc953972817ddc557ec147ea8cd449c78544c822d2fff949817fdc4a27,80789,2048,1365,absent,False,False,False,
dc13150fecce,2026-08-30T01:38:31+00:00,local,,C_with_CAWG_data.jpg,fa0b257c863cb5b367135a017813ce0c1fbfc690a03e94acdd047c25c2d1ed46,sdk_test_fixture,present_valid,none,Untouched original,fa0b257c863cb5b367135a017813ce0c1fbfc690a03e94acdd047c25c2d1ed46,139636,2048,1365,present_valid,False,False,False,
55fd72842448,2026-08-30T01:38:31+00:00,local,,C_with_CAWG_data.jpg,fa0b257c863cb5b367135a017813ce0c1fbfc690a03e94acdd047c25c2d1ed46,sdk_test_fixture,present_valid,recompress_q95,Re-saved as JPEG at quality 95,60a87274baef7bf749c156aeaad7b0570b82f69b79fd1db2f32dd6a7d36b8c77,81005,2048,1365,absent,False,False,False,
bb8ac75cb75d,2026-08-30T01:38:31+00:00,local,,C_with_CAWG_data.jpg,fa0b257c863cb5b367135a017813ce0c1fbfc690a03e94acdd047c25c2d1ed46,sdk_test_fixture,present_valid,recompress_q75,Re-saved as JPEG at quality 75,cfa6efffd69d1d46c68883e490657fa95955a6d024565a7faecb5c0ed7946463,53367,2048,1365,absent,False,False,False,
2077e295b458,2026-08-30T01:38:31+00:00,local,,C_with_CAWG_data.jpg,fa0b257c863cb5b367135a017813ce0c1fbfc690a03e94acdd047c25c2d1ed46,sdk_test_fixture,present_valid,recompress_q50,Re-saved as JPEG at quality 50,4194fffb2ea4c55daa9b000b6ee6d1266c428128ee9772befb0b3ab429106953,49795,2048,1365,absent,False,False,False,
3b4a1b128d32,2026-08-30T01:38:31+00:00,local,,C_with_CAWG_data.jpg,fa0b257c863cb5b367135a017813ce0c1fbfc690a03e94acdd047c25c2d1ed46,sdk_test_fixture,present_valid,resize_75pct,Resized to 75% of original dimensions,87ca7c8eef7822703d1e89829dd89a50bf1dda2212dc97235f6c69576f3dc739,79325,1536,1023,absent,False,False,False,
c700fc32c0bb,2026-08-30T01:38:31+00:00,local,,C_with_CAWG_data.jpg,fa0b257c863cb5b367135a017813ce0c1fbfc690a03e94acdd047c25c2d1ed46,sdk_test_fixture,present_valid,resize_50pct,Resized to 50% of original dimensions,c99f8d0f8003096386d91896efbf2e1b4c05a95039c9d173583eda16f69308d2,40022,1024,682,absent,False,False,False,
11b53c90b0ee,2026-08-30T01:38:31+00:00,local,,C_with_CAWG_data.jpg,fa0b257c863cb5b367135a017813ce0c1fbfc690a03e94acdd047c25c2d1ed46,sdk_test_fixture,present_valid,resize_25pct,Resized to 25% of original dimensions,d2322e167f4713a82dcd17d1a630563f3e445c667b9518d37bd30720d3ea00fb,13873,512,341,absent,False,False,False,
8d79f8f8bacc,2026-08-30T01:38:31+00:00,local,,C_with_CAWG_data.jpg,fa0b257c863cb5b367135a017813ce0c1fbfc690a03e94acdd047c25c2d1ed46,sdk_test_fixture,present_valid,crop_5pct,Cropped 5% off each border,b70ecdb79363b69036e746c88fed708761a93b6cb77b8b1aa655c6786f73e4e9,112062,1844,1229,absent,False,False,False,
c2300a87d34c,2026-08-30T01:38:31+00:00,local,,C_with_CAWG_data.jpg,fa0b257c863cb5b367135a017813ce0c1fbfc690a03e94acdd047c25c2d1ed46,sdk_test_fixture,present_valid,crop_10pct,Cropped 10% off each border,8d51296ebf2907c4daeb8d8d707d3b3cbb984b15305cbbb784b569fe2a447f7d,71576,1640,1093,absent,False,False,False,
3c643b6266ab,2026-08-30T01:38:32+00:00,local,,C_with_CAWG_data.jpg,fa0b257c863cb5b367135a017813ce0c1fbfc690a03e94acdd047c25c2d1ed46,sdk_test_fixture,present_valid,crop_25pct,Cropped 25% off each border,7cc427d30589179eea69ec17da9ea48e705c7f7c1d2fe87a535822ca8f3e9f38,28210,1024,683,absent,False,False,False,
1ebd56a92756,2026-08-30T01:38:32+00:00,local,,C_with_CAWG_data.jpg,fa0b257c863cb5b367135a017813ce0c1fbfc690a03e94acdd047c25c2d1ed46,sdk_test_fixture,present_valid,rotate_90,Rotated 90 degrees,42f220b7a617194aac4caa9cc2e0b76c43bc23547e6d7e63591f1e3a97fc7c21,83926,1365,2048,absent,False,False,False,
1a370eede630,2026-08-30T01:38:32+00:00,local,,C_with_CAWG_data.jpg,fa0b257c863cb5b367135a017813ce0c1fbfc690a03e94acdd047c25c2d1ed46,sdk_test_fixture,present_valid,rotate_180,Rotated 180 degrees,355292cc44d5a80314c9327c1b218c683d1f82d6fbd4cb7a9f5d350c309a150f,106698,2048,1365,absent,False,False,False,
729e5a0a44b1,2026-08-30T01:38:32+00:00,local,,C_with_CAWG_data.jpg,fa0b257c863cb5b367135a017813ce0c1fbfc690a03e94acdd047c25c2d1ed46,sdk_test_fixture,present_valid,convert_png_jpeg_png,Converted PNG to JPEG and back to PNG,902b443ed232c6c3d769873686bb5fa789c9964723331f3de9c836e33b95e606,116152,2048,1365,absent,False,False,False,
fb3c2001d905,2026-08-30T01:38:32+00:00,local,,C_with_CAWG_data.jpg,fa0b257c863cb5b367135a017813ce0c1fbfc690a03e94acdd047c25c2d1ed46,sdk_test_fixture,present_valid,screenshot,"Screenshotted (pixels recaptured, container discarded)",d3e0a85ed26b6127822a2509c8430ccf82ba8b52d41a7951301493dd165c7b67,39310,2048,1365,absent,False,False,False,
0d28a32880bf,2026-08-30T01:38:32+00:00,local,,C_with_CAWG_data.jpg,fa0b257c863cb5b367135a017813ce0c1fbfc690a03e94acdd047c25c2d1ed46,sdk_test_fixture,present_valid,metadata_scrub,EXIF block removed in place (no re-encode),fa0b257c863cb5b367135a017813ce0c1fbfc690a03e94acdd047c25c2d1ed46,139636,2048,1365,present_valid,False,False,False,
114fd02c0043,2026-08-30T01:38:32+00:00,local,,C_with_CAWG_data.jpg,fa0b257c863cb5b367135a017813ce0c1fbfc690a03e94acdd047c25c2d1ed46,sdk_test_fixture,present_valid,editor_resave,Opened in an editor and saved (default settings),dc829e9dcdf5fcf9e45d4544077e156f090ffbc816bbdfb929caebc97dcfdb1b,67191,2048,1365,absent,False,False,False,
71174e441fb1,2026-08-30T01:38:32+00:00,local,,C_with_CAWG_data.jpg,fa0b257c863cb5b367135a017813ce0c1fbfc690a03e94acdd047c25c2d1ed46,sdk_test_fixture,present_valid,screenshot|recompress_q75,"Screenshotted (pixels recaptured, container discarded) then Re-saved as JPEG at quality 75",cfa6efffd69d1d46c68883e490657fa95955a6d024565a7faecb5c0ed7946463,53367,2048,1365,absent,False,False,False,
8da9b8944b4b,2026-08-30T01:38:32+00:00,local,,C_with_CAWG_data.jpg,fa0b257c863cb5b367135a017813ce0c1fbfc690a03e94acdd047c25c2d1ed46,sdk_test_fixture,present_valid,resize_50pct|recompress_q75,Resized to 50% of original dimensions then Re-saved as JPEG at quality 75,b1c29c9ba892496e607c6af3334164e137eb65a7f539c713ba5358444d8eea06,18436,1024,682,absent,False,False,False,
0af58b67c047,2026-08-30T01:38:32+00:00,local,,C_with_CAWG_data.jpg,fa0b257c863cb5b367135a017813ce0c1fbfc690a03e94acdd047c25c2d1ed46,sdk_test_fixture,present_valid,crop_10pct|recompress_q50,Cropped 10% off each border then Re-saved as JPEG at quality 50,ea550cb751c176711d97fb740e0a929205a3f08c04a00f4bceea260f027df9de,31761,1640,1093,absent,False,False,False,
01377ec14ba1,2026-08-30T01:38:32+00:00,local,,C_with_CAWG_data.jpg,fa0b257c863cb5b367135a017813ce0c1fbfc690a03e94acdd047c25c2d1ed46,sdk_test_fixture,present_valid,metadata_scrub|recompress_q75,EXIF block removed in place (no re-encode) then Re-saved as JPEG at quality 75,cfa6efffd69d1d46c68883e490657fa95955a6d024565a7faecb5c0ed7946463,53367,2048,1365,absent,False,False,False,
3db8857e492e,2026-08-30T01:38:32+00:00,local,,E-sig-CA.jpg,20dc072a4c843d3b7d7cb4f4002fbb4d8f20d7ee859ca726f2458c1e0358a98c,sdk_test_fixture,present_invalid,none,Untouched original,20dc072a4c843d3b7d7cb4f4002fbb4d8f20d7ee859ca726f2458c1e0358a98c,166864,1024,683,present_invalid,False,False,False,
c65ac9a8a450,2026-08-30T01:38:32+00:00,local,,E-sig-CA.jpg,20dc072a4c843d3b7d7cb4f4002fbb4d8f20d7ee859ca726f2458c1e0358a98c,sdk_test_fixture,present_invalid,recompress_q95,Re-saved as JPEG at quality 95,a9b218c69f246a5a5684a427dc84108bb17829abb6c2e5257788d623da3469f9,57762,1024,683,absent,False,False,False,
122bc2af83b9,2026-08-30T01:38:33+00:00,local,,E-sig-CA.jpg,20dc072a4c843d3b7d7cb4f4002fbb4d8f20d7ee859ca726f2458c1e0358a98c,sdk_test_fixture,present_invalid,recompress_q75,Re-saved as JPEG at quality 75,8af8d40d399deb4ac4bb1b1a7a387082095917e080e1fd86cb267acaedab5958,34020,1024,683,absent,False,False,False,
bce64dfc77db,2026-08-30T01:38:33+00:00,local,,E-sig-CA.jpg,20dc072a4c843d3b7d7cb4f4002fbb4d8f20d7ee859ca726f2458c1e0358a98c,sdk_test_fixture,present_invalid,recompress_q50,Re-saved as JPEG at quality 50,b1ef2fdaac35c87179c53eb0d1ed442279ca7eda6c6f66ccd13ae1cfcc589e15,27866,1024,683,absent,False,False,False,
f5e2340e7d96,2026-08-30T01:38:33+00:00,local,,E-sig-CA.jpg,20dc072a4c843d3b7d7cb4f4002fbb4d8f20d7ee859ca726f2458c1e0358a98c,sdk_test_fixture,present_invalid,resize_75pct,Resized to 75% of original dimensions,a0809ff80c948104432ba3a00b9cb820829c00bfc7da531ffe0b273bf67fbd6c,68251,768,512,absent,False,False,False,
d675502a3da1,2026-08-30T01:38:33+00:00,local,,E-sig-CA.jpg,20dc072a4c843d3b7d7cb4f4002fbb4d8f20d7ee859ca726f2458c1e0358a98c,sdk_test_fixture,present_invalid,resize_50pct,Resized to 50% of original dimensions,6b21ab7979ff7b318d5b1360367b3935ab8baed02ef83b03e434b04b6112a046,36649,512,341,absent,False,False,False,
160d14d29bde,2026-08-30T01:38:33+00:00,local,,E-sig-CA.jpg,20dc072a4c843d3b7d7cb4f4002fbb4d8f20d7ee859ca726f2458c1e0358a98c,sdk_test_fixture,present_invalid,resize_25pct,Resized to 25% of original dimensions,78b46aa3570fb458212bffd4f25ee76728828ab5fbfbc11bec26e764d6b693b7,14123,256,170,absent,False,False,False,
fd2f0421f84c,2026-08-30T01:38:33+00:00,local,,E-sig-CA.jpg,20dc072a4c843d3b7d7cb4f4002fbb4d8f20d7ee859ca726f2458c1e0358a98c,sdk_test_fixture,present_invalid,crop_5pct,Cropped 5% off each border,08c781ddfd1df62c34221b81fba1349407a581aa333602fa8f8241470ab63290,95093,922,615,absent,False,False,False,
c97d445c5952,2026-08-30T01:38:33+00:00,local,,E-sig-CA.jpg,20dc072a4c843d3b7d7cb4f4002fbb4d8f20d7ee859ca726f2458c1e0358a98c,sdk_test_fixture,present_invalid,crop_10pct,Cropped 10% off each border,1e5a0c039e4edb3ade0db84fd8eda2bb141f464830b8e3021f657c0dadab70a0,80446,820,547,absent,False,False,False,
51b87b19b5b3,2026-08-30T01:38:33+00:00,local,,E-sig-CA.jpg,20dc072a4c843d3b7d7cb4f4002fbb4d8f20d7ee859ca726f2458c1e0358a98c,sdk_test_fixture,present_invalid,crop_25pct,Cropped 25% off each border,1c90aac767e84359fe4d295ad0168c8dfa91d0c1ca94048d94ee05c09a8ebe43,33682,512,343,absent,False,False,False,
a19fe4730214,2026-08-30T01:38:33+00:00,local,,E-sig-CA.jpg,20dc072a4c843d3b7d7cb4f4002fbb4d8f20d7ee859ca726f2458c1e0358a98c,sdk_test_fixture,present_invalid,rotate_90,Rotated 90 degrees,666cf9a2c8ba5d795eb7df01a07b2074b275c1e892b5e2c260459d35cdd1b1c2,58228,683,1024,absent,False,False,False,
c3cfda70f625,2026-08-30T01:38:33+00:00,local,,E-sig-CA.jpg,20dc072a4c843d3b7d7cb4f4002fbb4d8f20d7ee859ca726f2458c1e0358a98c,sdk_test_fixture,present_invalid,rotate_180,Rotated 180 degrees,37c00935d73747c6933cd8a10a6a41c94437c5d0a186144f6d66b33b396ddd96,86228,1024,683,absent,False,False,False,
158e30f1e900,2026-08-30T01:38:33+00:00,local,,E-sig-CA.jpg,20dc072a4c843d3b7d7cb4f4002fbb4d8f20d7ee859ca726f2458c1e0358a98c,sdk_test_fixture,present_invalid,convert_png_jpeg_png,Converted PNG to JPEG and back to PNG,d91633927c5079e8d6402dc465af4ac25069bf0c0f14db3ead37ad22f1c55bcf,315139,1024,683,absent,False,False,False,
115daed56eba,2026-08-30T01:38:33+00:00,local,,E-sig-CA.jpg,20dc072a4c843d3b7d7cb4f4002fbb4d8f20d7ee859ca726f2458c1e0358a98c,sdk_test_fixture,present_invalid,screenshot,"Screenshotted (pixels recaptured, container discarded)",2e3b4d7177bb3cbf079aaee162a5335bc27e801d87b2e041cc75db0dc17c76b1,281235,1024,683,absent,False,False,False,
99650e3288b3,2026-08-30T01:38:33+00:00,local,,E-sig-CA.jpg,20dc072a4c843d3b7d7cb4f4002fbb4d8f20d7ee859ca726f2458c1e0358a98c,sdk_test_fixture,present_invalid,metadata_scrub,EXIF block removed in place (no re-encode),20dc072a4c843d3b7d7cb4f4002fbb4d8f20d7ee859ca726f2458c1e0358a98c,166864,1024,683,present_invalid,False,False,False,
2a3522b8f795,2026-08-30T01:38:33+00:00,local,,E-sig-CA.jpg,20dc072a4c843d3b7d7cb4f4002fbb4d8f20d7ee859ca726f2458c1e0358a98c,sdk_test_fixture,present_invalid,editor_resave,Opened in an editor and saved (default settings),d942e9ed66b66a0d4258d20a2812fbcba1f59c89bf498f64f58b47f104f27a62,47660,1024,683,absent,False,False,False,
677245e4e5a5,2026-08-30T01:38:33+00:00,local,,E-sig-CA.jpg,20dc072a4c843d3b7d7cb4f4002fbb4d8f20d7ee859ca726f2458c1e0358a98c,sdk_test_fixture,present_invalid,screenshot|recompress_q75,"Screenshotted (pixels recaptured, container discarded) then Re-saved as JPEG at quality 75",8af8d40d399deb4ac4bb1b1a7a387082095917e080e1fd86cb267acaedab5958,34020,1024,683,absent,False,False,False,
d3593e9059f4,2026-08-30T01:38:33+00:00,local,,E-sig-CA.jpg,20dc072a4c843d3b7d7cb4f4002fbb4d8f20d7ee859ca726f2458c1e0358a98c,sdk_test_fixture,present_invalid,resize_50pct|recompress_q75,Resized to 50% of original dimensions then Re-saved as JPEG at quality 75,d8d27f1184486028feffa83e174a15a3cc11f561494e83eaf3807b2cd35b5e68,15423,512,341,absent,False,False,False,
9bbd7be6ce56,2026-08-30T01:38:33+00:00,local,,E-sig-CA.jpg,20dc072a4c843d3b7d7cb4f4002fbb4d8f20d7ee859ca726f2458c1e0358a98c,sdk_test_fixture,present_invalid,crop_10pct|recompress_q50,Cropped 10% off each border then Re-saved as JPEG at quality 50,410a765fbe9311d836d9a82e77ea9283c1b6d86043ab530e151bd9d75f5d8517,21269,820,547,absent,False,False,False,
182acf425208,2026-08-30T01:38:33+00:00,local,,E-sig-CA.jpg,20dc072a4c843d3b7d7cb4f4002fbb4d8f20d7ee859ca726f2458c1e0358a98c,sdk_test_fixture,present_invalid,metadata_scrub|recompress_q75,EXIF block removed in place (no re-encode) then Re-saved as JPEG at quality 75,8af8d40d399deb4ac4bb1b1a7a387082095917e080e1fd86cb267acaedab5958,34020,1024,683,absent,False,False,False,
679780821098,2026-08-30T01:38:33+00:00,local,,IMG_0003.jpg,f999fd78bfe8a83c96e468a078830ba94485bc1bc6fd086fb94a43bd29dd0f23,sdk_test_fixture,absent,none,Untouched original,f999fd78bfe8a83c96e468a078830ba94485bc1bc6fd086fb94a43bd29dd0f23,61720,1024,683,absent,False,True,True,
39386fcb0a4a,2026-08-30T01:38:33+00:00,local,,IMG_0003.jpg,f999fd78bfe8a83c96e468a078830ba94485bc1bc6fd086fb94a43bd29dd0f23,sdk_test_fixture,absent,recompress_q95,Re-saved as JPEG at quality 95,cd275dd0a66937d08be448c1749592dd160e718590e20eee0e72bcf93b104850,58728,1024,683,absent,False,False,False,
11f7d2d8f258,2026-08-30T01:38:33+00:00,local,,IMG_0003.jpg,f999fd78bfe8a83c96e468a078830ba94485bc1bc6fd086fb94a43bd29dd0f23,sdk_test_fixture,absent,recompress_q75,Re-saved as JPEG at quality 75,933c16f92cc3cdd88dc15812e020ae327e54f94ddd3eafe2182a0aa08e6d9b2a,34130,1024,683,absent,False,False,False,
d917502db52f,2026-08-30T01:38:33+00:00,local,,IMG_0003.jpg,f999fd78bfe8a83c96e468a078830ba94485bc1bc6fd086fb94a43bd29dd0f23,sdk_test_fixture,absent,recompress_q50,Re-saved as JPEG at quality 50,8bc0781fe3ea302ee5eab70cebfadebb73722c276d99139c75a3d7c3a4596a1d,27766,1024,683,absent,False,False,False,
01d52dfda40a,2026-08-30T01:38:33+00:00,local,,IMG_0003.jpg,f999fd78bfe8a83c96e468a078830ba94485bc1bc6fd086fb94a43bd29dd0f23,sdk_test_fixture,absent,resize_75pct,Resized to 75% of original dimensions,b1adb035c903b1e00e07c57088a94658f30345e80078e29fa9999c588fc86a08,68114,768,512,absent,False,False,False,
e8e33f7a6991,2026-08-30T01:38:33+00:00,local,,IMG_0003.jpg,f999fd78bfe8a83c96e468a078830ba94485bc1bc6fd086fb94a43bd29dd0f23,sdk_test_fixture,absent,resize_50pct,Resized to 50% of original dimensions,c059127dfe517f615c143bd180e7287d61fe7f71bf074d09c57325532a1a7047,37026,512,341,absent,False,False,False,
14d1ad74045a,2026-08-30T01:38:33+00:00,local,,IMG_0003.jpg,f999fd78bfe8a83c96e468a078830ba94485bc1bc6fd086fb94a43bd29dd0f23,sdk_test_fixture,absent,resize_25pct,Resized to 25% of original dimensions,0a66b8336e299c3b5d56401980d5b243e9a891da5045275dd002e5d390d9a5d5,14316,256,170,absent,False,False,False,
ec2237120daf,2026-08-30T01:38:33+00:00,local,,IMG_0003.jpg,f999fd78bfe8a83c96e468a078830ba94485bc1bc6fd086fb94a43bd29dd0f23,sdk_test_fixture,absent,crop_5pct,Cropped 5% off each border,3b7a90fdee2338b65af6d3f17ddac42cbe9107cf1541d5991f200b0cbd7c7e05,94714,922,615,absent,False,False,False,
556e1d04cbd3,2026-08-30T01:38:33+00:00,local,,IMG_0003.jpg,f999fd78bfe8a83c96e468a078830ba94485bc1bc6fd086fb94a43bd29dd0f23,sdk_test_fixture,absent,crop_10pct,Cropped 10% off each border,3c62650ef90d1e3412be07868f8832199377385300d3ec7ef21dae908891d291,80240,820,547,absent,False,False,False,
fc6713d1d6ff,2026-08-30T01:38:33+00:00,local,,IMG_0003.jpg,f999fd78bfe8a83c96e468a078830ba94485bc1bc6fd086fb94a43bd29dd0f23,sdk_test_fixture,absent,crop_25pct,Cropped 25% off each border,eba49da737fa1f8a7ecf6908682d764878342427521dfb4c4179f1a6b0d90d08,33717,512,343,absent,False,False,False,
465ad26651b4,2026-08-30T01:38:33+00:00,local,,IMG_0003.jpg,f999fd78bfe8a83c96e468a078830ba94485bc1bc6fd086fb94a43bd29dd0f23,sdk_test_fixture,absent,rotate_90,Rotated 90 degrees,36e8638b82ec378de958e9f453743192909def1e2b8a8db3ab08375fad416441,57840,683,1024,absent,False,False,False,
348963cbcfe1,2026-08-30T01:38:33+00:00,local,,IMG_0003.jpg,f999fd78bfe8a83c96e468a078830ba94485bc1bc6fd086fb94a43bd29dd0f23,sdk_test_fixture,absent,rotate_180,Rotated 180 degrees,d5add8f787825f66991502baddc3a7f1b067fafce13e3351d12ea6208f8d69e6,85893,1024,683,absent,False,False,False,
fd43f1bae877,2026-08-30T01:38:33+00:00,local,,IMG_0003.jpg,f999fd78bfe8a83c96e468a078830ba94485bc1bc6fd086fb94a43bd29dd0f23,sdk_test_fixture,absent,convert_png_jpeg_png,Converted PNG to JPEG and back to PNG,211170190d4f5b44a0cf4c85321ed4fbff875af1c4710016b76b536268505cd6,309336,1024,683,absent,False,False,False,
654f51f7aff5,2026-08-30T01:38:33+00:00,local,,IMG_0003.jpg,f999fd78bfe8a83c96e468a078830ba94485bc1bc6fd086fb94a43bd29dd0f23,sdk_test_fixture,absent,screenshot,"Screenshotted (pixels recaptured, container discarded)",d77b7a0f857bf5b3b689fb4fc64e6723b03072b49f40d24edd86311a7d101074,305014,1024,683,absent,False,False,False,
3309bce601c5,2026-08-30T01:38:33+00:00,local,,IMG_0003.jpg,f999fd78bfe8a83c96e468a078830ba94485bc1bc6fd086fb94a43bd29dd0f23,sdk_test_fixture,absent,metadata_scrub,EXIF block removed in place (no re-encode),3d48fc8aea69de8c769a9984e4e1d57f5a72842c70c5931d2d9e4b982a3a1c17,50814,1024,683,absent,False,False,True,
326d8ed82d5f,2026-08-30T01:38:33+00:00,local,,IMG_0003.jpg,f999fd78bfe8a83c96e468a078830ba94485bc1bc6fd086fb94a43bd29dd0f23,sdk_test_fixture,absent,editor_resave,Opened in an editor and saved (default settings),8eb621b04d4f02d2a22d59fe63c98a431e6499e8d3e7ee6e319326cb61e19652,46847,1024,683,absent,False,False,False,
b3a0cbdaa82a,2026-08-30T01:38:33+00:00,local,,IMG_0003.jpg,f999fd78bfe8a83c96e468a078830ba94485bc1bc6fd086fb94a43bd29dd0f23,sdk_test_fixture,absent,screenshot|recompress_q75,"Screenshotted (pixels recaptured, container discarded) then Re-saved as JPEG at quality 75",933c16f92cc3cdd88dc15812e020ae327e54f94ddd3eafe2182a0aa08e6d9b2a,34130,1024,683,absent,False,False,False,
bd5a4c5fd5c5,2026-08-30T01:38:33+00:00,local,,IMG_0003.jpg,f999fd78bfe8a83c96e468a078830ba94485bc1bc6fd086fb94a43bd29dd0f23,sdk_test_fixture,absent,resize_50pct|recompress_q75,Resized to 50% of original dimensions then Re-saved as JPEG at quality 75,1a42c09d3d3ca32ec9fc7924741bf9ec970f0abb0a66c76b0ec23df0b5565575,15737,512,341,absent,False,False,False,
66083cdbf72f,2026-08-30T01:38:33+00:00,local,,IMG_0003.jpg,f999fd78bfe8a83c96e468a078830ba94485bc1bc6fd086fb94a43bd29dd0f23,sdk_test_fixture,absent,crop_10pct|recompress_q50,Cropped 10% off each border then Re-saved as JPEG at quality 50,8ef9da481b839f9bb6dc577b8b3500723204e16c77a9d964dab146350452057b,21555,820,547,absent,False,False,False,
3d91d1569f8d,2026-08-30T01:38:33+00:00,local,,IMG_0003.jpg,f999fd78bfe8a83c96e468a078830ba94485bc1bc6fd086fb94a43bd29dd0f23,sdk_test_fixture,absent,metadata_scrub|recompress_q75,EXIF block removed in place (no re-encode) then Re-saved as JPEG at quality 75,933c16f92cc3cdd88dc15812e020ae327e54f94ddd3eafe2182a0aa08e6d9b2a,34130,1024,683,absent,False,False,False,
88b5193f4003,2026-08-30T01:38:33+00:00,local,,P1000827.jpg,9d33d48863ac4f94711e289bebc43e849d45be1819ee16c479bd9a8385f1ae08,sdk_test_fixture,absent,none,Untouched original,9d33d48863ac4f94711e289bebc43e849d45be1819ee16c479bd9a8385f1ae08,167548,1024,759,absent,False,True,True,
512541d53852,2026-08-30T01:38:33+00:00,local,,P1000827.jpg,9d33d48863ac4f94711e289bebc43e849d45be1819ee16c479bd9a8385f1ae08,sdk_test_fixture,absent,recompress_q95,Re-saved as JPEG at quality 95,b1f3b0ade71b97136fa2b902c7c54883346067c9657ff5317514520d48ee813c,267543,1024,759,absent,False,False,False,
7ac2157b81ba,2026-08-30T01:38:33+00:00,local,,P1000827.jpg,9d33d48863ac4f94711e289bebc43e849d45be1819ee16c479bd9a8385f1ae08,sdk_test_fixture,absent,recompress_q75,Re-saved as JPEG at quality 75,93b1480e83d758abaebe8afbaf02b13e6972c6e8a220ecd6b8701fa656a684a1,144837,1024,759,absent,False,False,False,
56a5caeeb9b6,2026-08-30T01:38:33+00:00,local,,P1000827.jpg,9d33d48863ac4f94711e289bebc43e849d45be1819ee16c479bd9a8385f1ae08,sdk_test_fixture,absent,recompress_q50,Re-saved as JPEG at quality 50,7b07f630ec74985466d7cf89d5074b9c03ad19417cddb16e0060f5a8889372f0,106838,1024,759,absent,False,False,False,
3f256745f5c0,2026-08-30T01:38:33+00:00,local,,P1000827.jpg,9d33d48863ac4f94711e289bebc43e849d45be1819ee16c479bd9a8385f1ae08,sdk_test_fixture,absent,resize_75pct,Resized to 75% of original dimensions,8851a3cedb3544b33f6a65fddd6db4b8aa67edaf2d663bf2eec4666ba9198ea4,226743,768,569,absent,False,False,False,
ae0257e04796,2026-08-30T01:38:33+00:00,local,,P1000827.jpg,9d33d48863ac4f94711e289bebc43e849d45be1819ee16c479bd9a8385f1ae08,sdk_test_fixture,absent,resize_50pct,Resized to 50% of original dimensions,8873ad0f19611af3b4eddccdcfb2d180a063e8fff27f835249137d83765aee1b,112806,512,379,absent,False,False,False,
43926019be80,2026-08-30T01:38:33+00:00,local,,P1000827.jpg,9d33d48863ac4f94711e289bebc43e849d45be1819ee16c479bd9a8385f1ae08,sdk_test_fixture,absent,resize_25pct,Resized to 25% of original dimensions,663f4b6590cdb66a815692e0edecbcb53beb909626ec1caf30d8a32833dbda20,31069,256,189,absent,False,False,False,
9cc0c37b14a0,2026-08-30T01:38:33+00:00,local,,P1000827.jpg,9d33d48863ac4f94711e289bebc43e849d45be1819ee16c479bd9a8385f1ae08,sdk_test_fixture,absent,crop_5pct,Cropped 5% off each border,1165de9fc385457f63eb916b718f24298b3362e6873127a721ea91b9bbc31df7,289915,922,685,absent,False,False,False,
0cabf7e0d2a5,2026-08-30T01:38:33+00:00,local,,P1000827.jpg,9d33d48863ac4f94711e289bebc43e849d45be1819ee16c479bd9a8385f1ae08,sdk_test_fixture,absent,crop_10pct,Cropped 10% off each border,5546849bb2894f831b2e561ab888dd47117ea6fa7934e7260767134b627e6872,210053,820,609,absent,False,False,False,
9ee8c2ea18bb,2026-08-30T01:38:33+00:00,local,,P1000827.jpg,9d33d48863ac4f94711e289bebc43e849d45be1819ee16c479bd9a8385f1ae08,sdk_test_fixture,absent,crop_25pct,Cropped 25% off each border,dfe6466be6e2d6c03a2bbdf04f788c49320f279a3bb69b8673832e03116cf9c2,57546,512,381,absent,False,False,False,
7b9a6c854a40,2026-08-30T01:38:33+00:00,local,,P1000827.jpg,9d33d48863ac4f94711e289bebc43e849d45be1819ee16c479bd9a8385f1ae08,sdk_test_fixture,absent,rotate_90,Rotated 90 degrees,375c1ad58d7e6dfa51254f3dc9ff173a8bcfad97a7f44ffd252cef77b71c33f2,267762,759,1024,absent,False,False,False,
a187a82b144d,2026-08-30T01:38:33+00:00,local,,P1000827.jpg,9d33d48863ac4f94711e289bebc43e849d45be1819ee16c479bd9a8385f1ae08,sdk_test_fixture,absent,rotate_180,Rotated 180 degrees,3e5d9729b150bdccfc28d58c8c808394c0ad2ae55b5d08b4f23a54c3c04b7de4,332808,1024,759,absent,False,False,False,
32b4ccfe48fc,2026-08-30T01:38:34+00:00,local,,P1000827.jpg,9d33d48863ac4f94711e289bebc43e849d45be1819ee16c479bd9a8385f1ae08,sdk_test_fixture,absent,convert_png_jpeg_png,Converted PNG to JPEG and back to PNG,103c11b74fe7e96fe671c64605066e67aa10fc26f2cc16f132d274ce8b47fd85,1222023,1024,759,absent,False,False,False,
3ff3e4275f52,2026-08-30T01:38:34+00:00,local,,P1000827.jpg,9d33d48863ac4f94711e289bebc43e849d45be1819ee16c479bd9a8385f1ae08,sdk_test_fixture,absent,screenshot,"Screenshotted (pixels recaptured, container discarded)",c9f010d573b59bc2cfa767b8bb75faa73565593f47815703f722c7cf3776a26b,1230350,1024,759,absent,False,False,False,
669c8ee483f7,2026-08-30T01:38:34+00:00,local,,P1000827.jpg,9d33d48863ac4f94711e289bebc43e849d45be1819ee16c479bd9a8385f1ae08,sdk_test_fixture,absent,metadata_scrub,EXIF block removed in place (no re-encode),8adae4abdbf9ec92a8fde5481ef35c1bdd4b9d641e1598082daa8b8910e648b7,146930,1024,759,absent,False,False,True,
41139173b0a8,2026-08-30T01:38:34+00:00,local,,P1000827.jpg,9d33d48863ac4f94711e289bebc43e849d45be1819ee16c479bd9a8385f1ae08,sdk_test_fixture,absent,editor_resave,Opened in an editor and saved (default settings),807da6613a680f4bad739e6c185d82240ab44ce6de2b4da2438cdc2692ace809,220896,1024,759,absent,False,False,False,
7b3c78a4f12c,2026-08-30T01:38:34+00:00,local,,P1000827.jpg,9d33d48863ac4f94711e289bebc43e849d45be1819ee16c479bd9a8385f1ae08,sdk_test_fixture,absent,screenshot|recompress_q75,"Screenshotted (pixels recaptured, container discarded) then Re-saved as JPEG at quality 75",93b1480e83d758abaebe8afbaf02b13e6972c6e8a220ecd6b8701fa656a684a1,144837,1024,759,absent,False,False,False,
006cf614e771,2026-08-30T01:38:34+00:00,local,,P1000827.jpg,9d33d48863ac4f94711e289bebc43e849d45be1819ee16c479bd9a8385f1ae08,sdk_test_fixture,absent,resize_50pct|recompress_q75,Resized to 50% of original dimensions then Re-saved as JPEG at quality 75,c4ba3de2ce0268852a4d27a4273d41c4b854f163956ac3f0fc8c653e99e42324,46893,512,379,absent,False,False,False,
397a223a89b2,2026-08-30T01:38:34+00:00,local,,P1000827.jpg,9d33d48863ac4f94711e289bebc43e849d45be1819ee16c479bd9a8385f1ae08,sdk_test_fixture,absent,crop_10pct|recompress_q50,Cropped 10% off each border then Re-saved as JPEG at quality 50,3573ed08a8cb525dcc0a144f166c605a599bb3f0fc60519654cc090b6b6789bc,58156,820,609,absent,False,False,False,
cc22ccd7863b,2026-08-30T01:38:34+00:00,local,,P1000827.jpg,9d33d48863ac4f94711e289bebc43e849d45be1819ee16c479bd9a8385f1ae08,sdk_test_fixture,absent,metadata_scrub|recompress_q75,EXIF block removed in place (no re-encode) then Re-saved as JPEG at quality 75,93b1480e83d758abaebe8afbaf02b13e6972c6e8a220ecd6b8701fa656a684a1,144837,1024,759,absent,False,False,False,
82effabe6ec4,2026-08-30T01:38:34+00:00,local,,XCA.jpg,81f20702a2e81611b29aa773f811b59ade6095acd3d089d6ffdae6b591d6d5a5,sdk_test_fixture,present_invalid,none,Untouched original,81f20702a2e81611b29aa773f811b59ade6095acd3d089d6ffdae6b591d6d5a5,142765,1024,683,present_invalid,False,False,False,
e53a6045f6fd,2026-08-30T01:38:34+00:00,local,,XCA.jpg,81f20702a2e81611b29aa773f811b59ade6095acd3d089d6ffdae6b591d6d5a5,sdk_test_fixture,present_invalid,recompress_q95,Re-saved as JPEG at quality 95,31b3ac4a4df239ae22446cf9687dc58b8a9e7a9f7a419af6a5ee727b52172db7,44759,1024,683,absent,False,False,False,
767ed0e81b18,2026-08-30T01:38:34+00:00,local,,XCA.jpg,81f20702a2e81611b29aa773f811b59ade6095acd3d089d6ffdae6b591d6d5a5,sdk_test_fixture,present_invalid,recompress_q75,Re-saved as JPEG at quality 75,f38fd76d238c7036e9247aa3cdf7bda62e8d520e444627cad78d14fc883c7934,28631,1024,683,absent,False,False,False,
b4d45e98a05a,2026-08-30T01:38:34+00:00,local,,XCA.jpg,81f20702a2e81611b29aa773f811b59ade6095acd3d089d6ffdae6b591d6d5a5,sdk_test_fixture,present_invalid,recompress_q50,Re-saved as JPEG at quality 50,8e03472e76286670283e691bf37a468e98bf59437f38887a49104ecc7ffae6b9,24446,1024,683,absent,False,False,False,
67890d5df483,2026-08-30T01:38:34+00:00,local,,XCA.jpg,81f20702a2e81611b29aa773f811b59ade6095acd3d089d6ffdae6b591d6d5a5,sdk_test_fixture,present_invalid,resize_75pct,Resized to 75% of original dimensions,05f527692f8f6a44a5679116101b5067720940ee4613fe33932398b8219f40cb,56441,768,512,absent,False,False,False,
084003a7a625,2026-08-30T01:38:34+00:00,local,,XCA.jpg,81f20702a2e81611b29aa773f811b59ade6095acd3d089d6ffdae6b591d6d5a5,sdk_test_fixture,present_invalid,resize_50pct,Resized to 50% of original dimensions,2ac5ce2de868cf4d77f35b6bad954942846fab1768cc863d371699b6fdb398f7,29205,512,341,absent,False,False,False,
10a5caba870c,2026-08-30T01:38:34+00:00,local,,XCA.jpg,81f20702a2e81611b29aa773f811b59ade6095acd3d089d6ffdae6b591d6d5a5,sdk_test_fixture,present_invalid,resize_25pct,Resized to 25% of original dimensions,f19b69c80a15002d91589d53195a1dea09fb5733a71dca5b74e16428a656272a,11170,256,170,absent,False,False,False,
c1f8c1f1ebb6,2026-08-30T01:38:34+00:00,local,,XCA.jpg,81f20702a2e81611b29aa773f811b59ade6095acd3d089d6ffdae6b591d6d5a5,sdk_test_fixture,present_invalid,crop_5pct,Cropped 5% off each border,6dc413521c5d39d6fc6990c9993fbc7c67bd566e1c19c76278a0f66988da76d7,81217,922,615,absent,False,False,False,
aaf7f0347661,2026-08-30T01:38:34+00:00,local,,XCA.jpg,81f20702a2e81611b29aa773f811b59ade6095acd3d089d6ffdae6b591d6d5a5,sdk_test_fixture,present_invalid,crop_10pct,Cropped 10% off each border,1b2bb8b41e35b29d210393a82b0fa1d7e198f3f4c949457dc95f2d36d2a7e3a8,67440,820,547,absent,False,False,False,
89f6ad0c5e5a,2026-08-30T01:38:34+00:00,local,,XCA.jpg,81f20702a2e81611b29aa773f811b59ade6095acd3d089d6ffdae6b591d6d5a5,sdk_test_fixture,present_invalid,crop_25pct,Cropped 25% off each border,cbb791daca8f8b3c32098fe9b7e3b3cd39a32f6500418dbbe64d79c65fda116c,27775,512,343,absent,False,False,False,
6238ed3e8d0a,2026-08-30T01:38:34+00:00,local,,XCA.jpg,81f20702a2e81611b29aa773f811b59ade6095acd3d089d6ffdae6b591d6d5a5,sdk_test_fixture,present_invalid,rotate_90,Rotated 90 degrees,0e4e4dfad734a1e8c8d5403a427a12934d5194cc9fe89f9612fe904c73234777,46634,683,1024,absent,False,False,False,
81ebace45108,2026-08-30T01:38:34+00:00,local,,XCA.jpg,81f20702a2e81611b29aa773f811b59ade6095acd3d089d6ffdae6b591d6d5a5,sdk_test_fixture,present_invalid,rotate_180,Rotated 180 degrees,2223ed2347ad688c7e7e3564703e860862d9827dbe8dcebf34ba90c654b5cb3a,72533,1024,683,absent,False,False,False,
43fbddcb9cf4,2026-08-30T01:38:34+00:00,local,,XCA.jpg,81f20702a2e81611b29aa773f811b59ade6095acd3d089d6ffdae6b591d6d5a5,sdk_test_fixture,present_invalid,convert_png_jpeg_png,Converted PNG to JPEG and back to PNG,15373f854d2d4ad91e4ac45bb75a31ec919ef7783658f809bb43b16baca5122d,142426,1024,683,absent,False,False,False,
cafb5219cef6,2026-08-30T01:38:34+00:00,local,,XCA.jpg,81f20702a2e81611b29aa773f811b59ade6095acd3d089d6ffdae6b591d6d5a5,sdk_test_fixture,present_invalid,screenshot,"Screenshotted (pixels recaptured, container discarded)",f4a62ea3b3c91f0b9a3d2f03c9b8548e6942aeb583f53f792b1e5ac369b3eb63,140847,1024,683,absent,False,False,False,
85b2f6abbae5,2026-08-30T01:38:34+00:00,local,,XCA.jpg,81f20702a2e81611b29aa773f811b59ade6095acd3d089d6ffdae6b591d6d5a5,sdk_test_fixture,present_invalid,metadata_scrub,EXIF block removed in place (no re-encode),81f20702a2e81611b29aa773f811b59ade6095acd3d089d6ffdae6b591d6d5a5,142765,1024,683,present_invalid,False,False,False,
22f21e711768,2026-08-30T01:38:34+00:00,local,,XCA.jpg,81f20702a2e81611b29aa773f811b59ade6095acd3d089d6ffdae6b591d6d5a5,sdk_test_fixture,present_invalid,editor_resave,Opened in an editor and saved (default settings),7d51abb0b5473792650d548a6361960ec726d4f58c9798536d4a6d176da70915,37345,1024,683,absent,False,False,False,
6f03fbfbcf4e,2026-08-30T01:38:34+00:00,local,,XCA.jpg,81f20702a2e81611b29aa773f811b59ade6095acd3d089d6ffdae6b591d6d5a5,sdk_test_fixture,present_invalid,screenshot|recompress_q75,"Screenshotted (pixels recaptured, container discarded) then Re-saved as JPEG at quality 75",f38fd76d238c7036e9247aa3cdf7bda62e8d520e444627cad78d14fc883c7934,28631,1024,683,absent,False,False,False,
a9b8d227ddd7,2026-08-30T01:38:34+00:00,local,,XCA.jpg,81f20702a2e81611b29aa773f811b59ade6095acd3d089d6ffdae6b591d6d5a5,sdk_test_fixture,present_invalid,resize_50pct|recompress_q75,Resized to 50% of original dimensions then Re-saved as JPEG at quality 75,6e1c8f4028ca1d54d9d7e8ef925f3142416abcf5d24f069ff471fa72e3cd37a8,12987,512,341,absent,False,False,False,
1b49d269df89,2026-08-30T01:38:34+00:00,local,,XCA.jpg,81f20702a2e81611b29aa773f811b59ade6095acd3d089d6ffdae6b591d6d5a5,sdk_test_fixture,present_invalid,crop_10pct|recompress_q50,Cropped 10% off each border then Re-saved as JPEG at quality 50,f19bcde419ed7f54aba1b20a7ae0072ee8b24f01263c7d9f4f28212c73a2d827,18863,820,547,absent,False,False,False,
98adb38ed509,2026-08-30T01:38:34+00:00,local,,XCA.jpg,81f20702a2e81611b29aa773f811b59ade6095acd3d089d6ffdae6b591d6d5a5,sdk_test_fixture,present_invalid,metadata_scrub|recompress_q75,EXIF block removed in place (no re-encode) then Re-saved as JPEG at quality 75,f38fd76d238c7036e9247aa3cdf7bda62e8d520e444627cad78d14fc883c7934,28631,1024,683,absent,False,False,False,
faa69aade79a,2026-08-30T01:38:34+00:00,local,,adobe-20220124-E-clm-CAICAI.jpg,b3ff3f00c66602280977d3e4d962a836d33ab83953d0009f7c1e6490d0065feb,sdk_test_fixture,present_invalid,none,Untouched original,b3ff3f00c66602280977d3e4d962a836d33ab83953d0009f7c1e6490d0065feb,656258,1024,683,present_invalid,False,False,True,
c8f1ea200146,2026-08-30T01:38:34+00:00,local,,adobe-20220124-E-clm-CAICAI.jpg,b3ff3f00c66602280977d3e4d962a836d33ab83953d0009f7c1e6490d0065feb,sdk_test_fixture,present_invalid,recompress_q95,Re-saved as JPEG at quality 95,851439563c4ca482771662dda1bfc2d1d565bd8e8f21b5d26ee55dab0c7bafb3,89973,1024,683,absent,False,False,False,
7b9f466a032c,2026-08-30T01:38:34+00:00,local,,adobe-20220124-E-clm-CAICAI.jpg,b3ff3f00c66602280977d3e4d962a836d33ab83953d0009f7c1e6490d0065feb,sdk_test_fixture,present_invalid,recompress_q75,Re-saved as JPEG at quality 75,583032c79741b71c641f0d6af95458b05be922deb352c5a1b49be062be782212,49049,1024,683,absent,False,False,False,
4d5004d8a38c,2026-08-30T01:38:34+00:00,local,,adobe-20220124-E-clm-CAICAI.jpg,b3ff3f00c66602280977d3e4d962a836d33ab83953d0009f7c1e6490d0065feb,sdk_test_fixture,present_invalid,recompress_q50,Re-saved as JPEG at quality 50,a01a6c9ad664d5af68b888276e0b5c27928276fdda183dbfad9631e7953d8ae8,39024,1024,683,absent,False,False,False,
45b38dcfe2d3,2026-08-30T01:38:34+00:00,local,,adobe-20220124-E-clm-CAICAI.jpg,b3ff3f00c66602280977d3e4d962a836d33ab83953d0009f7c1e6490d0065feb,sdk_test_fixture,present_invalid,resize_75pct,Resized to 75% of original dimensions,b417c1a598c75f8c82ae50eb7cdf63bde2046784d2ab7e032d77e7cd6d3d1d2a,86994,768,512,absent,False,False,False,
2d98f60dcf31,2026-08-30T01:38:34+00:00,local,,adobe-20220124-E-clm-CAICAI.jpg,b3ff3f00c66602280977d3e4d962a836d33ab83953d0009f7c1e6490d0065feb,sdk_test_fixture,present_invalid,resize_50pct,Resized to 50% of original dimensions,ea5413a00bd83cd5595934178671a6e365bde657600fb2f9fd2295d68fa49ff9,46955,512,341,absent,False,False,False,
0a3c09b408d0,2026-08-30T01:38:35+00:00,local,,adobe-20220124-E-clm-CAICAI.jpg,b3ff3f00c66602280977d3e4d962a836d33ab83953d0009f7c1e6490d0065feb,sdk_test_fixture,present_invalid,resize_25pct,Resized to 25% of original dimensions,064464d7f2e623ec921b2120faf8593b597e2b012e88cf3033471ca90e265b62,17066,256,170,absent,False,False,False,
862293cf8188,2026-08-30T01:38:35+00:00,local,,adobe-20220124-E-clm-CAICAI.jpg,b3ff3f00c66602280977d3e4d962a836d33ab83953d0009f7c1e6490d0065feb,sdk_test_fixture,present_invalid,crop_5pct,Cropped 5% off each border,7bb2f3a4481ee19c6abbfe95cc8f98e139124aea32c17f87d079a87e0a86c304,118181,922,615,absent,False,False,False,
be858455cbca,2026-08-30T01:38:35+00:00,local,,adobe-20220124-E-clm-CAICAI.jpg,b3ff3f00c66602280977d3e4d962a836d33ab83953d0009f7c1e6490d0065feb,sdk_test_fixture,present_invalid,crop_10pct,Cropped 10% off each border,1b82c09f4dcd238c90076a0bb1f930df1083f08fbfb453cbc92a18c7afa2864e,97870,820,547,absent,False,False,False,
34142d059acf,2026-08-30T01:38:35+00:00,local,,adobe-20220124-E-clm-CAICAI.jpg,b3ff3f00c66602280977d3e4d962a836d33ab83953d0009f7c1e6490d0065feb,sdk_test_fixture,present_invalid,crop_25pct,Cropped 25% off each border,ab11eaff752f6ab1263c81f8bc404369933490f54b442ba160c835bc154198bd,37167,512,343,absent,False,False,False,
731abaa885cd,2026-08-30T01:38:35+00:00,local,,adobe-20220124-E-clm-CAICAI.jpg,b3ff3f00c66602280977d3e4d962a836d33ab83953d0009f7c1e6490d0065feb,sdk_test_fixture,present_invalid,rotate_90,Rotated 90 degrees,71150c600e9e10aa1b40eac0d7b3a2913c8ec7503f108c65f60235b10f8afb85,90098,683,1024,absent,False,False,False,
77c9eeb9ccd6,2026-08-30T01:38:35+00:00,local,,adobe-20220124-E-clm-CAICAI.jpg,b3ff3f00c66602280977d3e4d962a836d33ab83953d0009f7c1e6490d0065feb,sdk_test_fixture,present_invalid,rotate_180,Rotated 180 degrees,62adb0b32703e13ccc6557246a92f82dedb2c19e0339faa021f63274fae5461e,120501,1024,683,absent,False,False,False,
550984e1ab03,2026-08-30T01:38:35+00:00,local,,adobe-20220124-E-clm-CAICAI.jpg,b3ff3f00c66602280977d3e4d962a836d33ab83953d0009f7c1e6490d0065feb,sdk_test_fixture,present_invalid,convert_png_jpeg_png,Converted PNG to JPEG and back to PNG,8a253e2bfb33f6a111c02ba3a79229ba83c54780b1f93de1d86da209ab3e2e97,447961,1024,683,absent,False,False,False,
4dc8cd5b5b7c,2026-08-30T01:38:35+00:00,local,,adobe-20220124-E-clm-CAICAI.jpg,b3ff3f00c66602280977d3e4d962a836d33ab83953d0009f7c1e6490d0065feb,sdk_test_fixture,present_invalid,screenshot,"Screenshotted (pixels recaptured, container discarded)",81d397d0a5587538aee745103b4c38c2ca1c27c435731364f2c0109f3ef00649,397771,1024,683,absent,False,False,False,
7ef773d760fd,2026-08-30T01:38:35+00:00,local,,adobe-20220124-E-clm-CAICAI.jpg,b3ff3f00c66602280977d3e4d962a836d33ab83953d0009f7c1e6490d0065feb,sdk_test_fixture,present_invalid,metadata_scrub,EXIF block removed in place (no re-encode),b3ff3f00c66602280977d3e4d962a836d33ab83953d0009f7c1e6490d0065feb,656258,1024,683,present_invalid,False,False,True,
46e2a7d68353,2026-08-30T01:38:35+00:00,local,,adobe-20220124-E-clm-CAICAI.jpg,b3ff3f00c66602280977d3e4d962a836d33ab83953d0009f7c1e6490d0065feb,sdk_test_fixture,present_invalid,editor_resave,Opened in an editor and saved (default settings),5fc043fdf7afa6d576c6ea8f8ffeb97e0fcce86e88f1a22fab4f8b87c48e6b9a,72431,1024,683,absent,False,False,False,
4c66d633a3ae,2026-08-30T01:38:35+00:00,local,,adobe-20220124-E-clm-CAICAI.jpg,b3ff3f00c66602280977d3e4d962a836d33ab83953d0009f7c1e6490d0065feb,sdk_test_fixture,present_invalid,screenshot|recompress_q75,"Screenshotted (pixels recaptured, container discarded) then Re-saved as JPEG at quality 75",583032c79741b71c641f0d6af95458b05be922deb352c5a1b49be062be782212,49049,1024,683,absent,False,False,False,
619c97009240,2026-08-30T01:38:35+00:00,local,,adobe-20220124-E-clm-CAICAI.jpg,b3ff3f00c66602280977d3e4d962a836d33ab83953d0009f7c1e6490d0065feb,sdk_test_fixture,present_invalid,resize_50pct|recompress_q75,Resized to 50% of original dimensions then Re-saved as JPEG at quality 75,39ec8ea057a04c0d89cb8fc5c5511fa5212f29ab0748934124f2ef65d5618eb9,19692,512,341,absent,False,False,False,
df8976e17ae1,2026-08-30T01:38:35+00:00,local,,adobe-20220124-E-clm-CAICAI.jpg,b3ff3f00c66602280977d3e4d962a836d33ab83953d0009f7c1e6490d0065feb,sdk_test_fixture,present_invalid,crop_10pct|recompress_q50,Cropped 10% off each border then Re-saved as JPEG at quality 50,dc1f174641ac692c79d403ccead644415033ad40dabb652842d685a9b74fb2cd,26035,820,547,absent,False,False,False,
8a646d9fc6ce,2026-08-30T01:38:35+00:00,local,,adobe-20220124-E-clm-CAICAI.jpg,b3ff3f00c66602280977d3e4d962a836d33ab83953d0009f7c1e6490d0065feb,sdk_test_fixture,present_invalid,metadata_scrub|recompress_q75,EXIF block removed in place (no re-encode) then Re-saved as JPEG at quality 75,583032c79741b71c641f0d6af95458b05be922deb352c5a1b49be062be782212,49049,1024,683,absent,False,False,False,
b8a35d038e54,2026-08-30T01:38:35+00:00,local,,boxhash.jpg,b63a8df44b09d78cbe60b2c828b0a76b97b953407942fd9a2d0698c77c29b176,sdk_test_fixture,present_valid,none,Untouched original,b63a8df44b09d78cbe60b2c828b0a76b97b953407942fd9a2d0698c77c29b176,174308,1024,683,present_valid,False,False,True,
0773df199354,2026-08-30T01:38:35+00:00,local,,boxhash.jpg,b63a8df44b09d78cbe60b2c828b0a76b97b953407942fd9a2d0698c77c29b176,sdk_test_fixture,present_valid,recompress_q95,Re-saved as JPEG at quality 95,6657eff4f4f79393fb8268f0d05acf5152b9495b6dbabcf66cc7dca916679a5f,57673,1024,683,absent,False,False,False,
153604b64f01,2026-08-30T01:38:35+00:00,local,,boxhash.jpg,b63a8df44b09d78cbe60b2c828b0a76b97b953407942fd9a2d0698c77c29b176,sdk_test_fixture,present_valid,recompress_q75,Re-saved as JPEG at quality 75,587fc18f2c1d48922fedee7518b15a1c8cd0ea6c1d480d7caf4408658105e0a9,34034,1024,683,absent,False,False,False,
909b16219246,2026-08-30T01:38:35+00:00,local,,boxhash.jpg,b63a8df44b09d78cbe60b2c828b0a76b97b953407942fd9a2d0698c77c29b176,sdk_test_fixture,present_valid,recompress_q50,Re-saved as JPEG at quality 50,712669effda018eaa8601b1f2cbb45f18ed1977c62b65b510ba6ee0d9d8445e0,27893,1024,683,absent,False,False,False,
21a0afe86d85,2026-08-30T01:38:35+00:00,local,,boxhash.jpg,b63a8df44b09d78cbe60b2c828b0a76b97b953407942fd9a2d0698c77c29b176,sdk_test_fixture,present_valid,resize_75pct,Resized to 75% of original dimensions,161d835b52434876391f3847a313f81ba872b2884540e0493d98f0df547e0800,68428,768,512,absent,False,False,False,
2bc22f0da54e,2026-08-30T01:38:35+00:00,local,,boxhash.jpg,b63a8df44b09d78cbe60b2c828b0a76b97b953407942fd9a2d0698c77c29b176,sdk_test_fixture,present_valid,resize_50pct,Resized to 50% of original dimensions,23ec378fb3daa6793248ed87a592c80497a08cbde409a18e98e990fccd04a24e,36696,512,341,absent,False,False,False,
7910e1d38926,2026-08-30T01:38:35+00:00,local,,boxhash.jpg,b63a8df44b09d78cbe60b2c828b0a76b97b953407942fd9a2d0698c77c29b176,sdk_test_fixture,present_valid,resize_25pct,Resized to 25% of original dimensions,4959cd24e5b91f507d84b74b1891909e93cc7736fa7f880e9f41bee30c7a037e,14186,256,170,absent,False,False,False,
1f31a74bb179,2026-08-30T01:38:35+00:00,local,,boxhash.jpg,b63a8df44b09d78cbe60b2c828b0a76b97b953407942fd9a2d0698c77c29b176,sdk_test_fixture,present_valid,crop_5pct,Cropped 5% off each border,32946acf721025832913322a34001be02a01191dbfb506785ceb76b37e36f71c,95652,922,615,absent,False,False,False,
5da04df92bb0,2026-08-30T01:38:35+00:00,local,,boxhash.jpg,b63a8df44b09d78cbe60b2c828b0a76b97b953407942fd9a2d0698c77c29b176,sdk_test_fixture,present_valid,crop_10pct,Cropped 10% off each border,1a26f8f610fc9c9531a3afd2250adc22f40d6244d29a3633f827cfb8eb2e18cf,80999,820,547,absent,False,False,False,
55fe4bf723da,2026-08-30T01:38:35+00:00,local,,boxhash.jpg,b63a8df44b09d78cbe60b2c828b0a76b97b953407942fd9a2d0698c77c29b176,sdk_test_fixture,present_valid,crop_25pct,Cropped 25% off each border,c80a60fc65928e116fb0a96b3a0f7d63dc5a0d645ea9c0fffae11f13c57f3b01,33816,512,343,absent,False,False,False,
cc059e5d67fa,2026-08-30T01:38:35+00:00,local,,boxhash.jpg,b63a8df44b09d78cbe60b2c828b0a76b97b953407942fd9a2d0698c77c29b176,sdk_test_fixture,present_valid,rotate_90,Rotated 90 degrees,7a12267b5bf5739e27ede4d25cb780b2653d081e552bd4b9e1caeeb6b1fb72b4,58196,683,1024,absent,False,False,False,
c98a5cff3045,2026-08-30T01:38:35+00:00,local,,boxhash.jpg,b63a8df44b09d78cbe60b2c828b0a76b97b953407942fd9a2d0698c77c29b176,sdk_test_fixture,present_valid,rotate_180,Rotated 180 degrees,0776c049a9378a784e26433f673adb17c3ec6fa9078e5cb730455e483910323a,86548,1024,683,absent,False,False,False,
722b49e55770,2026-08-30T01:38:35+00:00,local,,boxhash.jpg,b63a8df44b09d78cbe60b2c828b0a76b97b953407942fd9a2d0698c77c29b176,sdk_test_fixture,present_valid,convert_png_jpeg_png,Converted PNG to JPEG and back to PNG,520ac7ad1ee950cf470d574e8758b37900216c96764ccac99b7a0ef493d01ee7,314549,1024,683,absent,False,False,False,
a653c21e0e17,2026-08-30T01:38:35+00:00,local,,boxhash.jpg,b63a8df44b09d78cbe60b2c828b0a76b97b953407942fd9a2d0698c77c29b176,sdk_test_fixture,present_valid,screenshot,"Screenshotted (pixels recaptured, container discarded)",f47a7a9be32c83652fbe570bf84b6dcbb2411a7633825cbfa8b56c9e527f4805,281200,1024,683,absent,False,False,False,
ac285e528eee,2026-08-30T01:38:35+00:00,local,,boxhash.jpg,b63a8df44b09d78cbe60b2c828b0a76b97b953407942fd9a2d0698c77c29b176,sdk_test_fixture,present_valid,metadata_scrub,EXIF block removed in place (no re-encode),b63a8df44b09d78cbe60b2c828b0a76b97b953407942fd9a2d0698c77c29b176,174308,1024,683,present_valid,False,False,True,
b38640eae038,2026-08-30T01:38:35+00:00,local,,boxhash.jpg,b63a8df44b09d78cbe60b2c828b0a76b97b953407942fd9a2d0698c77c29b176,sdk_test_fixture,present_valid,editor_resave,Opened in an editor and saved (default settings),a51beb311c06a88d86f8dccf1968ce6d8356894a890449f662ba4741491db3e8,47612,1024,683,absent,False,False,False,
938c7e3753ff,2026-08-30T01:38:35+00:00,local,,boxhash.jpg,b63a8df44b09d78cbe60b2c828b0a76b97b953407942fd9a2d0698c77c29b176,sdk_test_fixture,present_valid,screenshot|recompress_q75,"Screenshotted (pixels recaptured, container discarded) then Re-saved as JPEG at quality 75",587fc18f2c1d48922fedee7518b15a1c8cd0ea6c1d480d7caf4408658105e0a9,34034,1024,683,absent,False,False,False,
0a10591c2993,2026-08-30T01:38:35+00:00,local,,boxhash.jpg,b63a8df44b09d78cbe60b2c828b0a76b97b953407942fd9a2d0698c77c29b176,sdk_test_fixture,present_valid,resize_50pct|recompress_q75,Resized to 50% of original dimensions then Re-saved as JPEG at quality 75,b26bba388c901e5f8d007ab3570e15ecf79bbb393340edd27507fde099de16e4,15501,512,341,absent,False,False,False,
54e9b5f7f817,2026-08-30T01:38:35+00:00,local,,boxhash.jpg,b63a8df44b09d78cbe60b2c828b0a76b97b953407942fd9a2d0698c77c29b176,sdk_test_fixture,present_valid,crop_10pct|recompress_q50,Cropped 10% off each border then Re-saved as JPEG at quality 50,24f43fc4560f7657bc92f05b96baa8ae0eb273cfa7dc17e97c82314c35c1dde3,21360,820,547,absent,False,False,False,
3ab785c6a2b4,2026-08-30T01:38:35+00:00,local,,boxhash.jpg,b63a8df44b09d78cbe60b2c828b0a76b97b953407942fd9a2d0698c77c29b176,sdk_test_fixture,present_valid,metadata_scrub|recompress_q75,EXIF block removed in place (no re-encode) then Re-saved as JPEG at quality 75,587fc18f2c1d48922fedee7518b15a1c8cd0ea6c1d480d7caf4408658105e0a9,34034,1024,683,absent,False,False,False,
79d5bfa8f5ee,2026-08-30T01:38:35+00:00,local,,cloud.jpg,e6ad9f51be5bb83f137322a3f260b5881738e3528aee208727e75b6daaba6092,sdk_test_fixture,absent,none,Untouched original,e6ad9f51be5bb83f137322a3f260b5881738e3528aee208727e75b6daaba6092,183901,375,375,absent,True,True,True,
0db85dd5492e,2026-08-30T01:38:35+00:00,local,,cloud.jpg,e6ad9f51be5bb83f137322a3f260b5881738e3528aee208727e75b6daaba6092,sdk_test_fixture,absent,recompress_q95,Re-saved as JPEG at quality 95,4ab6498d6ec5ab8cf92a48c241481c206687dbe2164c27ed299c3cc12401a494,71227,375,375,absent,False,False,False,
b9ebcdfad16b,2026-08-30T01:38:35+00:00,local,,cloud.jpg,e6ad9f51be5bb83f137322a3f260b5881738e3528aee208727e75b6daaba6092,sdk_test_fixture,absent,recompress_q75,Re-saved as JPEG at quality 75,3f8421ed69bcfdf952f1ee2342e165726303eb1d9cf1889d9d18ed45d2945c05,32037,375,375,absent,False,False,False,
309051971932,2026-08-30T01:38:35+00:00,local,,cloud.jpg,e6ad9f51be5bb83f137322a3f260b5881738e3528aee208727e75b6daaba6092,sdk_test_fixture,absent,recompress_q50,Re-saved as JPEG at quality 50,b886fcbc242202fed326ab187790e6e5d7b563c71000b540cbf717d1c67e443f,22168,375,375,absent,False,False,False,
076c89be440e,2026-08-30T01:38:35+00:00,local,,cloud.jpg,e6ad9f51be5bb83f137322a3f260b5881738e3528aee208727e75b6daaba6092,sdk_test_fixture,absent,resize_75pct,Resized to 75% of original dimensions,446967e4c9de6f1aa05f609418467fb10ed724532b95e3fef1df7726661e51f0,41833,281,281,absent,False,False,False,
bb304fdecaa4,2026-08-30T01:38:35+00:00,local,,cloud.jpg,e6ad9f51be5bb83f137322a3f260b5881738e3528aee208727e75b6daaba6092,sdk_test_fixture,absent,resize_50pct,Resized to 50% of original dimensions,963a8c35a0008ed0834bdcb7cdcd83913ef3fd36d208782297e50aa15c7abeba,19608,187,187,absent,False,False,False,
2e05b7fdce2d,2026-08-30T01:38:35+00:00,local,,cloud.jpg,e6ad9f51be5bb83f137322a3f260b5881738e3528aee208727e75b6daaba6092,sdk_test_fixture,absent,resize_25pct,Resized to 25% of original dimensions,512fdbc17c63424bdeea1609e442940046b4651edc0ab62c749db7d2056cc9ac,5898,93,93,absent,False,False,False,
254ebfcd7726,2026-08-30T01:38:35+00:00,local,,cloud.jpg,e6ad9f51be5bb83f137322a3f260b5881738e3528aee208727e75b6daaba6092,sdk_test_fixture,absent,crop_5pct,Cropped 5% off each border,090d235c63deff4c3e2526de6a0a6c4a25efb82dfb61f30bb552aceaa23d1a1c,68759,339,339,absent,False,False,False,
e837946bdcc4,2026-08-30T01:38:35+00:00,local,,cloud.jpg,e6ad9f51be5bb83f137322a3f260b5881738e3528aee208727e75b6daaba6092,sdk_test_fixture,absent,crop_10pct,Cropped 10% off each border,99ac731f11a4269e2c032420751cdf8753c45d33751f12c0b437dbfef4bd5bdc,61431,301,301,absent,False,False,False,
5421cd103fad,2026-08-30T01:38:36+00:00,local,,cloud.jpg,e6ad9f51be5bb83f137322a3f260b5881738e3528aee208727e75b6daaba6092,sdk_test_fixture,absent,crop_25pct,Cropped 25% off each border,651013543e2de50c240a22510017400cfdaa078f23ca283f4eb1c65b4fd59a9f,29092,189,189,absent,False,False,False,
73c17eba56e4,2026-08-30T01:38:36+00:00,local,,cloud.jpg,e6ad9f51be5bb83f137322a3f260b5881738e3528aee208727e75b6daaba6092,sdk_test_fixture,absent,rotate_90,Rotated 90 degrees,0b514e224b2abc304e66e0f843777bb7414a832179fd3c86d14ec317e0a9688d,71163,375,375,absent,False,False,False,
56b5933e58a4,2026-08-30T01:38:36+00:00,local,,cloud.jpg,e6ad9f51be5bb83f137322a3f260b5881738e3528aee208727e75b6daaba6092,sdk_test_fixture,absent,rotate_180,Rotated 180 degrees,8096c00e1ac44a4842c0bda35aabd0df53505c22e05ed343b9ab09950920b762,71264,375,375,absent,False,False,False,
6ec2a0cdc4e2,2026-08-30T01:38:36+00:00,local,,cloud.jpg,e6ad9f51be5bb83f137322a3f260b5881738e3528aee208727e75b6daaba6092,sdk_test_fixture,absent,convert_png_jpeg_png,Converted PNG to JPEG and back to PNG,56deefaba380ed756a25911b6b8db81b6c0b0357131f342f1d61099139fee364,230986,375,375,absent,False,False,False,
2d80fbf36635,2026-08-30T01:38:36+00:00,local,,cloud.jpg,e6ad9f51be5bb83f137322a3f260b5881738e3528aee208727e75b6daaba6092,sdk_test_fixture,absent,screenshot,"Screenshotted (pixels recaptured, container discarded)",b255a8bc94fe44ac33c5fd3eab40af631f902a813a45383840c9638d4d35f582,289562,375,375,absent,False,False,False,
d15f28f43c9f,2026-08-30T01:38:36+00:00,local,,cloud.jpg,e6ad9f51be5bb83f137322a3f260b5881738e3528aee208727e75b6daaba6092,sdk_test_fixture,absent,metadata_scrub,EXIF block removed in place (no re-encode),29a39cdaf585a0725cad7bd1ccf03b6d331f22749a2e2e2b9bd801dec71d05de,173865,375,375,absent,True,False,True,
cf4d4f06180c,2026-08-30T01:38:36+00:00,local,,cloud.jpg,e6ad9f51be5bb83f137322a3f260b5881738e3528aee208727e75b6daaba6092,sdk_test_fixture,absent,editor_resave,Opened in an editor and saved (default settings),527926176c92211e2114bb63337f2093e2e02e6edeb96a4ec3dc6406c455386c,55988,375,375,absent,False,False,False,
5b9f159bb2f2,2026-08-30T01:38:36+00:00,local,,cloud.jpg,e6ad9f51be5bb83f137322a3f260b5881738e3528aee208727e75b6daaba6092,sdk_test_fixture,absent,screenshot|recompress_q75,"Screenshotted (pixels recaptured, container discarded) then Re-saved as JPEG at quality 75",3f8421ed69bcfdf952f1ee2342e165726303eb1d9cf1889d9d18ed45d2945c05,32037,375,375,absent,False,False,False,
5ba3e0c68b70,2026-08-30T01:38:36+00:00,local,,cloud.jpg,e6ad9f51be5bb83f137322a3f260b5881738e3528aee208727e75b6daaba6092,sdk_test_fixture,absent,resize_50pct|recompress_q75,Resized to 50% of original dimensions then Re-saved as JPEG at quality 75,184ab0ec4277b7726f556d4567ed326c6f065e84f2c2e7587003d955ebcb2cca,9453,187,187,absent,False,False,False,
717555d6ecd9,2026-08-30T01:38:36+00:00,local,,cloud.jpg,e6ad9f51be5bb83f137322a3f260b5881738e3528aee208727e75b6daaba6092,sdk_test_fixture,absent,crop_10pct|recompress_q50,Cropped 10% off each border then Re-saved as JPEG at quality 50,3c99a4e60ec3590f4b7133e9100d8dae6ab4cd762eb29dee802410415f82e0e3,19670,301,301,absent,False,False,False,
5dcd8d616f2b,2026-08-30T01:38:36+00:00,local,,cloud.jpg,e6ad9f51be5bb83f137322a3f260b5881738e3528aee208727e75b6daaba6092,sdk_test_fixture,absent,metadata_scrub|recompress_q75,EXIF block removed in place (no re-encode) then Re-saved as JPEG at quality 75,3f8421ed69bcfdf952f1ee2342e165726303eb1d9cf1889d9d18ed45d2945c05,32037,375,375,absent,False,False,False,
dfb8ccb9e695,2026-08-30T01:38:36+00:00,local,,earth_apollo17.jpg,b7ffd2579d0921aae0c0b2edf3cf5ef22621b07f27d7c56a856a09e5428779ad,sdk_test_fixture,absent,none,Untouched original,b7ffd2579d0921aae0c0b2edf3cf5ef22621b07f27d7c56a856a09e5428779ad,183712,375,375,absent,False,True,True,
330195036c4c,2026-08-30T01:38:36+00:00,local,,earth_apollo17.jpg,b7ffd2579d0921aae0c0b2edf3cf5ef22621b07f27d7c56a856a09e5428779ad,sdk_test_fixture,absent,recompress_q95,Re-saved as JPEG at quality 95,4ab6498d6ec5ab8cf92a48c241481c206687dbe2164c27ed299c3cc12401a494,71227,375,375,absent,False,False,False,
faa401fa3e60,2026-08-30T01:38:36+00:00,local,,earth_apollo17.jpg,b7ffd2579d0921aae0c0b2edf3cf5ef22621b07f27d7c56a856a09e5428779ad,sdk_test_fixture,absent,recompress_q75,Re-saved as JPEG at quality 75,3f8421ed69bcfdf952f1ee2342e165726303eb1d9cf1889d9d18ed45d2945c05,32037,375,375,absent,False,False,False,
bd1d9a1daa62,2026-08-30T01:38:36+00:00,local,,earth_apollo17.jpg,b7ffd2579d0921aae0c0b2edf3cf5ef22621b07f27d7c56a856a09e5428779ad,sdk_test_fixture,absent,recompress_q50,Re-saved as JPEG at quality 50,b886fcbc242202fed326ab187790e6e5d7b563c71000b540cbf717d1c67e443f,22168,375,375,absent,False,False,False,
4bc494a6ea0d,2026-08-30T01:38:36+00:00,local,,earth_apollo17.jpg,b7ffd2579d0921aae0c0b2edf3cf5ef22621b07f27d7c56a856a09e5428779ad,sdk_test_fixture,absent,resize_75pct,Resized to 75% of original dimensions,446967e4c9de6f1aa05f609418467fb10ed724532b95e3fef1df7726661e51f0,41833,281,281,absent,False,False,False,
0df611fee0bf,2026-08-30T01:38:36+00:00,local,,earth_apollo17.jpg,b7ffd2579d0921aae0c0b2edf3cf5ef22621b07f27d7c56a856a09e5428779ad,sdk_test_fixture,absent,resize_50pct,Resized to 50% of original dimensions,963a8c35a0008ed0834bdcb7cdcd83913ef3fd36d208782297e50aa15c7abeba,19608,187,187,absent,False,False,False,
ac745dc30bb6,2026-08-30T01:38:36+00:00,local,,earth_apollo17.jpg,b7ffd2579d0921aae0c0b2edf3cf5ef22621b07f27d7c56a856a09e5428779ad,sdk_test_fixture,absent,resize_25pct,Resized to 25% of original dimensions,512fdbc17c63424bdeea1609e442940046b4651edc0ab62c749db7d2056cc9ac,5898,93,93,absent,False,False,False,
3c6b39e13f16,2026-08-30T01:38:36+00:00,local,,earth_apollo17.jpg,b7ffd2579d0921aae0c0b2edf3cf5ef22621b07f27d7c56a856a09e5428779ad,sdk_test_fixture,absent,crop_5pct,Cropped 5% off each border,090d235c63deff4c3e2526de6a0a6c4a25efb82dfb61f30bb552aceaa23d1a1c,68759,339,339,absent,False,False,False,
ddcd2d3b545f,2026-08-30T01:38:36+00:00,local,,earth_apollo17.jpg,b7ffd2579d0921aae0c0b2edf3cf5ef22621b07f27d7c56a856a09e5428779ad,sdk_test_fixture,absent,crop_10pct,Cropped 10% off each border,99ac731f11a4269e2c032420751cdf8753c45d33751f12c0b437dbfef4bd5bdc,61431,301,301,absent,False,False,False,
c9d67e263c77,2026-08-30T01:38:36+00:00,local,,earth_apollo17.jpg,b7ffd2579d0921aae0c0b2edf3cf5ef22621b07f27d7c56a856a09e5428779ad,sdk_test_fixture,absent,crop_25pct,Cropped 25% off each border,651013543e2de50c240a22510017400cfdaa078f23ca283f4eb1c65b4fd59a9f,29092,189,189,absent,False,False,False,
f23efe26268d,2026-08-30T01:38:36+00:00,local,,earth_apollo17.jpg,b7ffd2579d0921aae0c0b2edf3cf5ef22621b07f27d7c56a856a09e5428779ad,sdk_test_fixture,absent,rotate_90,Rotated 90 degrees,0b514e224b2abc304e66e0f843777bb7414a832179fd3c86d14ec317e0a9688d,71163,375,375,absent,False,False,False,
3df7d33c571e,2026-08-30T01:38:36+00:00,local,,earth_apollo17.jpg,b7ffd2579d0921aae0c0b2edf3cf5ef22621b07f27d7c56a856a09e5428779ad,sdk_test_fixture,absent,rotate_180,Rotated 180 degrees,8096c00e1ac44a4842c0bda35aabd0df53505c22e05ed343b9ab09950920b762,71264,375,375,absent,False,False,False,
ecf389704926,2026-08-30T01:38:36+00:00,local,,earth_apollo17.jpg,b7ffd2579d0921aae0c0b2edf3cf5ef22621b07f27d7c56a856a09e5428779ad,sdk_test_fixture,absent,convert_png_jpeg_png,Converted PNG to JPEG and back to PNG,56deefaba380ed756a25911b6b8db81b6c0b0357131f342f1d61099139fee364,230986,375,375,absent,False,False,False,
3209952953c3,2026-08-30T01:38:36+00:00,local,,earth_apollo17.jpg,b7ffd2579d0921aae0c0b2edf3cf5ef22621b07f27d7c56a856a09e5428779ad,sdk_test_fixture,absent,screenshot,"Screenshotted (pixels recaptured, container discarded)",b255a8bc94fe44ac33c5fd3eab40af631f902a813a45383840c9638d4d35f582,289562,375,375,absent,False,False,False,
8e554ce1b05d,2026-08-30T01:38:36+00:00,local,,earth_apollo17.jpg,b7ffd2579d0921aae0c0b2edf3cf5ef22621b07f27d7c56a856a09e5428779ad,sdk_test_fixture,absent,metadata_scrub,EXIF block removed in place (no re-encode),384080c5424674583c79a962d16bc0fe98b7983e07979a56a5e7f11e91660d1f,173750,375,375,absent,False,False,True,
5f89bea6e4ec,2026-08-30T01:38:36+00:00,local,,earth_apollo17.jpg,b7ffd2579d0921aae0c0b2edf3cf5ef22621b07f27d7c56a856a09e5428779ad,sdk_test_fixture,absent,editor_resave,Opened in an editor and saved (default settings),527926176c92211e2114bb63337f2093e2e02e6edeb96a4ec3dc6406c455386c,55988,375,375,absent,False,False,False,
9ec445bb3e41,2026-08-30T01:38:36+00:00,local,,earth_apollo17.jpg,b7ffd2579d0921aae0c0b2edf3cf5ef22621b07f27d7c56a856a09e5428779ad,sdk_test_fixture,absent,screenshot|recompress_q75,"Screenshotted (pixels recaptured, container discarded) then Re-saved as JPEG at quality 75",3f8421ed69bcfdf952f1ee2342e165726303eb1d9cf1889d9d18ed45d2945c05,32037,375,375,absent,False,False,False,
682c17d48fc5,2026-08-30T01:38:36+00:00,local,,earth_apollo17.jpg,b7ffd2579d0921aae0c0b2edf3cf5ef22621b07f27d7c56a856a09e5428779ad,sdk_test_fixture,absent,resize_50pct|recompress_q75,Resized to 50% of original dimensions then Re-saved as JPEG at quality 75,184ab0ec4277b7726f556d4567ed326c6f065e84f2c2e7587003d955ebcb2cca,9453,187,187,absent,False,False,False,
cae7d48708da,2026-08-30T01:38:36+00:00,local,,earth_apollo17.jpg,b7ffd2579d0921aae0c0b2edf3cf5ef22621b07f27d7c56a856a09e5428779ad,sdk_test_fixture,absent,crop_10pct|recompress_q50,Cropped 10% off each border then Re-saved as JPEG at quality 50,3c99a4e60ec3590f4b7133e9100d8dae6ab4cd762eb29dee802410415f82e0e3,19670,301,301,absent,False,False,False,
26c0cd40c79d,2026-08-30T01:38:36+00:00,local,,earth_apollo17.jpg,b7ffd2579d0921aae0c0b2edf3cf5ef22621b07f27d7c56a856a09e5428779ad,sdk_test_fixture,absent,metadata_scrub|recompress_q75,EXIF block removed in place (no re-encode) then Re-saved as JPEG at quality 75,3f8421ed69bcfdf952f1ee2342e165726303eb1d9cf1889d9d18ed45d2945c05,32037,375,375,absent,False,False,False,
5ff93f571c31,2026-08-30T01:38:36+00:00,local,,legacy_ingredient_hash.jpg,e64168ba337fb8793f8577d4a9194f21df4bf0bce7b90485fe4dc46ccf0d2d2d,sdk_test_fixture,present_valid,none,Untouched original,e64168ba337fb8793f8577d4a9194f21df4bf0bce7b90485fe4dc46ccf0d2d2d,378962,1024,683,present_valid,False,False,True,
6e8e204927d7,2026-08-30T01:38:36+00:00,local,,legacy_ingredient_hash.jpg,e64168ba337fb8793f8577d4a9194f21df4bf0bce7b90485fe4dc46ccf0d2d2d,sdk_test_fixture,present_valid,recompress_q95,Re-saved as JPEG at quality 95,fe373b9b2d4500e15a040cc8a029f1f726069e897aa26a809e09f9b48a0e2e21,75015,1024,683,absent,False,False,False,
23faf504c642,2026-08-30T01:38:36+00:00,local,,legacy_ingredient_hash.jpg,e64168ba337fb8793f8577d4a9194f21df4bf0bce7b90485fe4dc46ccf0d2d2d,sdk_test_fixture,present_valid,recompress_q75,Re-saved as JPEG at quality 75,a455b11cf217a1c13f8156a038366f84de19b11e56a68edcdab367c927fa8c38,41890,1024,683,absent,False,False,False,
63245aa1f548,2026-08-30T01:38:36+00:00,local,,legacy_ingredient_hash.jpg,e64168ba337fb8793f8577d4a9194f21df4bf0bce7b90485fe4dc46ccf0d2d2d,sdk_test_fixture,present_valid,recompress_q50,Re-saved as JPEG at quality 50,eec3147df452351801b8ad6be283f61b830914850294b5b927973b73a24684a9,33463,1024,683,absent,False,False,False,
e226b0564a43,2026-08-30T01:38:36+00:00,local,,legacy_ingredient_hash.jpg,e64168ba337fb8793f8577d4a9194f21df4bf0bce7b90485fe4dc46ccf0d2d2d,sdk_test_fixture,present_valid,resize_75pct,Resized to 75% of original dimensions,c7bcbe53346145d10395b56b702397a8109e6cfa20b4d4b2f952bd2f6a61d862,78027,768,512,absent,False,False,False,
02fbcdaec909,2026-08-30T01:38:36+00:00,local,,legacy_ingredient_hash.jpg,e64168ba337fb8793f8577d4a9194f21df4bf0bce7b90485fe4dc46ccf0d2d2d,sdk_test_fixture,present_valid,resize_50pct,Resized to 50% of original dimensions,89eb8f5dbab35584f558bac389ad61f4007478f7c61858933dbce0c7d861aaa0,42651,512,341,absent,False,False,False,
a43be6d95e8c,2026-08-30T01:38:36+00:00,local,,legacy_ingredient_hash.jpg,e64168ba337fb8793f8577d4a9194f21df4bf0bce7b90485fe4dc46ccf0d2d2d,sdk_test_fixture,present_valid,resize_25pct,Resized to 25% of original dimensions,1ca4f15423ff498f1f746774cdccb2a61b7a90316629992432bc2a34589142a1,15830,256,170,absent,False,False,False,
aa40c269eed6,2026-08-30T01:38:36+00:00,local,,legacy_ingredient_hash.jpg,e64168ba337fb8793f8577d4a9194f21df4bf0bce7b90485fe4dc46ccf0d2d2d,sdk_test_fixture,present_valid,crop_5pct,Cropped 5% off each border,8f7c143598519625efa29888dba4cefccfc28d93aa14d04962a1a57c4a84b013,109172,922,615,absent,False,False,False,
ef918dba4ae1,2026-08-30T01:38:36+00:00,local,,legacy_ingredient_hash.jpg,e64168ba337fb8793f8577d4a9194f21df4bf0bce7b90485fe4dc46ccf0d2d2d,sdk_test_fixture,present_valid,crop_10pct,Cropped 10% off each border,6bdf36dcb93ee064eeb70e6c2713e615cc9c570acdeccc989ba7fdf25b355476,93153,820,547,absent,False,False,False,
d25774406fa3,2026-08-30T01:38:36+00:00,local,,legacy_ingredient_hash.jpg,e64168ba337fb8793f8577d4a9194f21df4bf0bce7b90485fe4dc46ccf0d2d2d,sdk_test_fixture,present_valid,crop_25pct,Cropped 25% off each border,ab11eaff752f6ab1263c81f8bc404369933490f54b442ba160c835bc154198bd,37167,512,343,absent,False,False,False,
58718614e59b,2026-08-30T01:38:36+00:00,local,,legacy_ingredient_hash.jpg,e64168ba337fb8793f8577d4a9194f21df4bf0bce7b90485fe4dc46ccf0d2d2d,sdk_test_fixture,present_valid,rotate_90,Rotated 90 degrees,2b6f129e2292a1d5a1dc9a332152c822ad7aabec8d80676b2aa7038151869aaf,75301,683,1024,absent,False,False,False,
6b0967f758d6,2026-08-30T01:38:37+00:00,local,,legacy_ingredient_hash.jpg,e64168ba337fb8793f8577d4a9194f21df4bf0bce7b90485fe4dc46ccf0d2d2d,sdk_test_fixture,present_valid,rotate_180,Rotated 180 degrees,d411b8f66e73dee858fb8fe17eecb3827590a43cff0d499dc5fabe63f2e2fe68,104504,1024,683,absent,False,False,False,
fca78f440063,2026-08-30T01:38:37+00:00,local,,legacy_ingredient_hash.jpg,e64168ba337fb8793f8577d4a9194f21df4bf0bce7b90485fe4dc46ccf0d2d2d,sdk_test_fixture,present_valid,convert_png_jpeg_png,Converted PNG to JPEG and back to PNG,0bdebedb145567a78dc5a9a1f0141be679f725a5004c3683ca0555cf9eb31d3f,390280,1024,683,absent,False,False,False,
cd074c7ccb24,2026-08-30T01:38:37+00:00,local,,legacy_ingredient_hash.jpg,e64168ba337fb8793f8577d4a9194f21df4bf0bce7b90485fe4dc46ccf0d2d2d,sdk_test_fixture,present_valid,screenshot,"Screenshotted (pixels recaptured, container discarded)",94fd6abc503cfd787e3e541dc203a2bfedaf5efde4417f975bb6e95b720a18ff,337778,1024,683,absent,False,False,False,
4998d62970a8,2026-08-30T01:38:37+00:00,local,,legacy_ingredient_hash.jpg,e64168ba337fb8793f8577d4a9194f21df4bf0bce7b90485fe4dc46ccf0d2d2d,sdk_test_fixture,present_valid,metadata_scrub,EXIF block removed in place (no re-encode),e64168ba337fb8793f8577d4a9194f21df4bf0bce7b90485fe4dc46ccf0d2d2d,378962,1024,683,present_valid,False,False,True,
f993fc36f372,2026-08-30T01:38:37+00:00,local,,legacy_ingredient_hash.jpg,e64168ba337fb8793f8577d4a9194f21df4bf0bce7b90485fe4dc46ccf0d2d2d,sdk_test_fixture,present_valid,editor_resave,Opened in an editor and saved (default settings),6c3bc5c853f1990b601b8ba7bc06c004ebc07fb355d0166ae150ca88fd65615a,60860,1024,683,absent,False,False,False,
5da97f050afa,2026-08-30T01:38:37+00:00,local,,legacy_ingredient_hash.jpg,e64168ba337fb8793f8577d4a9194f21df4bf0bce7b90485fe4dc46ccf0d2d2d,sdk_test_fixture,present_valid,screenshot|recompress_q75,"Screenshotted (pixels recaptured, container discarded) then Re-saved as JPEG at quality 75",a455b11cf217a1c13f8156a038366f84de19b11e56a68edcdab367c927fa8c38,41890,1024,683,absent,False,False,False,
e743a4a2176b,2026-08-30T01:38:37+00:00,local,,legacy_ingredient_hash.jpg,e64168ba337fb8793f8577d4a9194f21df4bf0bce7b90485fe4dc46ccf0d2d2d,sdk_test_fixture,present_valid,resize_50pct|recompress_q75,Resized to 50% of original dimensions then Re-saved as JPEG at quality 75,a8985241905c24dfdf5855abea87ef54c839b7a654098c16cb21129b1e23e80b,17893,512,341,absent,False,False,False,
ed0ce654fc81,2026-08-30T01:38:37+00:00,local,,legacy_ingredient_hash.jpg,e64168ba337fb8793f8577d4a9194f21df4bf0bce7b90485fe4dc46ccf0d2d2d,sdk_test_fixture,present_valid,crop_10pct|recompress_q50,Cropped 10% off each border then Re-saved as JPEG at quality 50,71a46f445022a44c8259eba6daaffc0ffcc65ee98e86ce7b1a7898189613ee81,24748,820,547,absent,False,False,False,
be2f80a1a9e5,2026-08-30T01:38:37+00:00,local,,legacy_ingredient_hash.jpg,e64168ba337fb8793f8577d4a9194f21df4bf0bce7b90485fe4dc46ccf0d2d2d,sdk_test_fixture,present_valid,metadata_scrub|recompress_q75,EXIF block removed in place (no re-encode) then Re-saved as JPEG at quality 75,a455b11cf217a1c13f8156a038366f84de19b11e56a68edcdab367c927fa8c38,41890,1024,683,absent,False,False,False,
4c5b9b6c5d3e,2026-08-30T01:38:37+00:00,local,,libpng-test.png,c5c635a1dbbec9a768c3bb4527dbaea62a1be05efcee17d66799cc07b673b29b,sdk_test_fixture,absent,none,Untouched original,c5c635a1dbbec9a768c3bb4527dbaea62a1be05efcee17d66799cc07b673b29b,3700,91,69,absent,False,False,False,
8ea929dd6f20,2026-08-30T01:38:37+00:00,local,,libpng-test.png,c5c635a1dbbec9a768c3bb4527dbaea62a1be05efcee17d66799cc07b673b29b,sdk_test_fixture,absent,recompress_q95,Re-saved as JPEG at quality 95,a3e15e42541859fca2062b3a69a0422380599c3c7dfccd74c704a99fc47f6745,4231,91,69,absent,False,False,False,
2d808a66740e,2026-08-30T01:38:37+00:00,local,,libpng-test.png,c5c635a1dbbec9a768c3bb4527dbaea62a1be05efcee17d66799cc07b673b29b,sdk_test_fixture,absent,recompress_q75,Re-saved as JPEG at quality 75,10ba6f831a1b34d3d7a3d07a40d5b46870d0b51e53f92730182c28030d9b2011,2166,91,69,absent,False,False,False,
b9650e6cc4b6,2026-08-30T01:38:37+00:00,local,,libpng-test.png,c5c635a1dbbec9a768c3bb4527dbaea62a1be05efcee17d66799cc07b673b29b,sdk_test_fixture,absent,recompress_q50,Re-saved as JPEG at quality 50,06cd405c07811a3f2261b25bec1b8d8c70ed5ade2b1da58c1bff2368995bc645,1661,91,69,absent,False,False,False,
b637f3493c36,2026-08-30T01:38:37+00:00,local,,libpng-test.png,c5c635a1dbbec9a768c3bb4527dbaea62a1be05efcee17d66799cc07b673b29b,sdk_test_fixture,absent,resize_75pct,Resized to 75% of original dimensions,83cfd954fafa3b0539e6519f0b8dfb0fb9de7f5a315b28f9e63f35e96374d380,3028,68,51,absent,False,False,False,
1a5b8b21576c,2026-08-30T01:38:37+00:00,local,,libpng-test.png,c5c635a1dbbec9a768c3bb4527dbaea62a1be05efcee17d66799cc07b673b29b,sdk_test_fixture,absent,resize_50pct,Resized to 50% of original dimensions,4a2dd79a12b56520d1708e14778898b7d01f82c63c21a03e2c60cffb7a40471c,2004,45,34,absent,False,False,False,
d7b1c45a76c5,2026-08-30T01:38:37+00:00,local,,libpng-test.png,c5c635a1dbbec9a768c3bb4527dbaea62a1be05efcee17d66799cc07b673b29b,sdk_test_fixture,absent,resize_25pct,Resized to 25% of original dimensions,f3cff37b9196074c875cb025d3da9bce5b5d335092e38c902e925f5d738d8d68,1066,22,17,absent,False,False,False,
56673db5c3cb,2026-08-30T01:38:37+00:00,local,,libpng-test.png,c5c635a1dbbec9a768c3bb4527dbaea62a1be05efcee17d66799cc07b673b29b,sdk_test_fixture,absent,crop_5pct,Cropped 5% off each border,bb5c55e4e33bec7761b015be176143774cc851b9cf7feae280e5433f09b634c9,4125,83,63,absent,False,False,False,
fde8c70bca17,2026-08-30T01:38:37+00:00,local,,libpng-test.png,c5c635a1dbbec9a768c3bb4527dbaea62a1be05efcee17d66799cc07b673b29b,sdk_test_fixture,absent,crop_10pct,Cropped 10% off each border,edfb3077bc91235f4b93582ad12b5de460974e415f5fb64b8dd2c2cd6b1e5a82,3545,73,57,absent,False,False,False,
7a5225609068,2026-08-30T01:38:37+00:00,local,,libpng-test.png,c5c635a1dbbec9a768c3bb4527dbaea62a1be05efcee17d66799cc07b673b29b,sdk_test_fixture,absent,crop_25pct,Cropped 25% off each border,3309a04f418c7a666e2cae893c401bb9eaee47966f60f9a1c4b42aad260cc51e,2059,47,35,absent,False,False,False,
075723683042,2026-08-30T01:38:37+00:00,local,,libpng-test.png,c5c635a1dbbec9a768c3bb4527dbaea62a1be05efcee17d66799cc07b673b29b,sdk_test_fixture,absent,rotate_90,Rotated 90 degrees,3f399c9fa462a5bea8d0bce79cc7a5db83fa104fb364dd8d57c097cd15e8a3a0,4240,69,91,absent,False,False,False,
4bf13018f8a2,2026-08-30T01:38:37+00:00,local,,libpng-test.png,c5c635a1dbbec9a768c3bb4527dbaea62a1be05efcee17d66799cc07b673b29b,sdk_test_fixture,absent,rotate_180,Rotated 180 degrees,bed18af07d9077ea9f0f13028a08ee9380df2a23a10520556258fbd411b07b01,4270,91,69,absent,False,False,False,
b412aac15436,2026-08-30T01:38:37+00:00,local,,libpng-test.png,c5c635a1dbbec9a768c3bb4527dbaea62a1be05efcee17d66799cc07b673b29b,sdk_test_fixture,absent,convert_png_jpeg_png,Converted PNG to JPEG and back to PNG,0020df1d0b5ae3a148296f2a001127078d71ba5787fae8ba3b68c2be06dd1614,10996,91,69,absent,False,False,False,
b3c61704a524,2026-08-30T01:38:37+00:00,local,,libpng-test.png,c5c635a1dbbec9a768c3bb4527dbaea62a1be05efcee17d66799cc07b673b29b,sdk_test_fixture,absent,screenshot,"Screenshotted (pixels recaptured, container discarded)",86e164267c04c8f1786d0fa336a328503e9ebcc0f4a9fefdabcab135ddc48dbe,5095,91,69,absent,False,False,False,
421a42107d7f,2026-08-30T01:38:37+00:00,local,,libpng-test.png,c5c635a1dbbec9a768c3bb4527dbaea62a1be05efcee17d66799cc07b673b29b,sdk_test_fixture,absent,metadata_scrub,EXIF block removed in place (no re-encode),c5c635a1dbbec9a768c3bb4527dbaea62a1be05efcee17d66799cc07b673b29b,3700,91,69,absent,False,False,False,
c5c5998ff7ff,2026-08-30T01:38:37+00:00,local,,libpng-test.png,c5c635a1dbbec9a768c3bb4527dbaea62a1be05efcee17d66799cc07b673b29b,sdk_test_fixture,absent,editor_resave,Opened in an editor and saved (default settings),3b6cb2e369d285cf08ee6f90c0d92828e20f3d398d85d5b9788dae0e3c4f7e60,3453,91,69,absent,False,False,False,
7f5d91cbdad7,2026-08-30T01:38:37+00:00,local,,libpng-test.png,c5c635a1dbbec9a768c3bb4527dbaea62a1be05efcee17d66799cc07b673b29b,sdk_test_fixture,absent,screenshot|recompress_q75,"Screenshotted (pixels recaptured, container discarded) then Re-saved as JPEG at quality 75",10ba6f831a1b34d3d7a3d07a40d5b46870d0b51e53f92730182c28030d9b2011,2166,91,69,absent,False,False,False,
1e4ee4537ec0,2026-08-30T01:38:37+00:00,local,,libpng-test.png,c5c635a1dbbec9a768c3bb4527dbaea62a1be05efcee17d66799cc07b673b29b,sdk_test_fixture,absent,resize_50pct|recompress_q75,Resized to 50% of original dimensions then Re-saved as JPEG at quality 75,cdd12f9db885794424419e3b1d2279f486b7d81ff006653ef931a1d303b63a26,1215,45,34,absent,False,False,False,
baeb74def8a9,2026-08-30T01:38:37+00:00,local,,libpng-test.png,c5c635a1dbbec9a768c3bb4527dbaea62a1be05efcee17d66799cc07b673b29b,sdk_test_fixture,absent,crop_10pct|recompress_q50,Cropped 10% off each border then Re-saved as JPEG at quality 50,6e5b1ea1020f387a1cbcf9acc6d1122317dd50efcfd06267d8e3973a2304cc44,1497,73,57,absent,False,False,False,
3955a8db8dd5,2026-08-30T01:38:37+00:00,local,,libpng-test.png,c5c635a1dbbec9a768c3bb4527dbaea62a1be05efcee17d66799cc07b673b29b,sdk_test_fixture,absent,metadata_scrub|recompress_q75,EXIF block removed in place (no re-encode) then Re-saved as JPEG at quality 75,10ba6f831a1b34d3d7a3d07a40d5b46870d0b51e53f92730182c28030d9b2011,2166,91,69,absent,False,False,False,
311424b23187,2026-08-30T01:38:37+00:00,local,,libpng-test_with_url.png,8ffdf61c6497696b4a18f8e04b416c749f7ad67f4a1529862f50231db86d1411,sdk_test_fixture,absent,none,Untouched original,8ffdf61c6497696b4a18f8e04b416c749f7ad67f4a1529862f50231db86d1411,4104,91,69,absent,True,False,False,
bdcaa981b3d3,2026-08-30T01:38:37+00:00,local,,libpng-test_with_url.png,8ffdf61c6497696b4a18f8e04b416c749f7ad67f4a1529862f50231db86d1411,sdk_test_fixture,absent,recompress_q95,Re-saved as JPEG at quality 95,a3e15e42541859fca2062b3a69a0422380599c3c7dfccd74c704a99fc47f6745,4231,91,69,absent,False,False,False,
5fac63b19b62,2026-08-30T01:38:37+00:00,local,,libpng-test_with_url.png,8ffdf61c6497696b4a18f8e04b416c749f7ad67f4a1529862f50231db86d1411,sdk_test_fixture,absent,recompress_q75,Re-saved as JPEG at quality 75,10ba6f831a1b34d3d7a3d07a40d5b46870d0b51e53f92730182c28030d9b2011,2166,91,69,absent,False,False,False,
4e5c5421b03a,2026-08-30T01:38:37+00:00,local,,libpng-test_with_url.png,8ffdf61c6497696b4a18f8e04b416c749f7ad67f4a1529862f50231db86d1411,sdk_test_fixture,absent,recompress_q50,Re-saved as JPEG at quality 50,06cd405c07811a3f2261b25bec1b8d8c70ed5ade2b1da58c1bff2368995bc645,1661,91,69,absent,False,False,False,
e15da35e73d0,2026-08-30T01:38:37+00:00,local,,libpng-test_with_url.png,8ffdf61c6497696b4a18f8e04b416c749f7ad67f4a1529862f50231db86d1411,sdk_test_fixture,absent,resize_75pct,Resized to 75% of original dimensions,83cfd954fafa3b0539e6519f0b8dfb0fb9de7f5a315b28f9e63f35e96374d380,3028,68,51,absent,False,False,False,
79cb22552471,2026-08-30T01:38:37+00:00,local,,libpng-test_with_url.png,8ffdf61c6497696b4a18f8e04b416c749f7ad67f4a1529862f50231db86d1411,sdk_test_fixture,absent,resize_50pct,Resized to 50% of original dimensions,4a2dd79a12b56520d1708e14778898b7d01f82c63c21a03e2c60cffb7a40471c,2004,45,34,absent,False,False,False,
6c1d6771f12e,2026-08-30T01:38:37+00:00,local,,libpng-test_with_url.png,8ffdf61c6497696b4a18f8e04b416c749f7ad67f4a1529862f50231db86d1411,sdk_test_fixture,absent,resize_25pct,Resized to 25% of original dimensions,f3cff37b9196074c875cb025d3da9bce5b5d335092e38c902e925f5d738d8d68,1066,22,17,absent,False,False,False,
26dd7e1aae3e,2026-08-30T01:38:37+00:00,local,,libpng-test_with_url.png,8ffdf61c6497696b4a18f8e04b416c749f7ad67f4a1529862f50231db86d1411,sdk_test_fixture,absent,crop_5pct,Cropped 5% off each border,bb5c55e4e33bec7761b015be176143774cc851b9cf7feae280e5433f09b634c9,4125,83,63,absent,False,False,False,
c95588c8d131,2026-08-30T01:38:37+00:00,local,,libpng-test_with_url.png,8ffdf61c6497696b4a18f8e04b416c749f7ad67f4a1529862f50231db86d1411,sdk_test_fixture,absent,crop_10pct,Cropped 10% off each border,edfb3077bc91235f4b93582ad12b5de460974e415f5fb64b8dd2c2cd6b1e5a82,3545,73,57,absent,False,False,False,
9fc0bd7bb5bf,2026-08-30T01:38:37+00:00,local,,libpng-test_with_url.png,8ffdf61c6497696b4a18f8e04b416c749f7ad67f4a1529862f50231db86d1411,sdk_test_fixture,absent,crop_25pct,Cropped 25% off each border,3309a04f418c7a666e2cae893c401bb9eaee47966f60f9a1c4b42aad260cc51e,2059,47,35,absent,False,False,False,
df9cfa4f1454,2026-08-30T01:38:37+00:00,local,,libpng-test_with_url.png,8ffdf61c6497696b4a18f8e04b416c749f7ad67f4a1529862f50231db86d1411,sdk_test_fixture,absent,rotate_90,Rotated 90 degrees,3f399c9fa462a5bea8d0bce79cc7a5db83fa104fb364dd8d57c097cd15e8a3a0,4240,69,91,absent,False,False,False,
6bcdba3a261c,2026-08-30T01:38:37+00:00,local,,libpng-test_with_url.png,8ffdf61c6497696b4a18f8e04b416c749f7ad67f4a1529862f50231db86d1411,sdk_test_fixture,absent,rotate_180,Rotated 180 degrees,bed18af07d9077ea9f0f13028a08ee9380df2a23a10520556258fbd411b07b01,4270,91,69,absent,False,False,False,
5657f574f602,2026-08-30T01:38:37+00:00,local,,libpng-test_with_url.png,8ffdf61c6497696b4a18f8e04b416c749f7ad67f4a1529862f50231db86d1411,sdk_test_fixture,absent,convert_png_jpeg_png,Converted PNG to JPEG and back to PNG,0020df1d0b5ae3a148296f2a001127078d71ba5787fae8ba3b68c2be06dd1614,10996,91,69,absent,False,False,False,
0217a90dedc5,2026-08-30T01:38:37+00:00,local,,libpng-test_with_url.png,8ffdf61c6497696b4a18f8e04b416c749f7ad67f4a1529862f50231db86d1411,sdk_test_fixture,absent,screenshot,"Screenshotted (pixels recaptured, container discarded)",86e164267c04c8f1786d0fa336a328503e9ebcc0f4a9fefdabcab135ddc48dbe,5095,91,69,absent,False,False,False,
dcb8f13bef25,2026-08-30T01:38:37+00:00,local,,libpng-test_with_url.png,8ffdf61c6497696b4a18f8e04b416c749f7ad67f4a1529862f50231db86d1411,sdk_test_fixture,absent,metadata_scrub,EXIF block removed in place (no re-encode),8ffdf61c6497696b4a18f8e04b416c749f7ad67f4a1529862f50231db86d1411,4104,91,69,absent,True,False,False,
09fe988e2207,2026-08-30T01:38:37+00:00,local,,libpng-test_with_url.png,8ffdf61c6497696b4a18f8e04b416c749f7ad67f4a1529862f50231db86d1411,sdk_test_fixture,absent,editor_resave,Opened in an editor and saved (default settings),3b6cb2e369d285cf08ee6f90c0d92828e20f3d398d85d5b9788dae0e3c4f7e60,3453,91,69,absent,False,False,False,
bc2f447f05bc,2026-08-30T01:38:37+00:00,local,,libpng-test_with_url.png,8ffdf61c6497696b4a18f8e04b416c749f7ad67f4a1529862f50231db86d1411,sdk_test_fixture,absent,screenshot|recompress_q75,"Screenshotted (pixels recaptured, container discarded) then Re-saved as JPEG at quality 75",10ba6f831a1b34d3d7a3d07a40d5b46870d0b51e53f92730182c28030d9b2011,2166,91,69,absent,False,False,False,
6d5775f2826c,2026-08-30T01:38:37+00:00,local,,libpng-test_with_url.png,8ffdf61c6497696b4a18f8e04b416c749f7ad67f4a1529862f50231db86d1411,sdk_test_fixture,absent,resize_50pct|recompress_q75,Resized to 50% of original dimensions then Re-saved as JPEG at quality 75,cdd12f9db885794424419e3b1d2279f486b7d81ff006653ef931a1d303b63a26,1215,45,34,absent,False,False,False,
e30c32df9855,2026-08-30T01:38:37+00:00,local,,libpng-test_with_url.png,8ffdf61c6497696b4a18f8e04b416c749f7ad67f4a1529862f50231db86d1411,sdk_test_fixture,absent,crop_10pct|recompress_q50,Cropped 10% off each border then Re-saved as JPEG at quality 50,6e5b1ea1020f387a1cbcf9acc6d1122317dd50efcfd06267d8e3973a2304cc44,1497,73,57,absent,False,False,False,
f7ffc21ce4f0,2026-08-30T01:38:37+00:00,local,,libpng-test_with_url.png,8ffdf61c6497696b4a18f8e04b416c749f7ad67f4a1529862f50231db86d1411,sdk_test_fixture,absent,metadata_scrub|recompress_q75,EXIF block removed in place (no re-encode) then Re-saved as JPEG at quality 75,10ba6f831a1b34d3d7a3d07a40d5b46870d0b51e53f92730182c28030d9b2011,2166,91,69,absent,False,False,False,
fb6afdbdece0,2026-08-30T01:38:37+00:00,local,,mars.webp,e8402f9020e2e0152e9284525f2220afa79897918cc7db0d4815d86e892d3d13,sdk_test_fixture,absent,none,Untouched original,e8402f9020e2e0152e9284525f2220afa79897918cc7db0d4815d86e892d3d13,174860,1053,600,absent,False,False,False,
58a2ccbf930d,2026-08-30T01:38:37+00:00,local,,mars.webp,e8402f9020e2e0152e9284525f2220afa79897918cc7db0d4815d86e892d3d13,sdk_test_fixture,absent,recompress_q95,Re-saved as JPEG at quality 95,ba646401573f54f0de53fb00ee16151d5dd90e29a92987bce5299cd196965fcb,403959,1053,600,absent,False,False,False,
d2daf17599b2,2026-08-30T01:38:37+00:00,local,,mars.webp,e8402f9020e2e0152e9284525f2220afa79897918cc7db0d4815d86e892d3d13,sdk_test_fixture,absent,recompress_q75,Re-saved as JPEG at quality 75,4560462a9417c03ab34fb826a43289dc107e3ed97b1c830ca3a2b3b6bcdd5e89,195012,1053,600,absent,False,False,False,
e696a72a600f,2026-08-30T01:38:37+00:00,local,,mars.webp,e8402f9020e2e0152e9284525f2220afa79897918cc7db0d4815d86e892d3d13,sdk_test_fixture,absent,recompress_q50,Re-saved as JPEG at quality 50,56b3786fdcfe4abd73b6d3ed30b245b26b7c694f1ac0a91f6928b1292aa3229c,126817,1053,600,absent,False,False,False,
ea4de0824763,2026-08-30T01:38:37+00:00,local,,mars.webp,e8402f9020e2e0152e9284525f2220afa79897918cc7db0d4815d86e892d3d13,sdk_test_fixture,absent,resize_75pct,Resized to 75% of original dimensions,fa70770e3bc3dfdcbfc93e218579f6d337d9ba8e3b33416ff95e3868b226719a,224062,789,450,absent,False,False,False,
5aa1c924981e,2026-08-30T01:38:37+00:00,local,,mars.webp,e8402f9020e2e0152e9284525f2220afa79897918cc7db0d4815d86e892d3d13,sdk_test_fixture,absent,resize_50pct,Resized to 50% of original dimensions,2e2685d1783e9a0e22d4967b564773e4479f88682225af054398bf47553d27ee,100555,526,300,absent,False,False,False,
866aebc2bad2,2026-08-30T01:38:37+00:00,local,,mars.webp,e8402f9020e2e0152e9284525f2220afa79897918cc7db0d4815d86e892d3d13,sdk_test_fixture,absent,resize_25pct,Resized to 25% of original dimensions,9e12774c2d4b4b51d21cc253dbd8c9722fe2eeb94141efb690368383acef01c2,26171,263,150,absent,False,False,False,
0005ca139d7b,2026-08-30T01:38:37+00:00,local,,mars.webp,e8402f9020e2e0152e9284525f2220afa79897918cc7db0d4815d86e892d3d13,sdk_test_fixture,absent,crop_5pct,Cropped 5% off each border,1416d33d453c47eb9213c8ace17cf6de626626f3aa803670bff25f6d5d8fc20c,361617,949,540,absent,False,False,False,
6112a2388e19,2026-08-30T01:38:37+00:00,local,,mars.webp,e8402f9020e2e0152e9284525f2220afa79897918cc7db0d4815d86e892d3d13,sdk_test_fixture,absent,crop_10pct,Cropped 10% off each border,2bdddd5e515593d5f87f10678fe7b34455556e703b266c43d613d018827e77aa,289860,843,480,absent,False,False,False,
ebf32e7b19e3,2026-08-30T01:38:37+00:00,local,,mars.webp,e8402f9020e2e0152e9284525f2220afa79897918cc7db0d4815d86e892d3d13,sdk_test_fixture,absent,crop_25pct,Cropped 25% off each border,50bd24c8caca96958b3b5ce6ad6c98e3d206e65c20dd9165367fe91f033497e7,119724,527,300,absent,False,False,False,
94186b775bc6,2026-08-30T01:38:38+00:00,local,,mars.webp,e8402f9020e2e0152e9284525f2220afa79897918cc7db0d4815d86e892d3d13,sdk_test_fixture,absent,rotate_90,Rotated 90 degrees,1c33c97f3b445e2a43633cbb00473b1d091f04c923d553d4d9ed4a6c2c3accb9,407803,600,1053,absent,False,False,False,
6b7ce6815834,2026-08-30T01:38:38+00:00,local,,mars.webp,e8402f9020e2e0152e9284525f2220afa79897918cc7db0d4815d86e892d3d13,sdk_test_fixture,absent,rotate_180,Rotated 180 degrees,cd0e86a06b801a91368f626faf52f8a4851396daa3a288a03cd7e2288fbf8b86,407058,1053,600,absent,False,False,False,
7c90a99e34b2,2026-08-30T01:38:38+00:00,local,,mars.webp,e8402f9020e2e0152e9284525f2220afa79897918cc7db0d4815d86e892d3d13,sdk_test_fixture,absent,convert_png_jpeg_png,Converted PNG to JPEG and back to PNG,a8f48afb7adf9d070f6e2f9c372a4e09b1c9d4362155b7e8c69cd07503def4e2,1190471,1053,600,absent,False,False,False,
e23f1899ff64,2026-08-30T01:38:38+00:00,local,,mars.webp,e8402f9020e2e0152e9284525f2220afa79897918cc7db0d4815d86e892d3d13,sdk_test_fixture,absent,screenshot,"Screenshotted (pixels recaptured, container discarded)",3f0ba0a4abde31a04c9410e36dd654c42d409f179b3ff2cd062cb870ca23f275,1256859,1053,600,absent,False,False,False,
24eeee75efec,2026-08-30T01:38:38+00:00,local,,mars.webp,e8402f9020e2e0152e9284525f2220afa79897918cc7db0d4815d86e892d3d13,sdk_test_fixture,absent,metadata_scrub,EXIF block removed in place (no re-encode),e8402f9020e2e0152e9284525f2220afa79897918cc7db0d4815d86e892d3d13,174860,1053,600,absent,False,False,False,
19ddbe515edd,2026-08-30T01:38:38+00:00,local,,mars.webp,e8402f9020e2e0152e9284525f2220afa79897918cc7db0d4815d86e892d3d13,sdk_test_fixture,absent,editor_resave,Opened in an editor and saved (default settings),63abd90c62a34052437d97d976bfbf937f367784166c960dbcef8f444bc60546,329568,1053,600,absent,False,False,False,
5ab4f2bc5032,2026-08-30T01:38:38+00:00,local,,mars.webp,e8402f9020e2e0152e9284525f2220afa79897918cc7db0d4815d86e892d3d13,sdk_test_fixture,absent,screenshot|recompress_q75,"Screenshotted (pixels recaptured, container discarded) then Re-saved as JPEG at quality 75",4560462a9417c03ab34fb826a43289dc107e3ed97b1c830ca3a2b3b6bcdd5e89,195012,1053,600,absent,False,False,False,
791a408988ca,2026-08-30T01:38:38+00:00,local,,mars.webp,e8402f9020e2e0152e9284525f2220afa79897918cc7db0d4815d86e892d3d13,sdk_test_fixture,absent,resize_50pct|recompress_q75,Resized to 50% of original dimensions then Re-saved as JPEG at quality 75,cc1c89c3d03991b9839f84a869d3c2e61997265b18c43bf767bc937e239a88ee,46056,526,300,absent,False,False,False,
c2c3acd7cc75,2026-08-30T01:38:38+00:00,local,,mars.webp,e8402f9020e2e0152e9284525f2220afa79897918cc7db0d4815d86e892d3d13,sdk_test_fixture,absent,crop_10pct|recompress_q50,Cropped 10% off each border then Re-saved as JPEG at quality 50,fd06f6e9f0b56a275eef6640cb7a076dac5ce8e29ba6f51bb805594e5ac5ec84,90618,843,480,absent,False,False,False,
c5a5066e7fd0,2026-08-30T01:38:38+00:00,local,,mars.webp,e8402f9020e2e0152e9284525f2220afa79897918cc7db0d4815d86e892d3d13,sdk_test_fixture,absent,metadata_scrub|recompress_q75,EXIF block removed in place (no re-encode) then Re-saved as JPEG at quality 75,4560462a9417c03ab34fb826a43289dc107e3ed97b1c830ca3a2b3b6bcdd5e89,195012,1053,600,absent,False,False,False,
f591398d57e9,2026-08-30T01:38:38+00:00,local,,no_alg.jpg,7c91641416c18319b823c292ae603c5354892ac365c05543519154c48c6a1f8a,sdk_test_fixture,present_invalid,none,Untouched original,7c91641416c18319b823c292ae603c5354892ac365c05543519154c48c6a1f8a,86499,480,270,present_invalid,False,True,False,
c42c4e4ca4b2,2026-08-30T01:38:38+00:00,local,,no_alg.jpg,7c91641416c18319b823c292ae603c5354892ac365c05543519154c48c6a1f8a,sdk_test_fixture,present_invalid,recompress_q95,Re-saved as JPEG at quality 95,fcecc065a7546722f1838de912650e685f6839dfa26be7c15341e80c4ac12dee,51766,480,270,absent,False,False,False,
0f4021950179,2026-08-30T01:38:38+00:00,local,,no_alg.jpg,7c91641416c18319b823c292ae603c5354892ac365c05543519154c48c6a1f8a,sdk_test_fixture,present_invalid,recompress_q75,Re-saved as JPEG at quality 75,288be5fdf9852d6fa9f3abe45185c3e7a677f2b9bb7e33a7d0960dc7e90b3ba1,20498,480,270,absent,False,False,False,
428cc1300705,2026-08-30T01:38:38+00:00,local,,no_alg.jpg,7c91641416c18319b823c292ae603c5354892ac365c05543519154c48c6a1f8a,sdk_test_fixture,present_invalid,recompress_q50,Re-saved as JPEG at quality 50,97c7d28d3a1038a1edc173fa886c8b7247dea843b586bb1aea74e9a20c53a708,13225,480,270,absent,False,False,False,
e85eba80a448,2026-08-30T01:38:38+00:00,local,,no_alg.jpg,7c91641416c18319b823c292ae603c5354892ac365c05543519154c48c6a1f8a,sdk_test_fixture,present_invalid,resize_75pct,Resized to 75% of original dimensions,e16b00ae1c48c49ae804037147842232933230bd46bc9139cccb4391ed490dc3,29776,360,202,absent,False,False,False,
d308383ecc1a,2026-08-30T01:38:38+00:00,local,,no_alg.jpg,7c91641416c18319b823c292ae603c5354892ac365c05543519154c48c6a1f8a,sdk_test_fixture,present_invalid,resize_50pct,Resized to 50% of original dimensions,5eda3f475800587ad32317557cd661da29d990e4a501883cb4513d0f0b215828,13592,240,135,absent,False,False,False,
1a53c65a9ec2,2026-08-30T01:38:38+00:00,local,,no_alg.jpg,7c91641416c18319b823c292ae603c5354892ac365c05543519154c48c6a1f8a,sdk_test_fixture,present_invalid,resize_25pct,Resized to 25% of original dimensions,8f5e676b62d52d851f23b19d724a12d179b7ee6511155639627e066d86373470,4170,120,67,absent,False,False,False,
0b819de4f38e,2026-08-30T01:38:38+00:00,local,,no_alg.jpg,7c91641416c18319b823c292ae603c5354892ac365c05543519154c48c6a1f8a,sdk_test_fixture,present_invalid,crop_5pct,Cropped 5% off each border,9101f75d0eace066f2167b40e5a1a0fb11b9862a657ff70ed87f8841fb904fd3,43005,432,244,absent,False,False,False,
b3bf143b1908,2026-08-30T01:38:38+00:00,local,,no_alg.jpg,7c91641416c18319b823c292ae603c5354892ac365c05543519154c48c6a1f8a,sdk_test_fixture,present_invalid,crop_10pct,Cropped 10% off each border,e62619b204fc67d6994d9b0e5feaca25516e960b25ef2b635803a00fce1c37b6,33862,384,216,absent,False,False,False,
3df102b31e03,2026-08-30T01:38:38+00:00,local,,no_alg.jpg,7c91641416c18319b823c292ae603c5354892ac365c05543519154c48c6a1f8a,sdk_test_fixture,present_invalid,crop_25pct,Cropped 25% off each border,75ac8b1ddfe5c78d18030651612453e6807fd3add2f97c66c8a4145ac36397f3,14652,240,136,absent,False,False,False,
c9e898fc63ba,2026-08-30T01:38:38+00:00,local,,no_alg.jpg,7c91641416c18319b823c292ae603c5354892ac365c05543519154c48c6a1f8a,sdk_test_fixture,present_invalid,rotate_90,Rotated 90 degrees,ff57d5768b8c7597cc980409f81ed9a34d9b0ae613fcd59995b08c2f7e61eef8,52013,270,480,absent,False,False,False,
789ec21040de,2026-08-30T01:38:38+00:00,local,,no_alg.jpg,7c91641416c18319b823c292ae603c5354892ac365c05543519154c48c6a1f8a,sdk_test_fixture,present_invalid,rotate_180,Rotated 180 degrees,f522c539fb03d8ee30ab20dbeaeaa1714c8494ab660ad6ca3ae53ad2688c0861,52115,480,270,absent,False,False,False,
f5dd1ab7998e,2026-08-30T01:38:38+00:00,local,,no_alg.jpg,7c91641416c18319b823c292ae603c5354892ac365c05543519154c48c6a1f8a,sdk_test_fixture,present_invalid,convert_png_jpeg_png,Converted PNG to JPEG and back to PNG,04741e25ca7b8ccad42b40dd85f2a8e01107d7715be2eba5381c160d04488cd2,174111,480,270,absent,False,False,False,
122aa1607d3d,2026-08-30T01:38:38+00:00,local,,no_alg.jpg,7c91641416c18319b823c292ae603c5354892ac365c05543519154c48c6a1f8a,sdk_test_fixture,present_invalid,screenshot,"Screenshotted (pixels recaptured, container discarded)",34f9062dc4823a6f994b1f0ecf038a7650054fda1293930bbc603d51d8195fe4,189058,480,270,absent,False,False,False,
a4ad36572c8d,2026-08-30T01:38:39+00:00,local,,no_alg.jpg,7c91641416c18319b823c292ae603c5354892ac365c05543519154c48c6a1f8a,sdk_test_fixture,present_invalid,metadata_scrub,EXIF block removed in place (no re-encode),47c1c631e54937a2bc3db8bf61432c4e1a1cfa329ff68707430be7ee72da4df6,77977,480,270,present_invalid,False,False,False,
fbbebe31c886,2026-08-30T01:38:39+00:00,local,,no_alg.jpg,7c91641416c18319b823c292ae603c5354892ac365c05543519154c48c6a1f8a,sdk_test_fixture,present_invalid,editor_resave,Opened in an editor and saved (default settings),a2dd66d392850fadb7d27b2f528eb3686985772f9c1b75cca0ca189da9679f52,40404,480,270,absent,False,False,False,
30a80cf9b750,2026-08-30T01:38:39+00:00,local,,no_alg.jpg,7c91641416c18319b823c292ae603c5354892ac365c05543519154c48c6a1f8a,sdk_test_fixture,present_invalid,screenshot|recompress_q75,"Screenshotted (pixels recaptured, container discarded) then Re-saved as JPEG at quality 75",288be5fdf9852d6fa9f3abe45185c3e7a677f2b9bb7e33a7d0960dc7e90b3ba1,20498,480,270,absent,False,False,False,
be46b6b28cc2,2026-08-30T01:38:39+00:00,local,,no_alg.jpg,7c91641416c18319b823c292ae603c5354892ac365c05543519154c48c6a1f8a,sdk_test_fixture,present_invalid,resize_50pct|recompress_q75,Resized to 50% of original dimensions then Re-saved as JPEG at quality 75,cc6edbd59b77047d1cf86191c47ec7ff7d9852ce76ab51a911329f490bee2b50,5756,240,135,absent,False,False,False,
218d53b20ac4,2026-08-30T01:38:39+00:00,local,,no_alg.jpg,7c91641416c18319b823c292ae603c5354892ac365c05543519154c48c6a1f8a,sdk_test_fixture,present_invalid,crop_10pct|recompress_q50,Cropped 10% off each border then Re-saved as JPEG at quality 50,cb7e8fbd34dd27952983d39feb2c8aa3050c10e30ea05e831d4d5569581412a4,8757,384,216,absent,False,False,False,
fb90e9d6c8ce,2026-08-30T01:38:39+00:00,local,,no_alg.jpg,7c91641416c18319b823c292ae603c5354892ac365c05543519154c48c6a1f8a,sdk_test_fixture,present_invalid,metadata_scrub|recompress_q75,EXIF block removed in place (no re-encode) then Re-saved as JPEG at quality 75,288be5fdf9852d6fa9f3abe45185c3e7a677f2b9bb7e33a7d0960dc7e90b3ba1,20498,480,270,absent,False,False,False,
8df4ff6f64fb,2026-08-30T01:38:39+00:00,local,,no_manifest.jpg,9ac395ca04fc9d348acf6f81920f5e894d336341c3f764ca86c354eec6f7c2d6,sdk_test_fixture,absent,none,Untouched original,9ac395ca04fc9d348acf6f81920f5e894d336341c3f764ca86c354eec6f7c2d6,97591,2100,1500,absent,False,True,True,
765e7115b63b,2026-08-30T01:38:39+00:00,local,,no_manifest.jpg,9ac395ca04fc9d348acf6f81920f5e894d336341c3f764ca86c354eec6f7c2d6,sdk_test_fixture,absent,recompress_q95,Re-saved as JPEG at quality 95,f2ce31da29d133ae405b122f86c1c7bf0d8eaf07d0379f0371d6a6bfd73093cd,159740,2100,1500,absent,False,False,False,
047c3c764a70,2026-08-30T01:38:39+00:00,local,,no_manifest.jpg,9ac395ca04fc9d348acf6f81920f5e894d336341c3f764ca86c354eec6f7c2d6,sdk_test_fixture,absent,recompress_q75,Re-saved as JPEG at quality 75,8123ddd9ec735ac739fa845cd4de4f92f871bbd6294dfc80204b0fb4f8b34300,112005,2100,1500,absent,False,False,False,
7bd08aeb7a7b,2026-08-30T01:38:39+00:00,local,,no_manifest.jpg,9ac395ca04fc9d348acf6f81920f5e894d336341c3f764ca86c354eec6f7c2d6,sdk_test_fixture,absent,recompress_q50,Re-saved as JPEG at quality 50,18550e6ee141cb8b36810bd5e2363eedd9ab0455a616a12e79fc9f51489e0504,96498,2100,1500,absent,False,False,False,
f0dbb8e8b9cd,2026-08-30T01:38:39+00:00,local,,no_manifest.jpg,9ac395ca04fc9d348acf6f81920f5e894d336341c3f764ca86c354eec6f7c2d6,sdk_test_fixture,absent,resize_75pct,Resized to 75% of original dimensions,381954448380de9760d70bc57c54c7d5231694ce8134a3bed8b82a52de91b4ae,112912,1575,1125,absent,False,False,False,
5e3807c4174d,2026-08-30T01:38:39+00:00,local,,no_manifest.jpg,9ac395ca04fc9d348acf6f81920f5e894d336341c3f764ca86c354eec6f7c2d6,sdk_test_fixture,absent,resize_50pct,Resized to 50% of original dimensions,b4cf19605b7568113870c7675edf2682c7b60580bd4083fd7301af25c4796dff,63408,1050,750,absent,False,False,False,
98279f6905eb,2026-08-30T01:38:39+00:00,local,,no_manifest.jpg,9ac395ca04fc9d348acf6f81920f5e894d336341c3f764ca86c354eec6f7c2d6,sdk_test_fixture,absent,resize_25pct,Resized to 25% of original dimensions,69b43fba0dff281452ce9234cfac5bae3fdcad7da79773c7b7f69f8f5c2bd094,24821,525,375,absent,False,False,False,
0c05eb479ff1,2026-08-30T01:38:39+00:00,local,,no_manifest.jpg,9ac395ca04fc9d348acf6f81920f5e894d336341c3f764ca86c354eec6f7c2d6,sdk_test_fixture,absent,crop_5pct,Cropped 5% off each border,1ecb18beb7c03b4afa35b43ce28ff4dbfde2424f3f27ee97b23210ad4d2b99f9,165821,1890,1350,absent,False,False,False,
fddf1d483b79,2026-08-30T01:38:39+00:00,local,,no_manifest.jpg,9ac395ca04fc9d348acf6f81920f5e894d336341c3f764ca86c354eec6f7c2d6,sdk_test_fixture,absent,crop_10pct,Cropped 10% off each border,75818d75b3a11e89af308cf5cb360a5ef10313f5e4bf25d38c41c36a541ec6d4,160382,1680,1200,absent,False,False,False,
e1d745ac5cbb,2026-08-30T01:38:39+00:00,local,,no_manifest.jpg,9ac395ca04fc9d348acf6f81920f5e894d336341c3f764ca86c354eec6f7c2d6,sdk_test_fixture,absent,crop_25pct,Cropped 25% off each border,dede9186dc0f96d80657bd25052a14bd7cf7102242f09829e84ba4df76b57130,76339,1050,750,absent,False,False,False,
951a7a49642f,2026-08-30T01:38:39+00:00,local,,no_manifest.jpg,9ac395ca04fc9d348acf6f81920f5e894d336341c3f764ca86c354eec6f7c2d6,sdk_test_fixture,absent,rotate_90,Rotated 90 degrees,d6a5fd1aebd83dd0dae384313b4b2d98235a12d6cc99ff8967eebb4d190bb624,174167,1500,2100,absent,False,False,False,
a10646ae9d45,2026-08-30T01:38:39+00:00,local,,no_manifest.jpg,9ac395ca04fc9d348acf6f81920f5e894d336341c3f764ca86c354eec6f7c2d6,sdk_test_fixture,absent,rotate_180,Rotated 180 degrees,d27bfd8c6ec5da632dd3d4b755303a426186858258b0ff8691c1f2860c94b1a8,179473,2100,1500,absent,False,False,False,
a0b6b76bf879,2026-08-30T01:38:40+00:00,local,,no_manifest.jpg,9ac395ca04fc9d348acf6f81920f5e894d336341c3f764ca86c354eec6f7c2d6,sdk_test_fixture,absent,convert_png_jpeg_png,Converted PNG to JPEG and back to PNG,d5eedf87adc99dc550584b0b209d31f965aa84b86e56996cc0bd498d4d093bb2,212499,2100,1500,absent,False,False,False,
f8ca28c55db1,2026-08-30T01:38:40+00:00,local,,no_manifest.jpg,9ac395ca04fc9d348acf6f81920f5e894d336341c3f764ca86c354eec6f7c2d6,sdk_test_fixture,absent,screenshot,"Screenshotted (pixels recaptured, container discarded)",30ff9482dd3cfabf2d645b660ee3898d8fa9b2d0d946de8ad91341d6d06e8c8c,200014,2100,1500,absent,False,False,False,
ff32526b4afc,2026-08-30T01:38:40+00:00,local,,no_manifest.jpg,9ac395ca04fc9d348acf6f81920f5e894d336341c3f764ca86c354eec6f7c2d6,sdk_test_fixture,absent,metadata_scrub,EXIF block removed in place (no re-encode),d001c933245a712ecff506029936c774c069abc237840af3b2dbd2a0995ea3d4,93961,2100,1500,absent,False,False,True,
33db9f155a4c,2026-08-30T01:38:40+00:00,local,,no_manifest.jpg,9ac395ca04fc9d348acf6f81920f5e894d336341c3f764ca86c354eec6f7c2d6,sdk_test_fixture,absent,editor_resave,Opened in an editor and saved (default settings),a6e7ca7050b88c70cc6b949b0311f2224119587bb15b9ab300c009f39e93be6f,141228,2100,1500,absent,False,False,False,
4d0cf06c2d3c,2026-08-30T01:38:40+00:00,local,,no_manifest.jpg,9ac395ca04fc9d348acf6f81920f5e894d336341c3f764ca86c354eec6f7c2d6,sdk_test_fixture,absent,screenshot|recompress_q75,"Screenshotted (pixels recaptured, container discarded) then Re-saved as JPEG at quality 75",8123ddd9ec735ac739fa845cd4de4f92f871bbd6294dfc80204b0fb4f8b34300,112005,2100,1500,absent,False,False,False,
191d412778cb,2026-08-30T01:38:40+00:00,local,,no_manifest.jpg,9ac395ca04fc9d348acf6f81920f5e894d336341c3f764ca86c354eec6f7c2d6,sdk_test_fixture,absent,resize_50pct|recompress_q75,Resized to 50% of original dimensions then Re-saved as JPEG at quality 75,1a6a7e697956eb6ab2ef97c7a06d13d82c0dfb0e214c78e20b31170456a8234f,38694,1050,750,absent,False,False,False,
6335762dda60,2026-08-30T01:38:40+00:00,local,,no_manifest.jpg,9ac395ca04fc9d348acf6f81920f5e894d336341c3f764ca86c354eec6f7c2d6,sdk_test_fixture,absent,crop_10pct|recompress_q50,Cropped 10% off each border then Re-saved as JPEG at quality 50,23199ab7bfd06c7bfa5e41a367d52606b3f96a110a6ac8b09f9a9ffb12623390,78056,1680,1200,absent,False,False,False,
2dd0a0fd9d40,2026-08-30T01:38:40+00:00,local,,no_manifest.jpg,9ac395ca04fc9d348acf6f81920f5e894d336341c3f764ca86c354eec6f7c2d6,sdk_test_fixture,absent,metadata_scrub|recompress_q75,EXIF block removed in place (no re-encode) then Re-saved as JPEG at quality 75,8123ddd9ec735ac739fa845cd4de4f92f871bbd6294dfc80204b0fb4f8b34300,112005,2100,1500,absent,False,False,False,
b529963cd62c,2026-08-30T01:38:40+00:00,local,,ocsp.jpg,49a6b089bf3fe610960ef91b2beb81c86b62e7d531c97f33fc029841d864b2cb,sdk_test_fixture,present_valid,none,Untouched original,49a6b089bf3fe610960ef91b2beb81c86b62e7d531c97f33fc029841d864b2cb,285562,1000,700,present_valid,False,True,False,
524b9770f851,2026-08-30T01:38:40+00:00,local,,ocsp.jpg,49a6b089bf3fe610960ef91b2beb81c86b62e7d531c97f33fc029841d864b2cb,sdk_test_fixture,present_valid,recompress_q95,Re-saved as JPEG at quality 95,268ddc1a358c1294fbf059668814f33dd8cf3a12c4a0c7900babbc07befa7047,87343,1000,700,absent,False,False,False,
ce8093208acc,2026-08-30T01:38:40+00:00,local,,ocsp.jpg,49a6b089bf3fe610960ef91b2beb81c86b62e7d531c97f33fc029841d864b2cb,sdk_test_fixture,present_valid,recompress_q75,Re-saved as JPEG at quality 75,9f8025ed66c31bbce70bf4f42ee79289f704141c9dc6791d597b4a2d0add6f19,49489,1000,700,absent,False,False,False,
7b83686f808a,2026-08-30T01:38:40+00:00,local,,ocsp.jpg,49a6b089bf3fe610960ef91b2beb81c86b62e7d531c97f33fc029841d864b2cb,sdk_test_fixture,present_valid,recompress_q50,Re-saved as JPEG at quality 50,f2823d92d124c307def849b5b1028ecbda11c09e71e008d1ab4f2e6b256e8a58,40248,1000,700,absent,False,False,False,
f025de7a9fa6,2026-08-30T01:38:40+00:00,local,,ocsp.jpg,49a6b089bf3fe610960ef91b2beb81c86b62e7d531c97f33fc029841d864b2cb,sdk_test_fixture,present_valid,resize_75pct,Resized to 75% of original dimensions,d565cef7ffc744d18ecdf1f7796d358ee9410853de2dff0acb6fb46cdc63b89c,119826,750,525,absent,False,False,False,
20a41b8cf624,2026-08-30T01:38:40+00:00,local,,ocsp.jpg,49a6b089bf3fe610960ef91b2beb81c86b62e7d531c97f33fc029841d864b2cb,sdk_test_fixture,present_valid,resize_50pct,Resized to 50% of original dimensions,af24076dd2528a5256c52ff6d3c7bc530624d14a3e570db500b020e82cdb7f23,61698,500,350,absent,False,False,False,
50c7f8d4a2b8,2026-08-30T01:38:40+00:00,local,,ocsp.jpg,49a6b089bf3fe610960ef91b2beb81c86b62e7d531c97f33fc029841d864b2cb,sdk_test_fixture,present_valid,resize_25pct,Resized to 25% of original dimensions,c0853ff832301ff89a5bf4b00cc6e02a5aa5ceec5a5ea2296d1668127037d30a,22240,250,175,absent,False,False,False,
4fcfab177d95,2026-08-30T01:38:40+00:00,local,,ocsp.jpg,49a6b089bf3fe610960ef91b2beb81c86b62e7d531c97f33fc029841d864b2cb,sdk_test_fixture,present_valid,crop_5pct,Cropped 5% off each border,533bb9ae5cddf136064abd78b1bdef0ddac31efb0389eb7ea07a8e564f2784e2,160923,900,630,absent,False,False,False,
b379f2ea60fb,2026-08-30T01:38:40+00:00,local,,ocsp.jpg,49a6b089bf3fe610960ef91b2beb81c86b62e7d531c97f33fc029841d864b2cb,sdk_test_fixture,present_valid,crop_10pct,Cropped 10% off each border,b65a6f59f19150adff9a94998cf4560ebc9ddde7559fae691131aacffa735099,133068,800,560,absent,False,False,False,
8b8c28a6eb5d,2026-08-30T01:38:40+00:00,local,,ocsp.jpg,49a6b089bf3fe610960ef91b2beb81c86b62e7d531c97f33fc029841d864b2cb,sdk_test_fixture,present_valid,crop_25pct,Cropped 25% off each border,53f6e994e18de0c2923362596acb5cc7a7257ba17a6058bf80dfed0fa11b3e06,54259,500,350,absent,False,False,False,
c73e0e1056aa,2026-08-30T01:38:40+00:00,local,,ocsp.jpg,49a6b089bf3fe610960ef91b2beb81c86b62e7d531c97f33fc029841d864b2cb,sdk_test_fixture,present_valid,rotate_90,Rotated 90 degrees,541de0c1986efee6e6903bde5a3ebe8c792b21dd82bf23639c0ed26438e7fe77,97628,700,1000,absent,False,False,False,
d1d7fc492ed9,2026-08-30T01:38:40+00:00,local,,ocsp.jpg,49a6b089bf3fe610960ef91b2beb81c86b62e7d531c97f33fc029841d864b2cb,sdk_test_fixture,present_valid,rotate_180,Rotated 180 degrees,82d76f7467b5d1706d7e77b5818d95c71aac6ce519bdc1b905632f10329a75db,167928,1000,700,absent,False,False,False,
63fe7485e340,2026-08-30T01:38:40+00:00,local,,ocsp.jpg,49a6b089bf3fe610960ef91b2beb81c86b62e7d531c97f33fc029841d864b2cb,sdk_test_fixture,present_valid,convert_png_jpeg_png,Converted PNG to JPEG and back to PNG,35bf9fa315d4e26bcb4042d8a42d981cdc9340038ec7b39000fecbd4fcc8cd53,484707,1000,700,absent,False,False,False,
718ce96ebfc1,2026-08-30T01:38:40+00:00,local,,ocsp.jpg,49a6b089bf3fe610960ef91b2beb81c86b62e7d531c97f33fc029841d864b2cb,sdk_test_fixture,present_valid,screenshot,"Screenshotted (pixels recaptured, container discarded)",d62a336a509f0b8b5568ae87374edade86630c9dec9dedf78e94e2c68b28d304,460784,1000,700,absent,False,False,False,
628b2d155137,2026-08-30T01:38:40+00:00,local,,ocsp.jpg,49a6b089bf3fe610960ef91b2beb81c86b62e7d531c97f33fc029841d864b2cb,sdk_test_fixture,present_valid,metadata_scrub,EXIF block removed in place (no re-encode),4b71f4b122cb546bb31766cb6a1ab06d0898e5df65088941b8f223bc5d2d9f28,285482,1000,700,present_invalid,False,False,False,
75ae4d641928,2026-08-30T01:38:40+00:00,local,,ocsp.jpg,49a6b089bf3fe610960ef91b2beb81c86b62e7d531c97f33fc029841d864b2cb,sdk_test_fixture,present_valid,editor_resave,Opened in an editor and saved (default settings),6775bddc43a9aebae82f8c833359b847a9b446814da230757021d2865c45a4b4,70307,1000,700,absent,False,False,False,
06ea15860c13,2026-08-30T01:38:40+00:00,local,,ocsp.jpg,49a6b089bf3fe610960ef91b2beb81c86b62e7d531c97f33fc029841d864b2cb,sdk_test_fixture,present_valid,screenshot|recompress_q75,"Screenshotted (pixels recaptured, container discarded) then Re-saved as JPEG at quality 75",9f8025ed66c31bbce70bf4f42ee79289f704141c9dc6791d597b4a2d0add6f19,49489,1000,700,absent,False,False,False,
65f823f325e2,2026-08-30T01:38:40+00:00,local,,ocsp.jpg,49a6b089bf3fe610960ef91b2beb81c86b62e7d531c97f33fc029841d864b2cb,sdk_test_fixture,present_valid,resize_50pct|recompress_q75,Resized to 50% of original dimensions then Re-saved as JPEG at quality 75,c1eac173234622ba3ab03a8b1c0dc14dd88defd6396b8ab623b9b6db0805f665,27065,500,350,absent,False,False,False,
a1c739694f95,2026-08-30T01:38:40+00:00,local,,ocsp.jpg,49a6b089bf3fe610960ef91b2beb81c86b62e7d531c97f33fc029841d864b2cb,sdk_test_fixture,present_valid,crop_10pct|recompress_q50,Cropped 10% off each border then Re-saved as JPEG at quality 50,6af39e45b8628e6f14223664a51d5e6f60b044da2b7d202e4421a33cd941472c,36580,800,560,absent,False,False,False,
bec5b2c321d2,2026-08-30T01:38:40+00:00,local,,ocsp.jpg,49a6b089bf3fe610960ef91b2beb81c86b62e7d531c97f33fc029841d864b2cb,sdk_test_fixture,present_valid,metadata_scrub|recompress_q75,EXIF block removed in place (no re-encode) then Re-saved as JPEG at quality 75,9f8025ed66c31bbce70bf4f42ee79289f704141c9dc6791d597b4a2d0add6f19,49489,1000,700,absent,False,False,False,
4b76c1acace2,2026-08-30T01:38:40+00:00,local,,prerelease.jpg,17ea3035caaa4eb6f7cb06c89bda6c86a74a92c40dc5b8119e9954ed9cd99831,sdk_test_fixture,present_invalid,none,Untouched original,17ea3035caaa4eb6f7cb06c89bda6c86a74a92c40dc5b8119e9954ed9cd99831,374959,2048,1365,present_invalid,False,False,True,
07cfc141ddfb,2026-08-30T01:38:40+00:00,local,,prerelease.jpg,17ea3035caaa4eb6f7cb06c89bda6c86a74a92c40dc5b8119e9954ed9cd99831,sdk_test_fixture,present_invalid,recompress_q95,Re-saved as JPEG at quality 95,2c51578c77bc883a2e4797b99f21bc7784b02882ec286d248bb86f7d58ba27c9,321085,2048,1365,absent,False,False,False,
55d795bb8f4e,2026-08-30T01:38:40+00:00,local,,prerelease.jpg,17ea3035caaa4eb6f7cb06c89bda6c86a74a92c40dc5b8119e9954ed9cd99831,sdk_test_fixture,present_invalid,recompress_q75,Re-saved as JPEG at quality 75,8f1aef32a508912ceb37038db4b3a3ba1da124dec9551218cbf562aa99d33e6f,153825,2048,1365,absent,False,False,False,
e16d6c4476dd,2026-08-30T01:38:41+00:00,local,,prerelease.jpg,17ea3035caaa4eb6f7cb06c89bda6c86a74a92c40dc5b8119e9954ed9cd99831,sdk_test_fixture,present_invalid,recompress_q50,Re-saved as JPEG at quality 50,7868385b6166b8e27c1f84420d3b3a29eb191cabcd13b243bd2a35feebfdb491,118097,2048,1365,absent,False,False,False,
563d06e85313,2026-08-30T01:38:41+00:00,local,,prerelease.jpg,17ea3035caaa4eb6f7cb06c89bda6c86a74a92c40dc5b8119e9954ed9cd99831,sdk_test_fixture,present_invalid,resize_75pct,Resized to 75% of original dimensions,5fde57d612d307cdda7b2e448e361b134cd2564eabaaa93f01bd518adfd0f674,290414,1536,1023,absent,False,False,False,
7c717658ba65,2026-08-30T01:38:41+00:00,local,,prerelease.jpg,17ea3035caaa4eb6f7cb06c89bda6c86a74a92c40dc5b8119e9954ed9cd99831,sdk_test_fixture,present_invalid,resize_50pct,Resized to 50% of original dimensions,f287663f92d6a2951de40e1d903e38b78061e951919997291651de13fa9a65ec,144992,1024,682,absent,False,False,False,
168abe3beee6,2026-08-30T01:38:41+00:00,local,,prerelease.jpg,17ea3035caaa4eb6f7cb06c89bda6c86a74a92c40dc5b8119e9954ed9cd99831,sdk_test_fixture,present_invalid,resize_25pct,Resized to 25% of original dimensions,c92732436cfb1e38d7f658c50c1ce33de01a62980a0796ee46c41ba59fb8fafc,42247,512,341,absent,False,False,False,
0cdac66d938b,2026-08-30T01:38:41+00:00,local,,prerelease.jpg,17ea3035caaa4eb6f7cb06c89bda6c86a74a92c40dc5b8119e9954ed9cd99831,sdk_test_fixture,present_invalid,crop_5pct,Cropped 5% off each border,98fba4e7499ba9817eef0a99be132eb5fc064ecfeec582479a335162ba087c57,400850,1844,1229,absent,False,False,False,
5851f92544b2,2026-08-30T01:38:41+00:00,local,,prerelease.jpg,17ea3035caaa4eb6f7cb06c89bda6c86a74a92c40dc5b8119e9954ed9cd99831,sdk_test_fixture,present_invalid,crop_10pct,Cropped 10% off each border,139596169146205b11e92d8cd0ce35e9dd3b0d62c8c2d8b6a9e583f9e8b39f24,304703,1640,1093,absent,False,False,False,
6f7c41c0e4d6,2026-08-30T01:38:41+00:00,local,,prerelease.jpg,17ea3035caaa4eb6f7cb06c89bda6c86a74a92c40dc5b8119e9954ed9cd99831,sdk_test_fixture,present_invalid,crop_25pct,Cropped 25% off each border,150dd0b4522cd56d6573df71043714a013df998bdb1d5c7e7d1833afc6cacbea,139970,1024,683,absent,False,False,False,
e8f299ff987a,2026-08-30T01:38:41+00:00,local,,prerelease.jpg,17ea3035caaa4eb6f7cb06c89bda6c86a74a92c40dc5b8119e9954ed9cd99831,sdk_test_fixture,present_invalid,rotate_90,Rotated 90 degrees,2fc361b9eecbcddc9c9c71d50472274c34fefc69f4981d852be67f4bd0690175,315781,1365,2048,absent,False,False,False,
64c987bed51a,2026-08-30T01:38:41+00:00,local,,prerelease.jpg,17ea3035caaa4eb6f7cb06c89bda6c86a74a92c40dc5b8119e9954ed9cd99831,sdk_test_fixture,present_invalid,rotate_180,Rotated 180 degrees,39d6a1de4aa3549a038a668021b7d1ff5599eba087e49a135e214f0318e56c28,437903,2048,1365,absent,False,False,False,
0f32ab2c4c50,2026-08-30T01:38:41+00:00,local,,prerelease.jpg,17ea3035caaa4eb6f7cb06c89bda6c86a74a92c40dc5b8119e9954ed9cd99831,sdk_test_fixture,present_invalid,convert_png_jpeg_png,Converted PNG to JPEG and back to PNG,ecf86758f2e6630cf91cb6b13eb18cedcbd316e43d1d1dde245c02f4e4fd0f8e,1977794,2048,1365,absent,False,False,False,
481e4cf817ee,2026-08-30T01:38:42+00:00,local,,prerelease.jpg,17ea3035caaa4eb6f7cb06c89bda6c86a74a92c40dc5b8119e9954ed9cd99831,sdk_test_fixture,present_invalid,screenshot,"Screenshotted (pixels recaptured, container discarded)",c119187f47e9f5bad31e2816da009e2060dfb105786702bf690c65a701d442e6,1828683,2048,1365,absent,False,False,False,
11be16b1bf6e,2026-08-30T01:38:42+00:00,local,,prerelease.jpg,17ea3035caaa4eb6f7cb06c89bda6c86a74a92c40dc5b8119e9954ed9cd99831,sdk_test_fixture,present_invalid,metadata_scrub,EXIF block removed in place (no re-encode),17ea3035caaa4eb6f7cb06c89bda6c86a74a92c40dc5b8119e9954ed9cd99831,374959,2048,1365,present_invalid,False,False,True,
767380434827,2026-08-30T01:38:42+00:00,local,,prerelease.jpg,17ea3035caaa4eb6f7cb06c89bda6c86a74a92c40dc5b8119e9954ed9cd99831,sdk_test_fixture,present_invalid,editor_resave,Opened in an editor and saved (default settings),251a40f524c8aaefcbe53531f2df1fa423e0a698d1958ca6b06933f762d8086e,251876,2048,1365,absent,False,False,False,
867960062fc5,2026-08-30T01:38:42+00:00,local,,prerelease.jpg,17ea3035caaa4eb6f7cb06c89bda6c86a74a92c40dc5b8119e9954ed9cd99831,sdk_test_fixture,present_invalid,screenshot|recompress_q75,"Screenshotted (pixels recaptured, container discarded) then Re-saved as JPEG at quality 75",8f1aef32a508912ceb37038db4b3a3ba1da124dec9551218cbf562aa99d33e6f,153825,2048,1365,absent,False,False,False,
a86528f04b7f,2026-08-30T01:38:42+00:00,local,,prerelease.jpg,17ea3035caaa4eb6f7cb06c89bda6c86a74a92c40dc5b8119e9954ed9cd99831,sdk_test_fixture,present_invalid,resize_50pct|recompress_q75,Resized to 50% of original dimensions then Re-saved as JPEG at quality 75,f775a970947ecb6767e44b479a079b427e8ec56bb38fc8f8f4687cd795863947,45658,1024,682,absent,False,False,False,
25b7864f72a2,2026-08-30T01:38:42+00:00,local,,prerelease.jpg,17ea3035caaa4eb6f7cb06c89bda6c86a74a92c40dc5b8119e9954ed9cd99831,sdk_test_fixture,present_invalid,crop_10pct|recompress_q50,Cropped 10% off each border then Re-saved as JPEG at quality 50,ea3b4c4affe2af38fb0ff3247635ab76d9c97884b8d9336998765e245f0564e2,66066,1640,1093,absent,False,False,False,
2ecda8770a3b,2026-08-30T01:38:42+00:00,local,,prerelease.jpg,17ea3035caaa4eb6f7cb06c89bda6c86a74a92c40dc5b8119e9954ed9cd99831,sdk_test_fixture,present_invalid,metadata_scrub|recompress_q75,EXIF block removed in place (no re-encode) then Re-saved as JPEG at quality 75,8f1aef32a508912ceb37038db4b3a3ba1da124dec9551218cbf562aa99d33e6f,153825,2048,1365,absent,False,False,False,
08c76127a226,2026-08-30T01:38:42+00:00,local,,sample1.png,0bd72c972c14e5fd27d8473c5599e801031576e1398f384c40c3394696a2619a,sdk_test_fixture,absent,none,Untouched original,0bd72c972c14e5fd27d8473c5599e801031576e1398f384c40c3394696a2619a,299257,1024,683,absent,False,True,False,
a716b2fc98ac,2026-08-30T01:38:42+00:00,local,,sample1.png,0bd72c972c14e5fd27d8473c5599e801031576e1398f384c40c3394696a2619a,sdk_test_fixture,absent,recompress_q95,Re-saved as JPEG at quality 95,cd275dd0a66937d08be448c1749592dd160e718590e20eee0e72bcf93b104850,58728,1024,683,absent,False,False,False,
5f012e3639e8,2026-08-30T01:38:42+00:00,local,,sample1.png,0bd72c972c14e5fd27d8473c5599e801031576e1398f384c40c3394696a2619a,sdk_test_fixture,absent,recompress_q75,Re-saved as JPEG at quality 75,933c16f92cc3cdd88dc15812e020ae327e54f94ddd3eafe2182a0aa08e6d9b2a,34130,1024,683,absent,False,False,False,
86b2eeef3867,2026-08-30T01:38:42+00:00,local,,sample1.png,0bd72c972c14e5fd27d8473c5599e801031576e1398f384c40c3394696a2619a,sdk_test_fixture,absent,recompress_q50,Re-saved as JPEG at quality 50,8bc0781fe3ea302ee5eab70cebfadebb73722c276d99139c75a3d7c3a4596a1d,27766,1024,683,absent,False,False,False,
724afac685b2,2026-08-30T01:38:42+00:00,local,,sample1.png,0bd72c972c14e5fd27d8473c5599e801031576e1398f384c40c3394696a2619a,sdk_test_fixture,absent,resize_75pct,Resized to 75% of original dimensions,b1adb035c903b1e00e07c57088a94658f30345e80078e29fa9999c588fc86a08,68114,768,512,absent,False,False,False,
721e2ade7add,2026-08-30T01:38:42+00:00,local,,sample1.png,0bd72c972c14e5fd27d8473c5599e801031576e1398f384c40c3394696a2619a,sdk_test_fixture,absent,resize_50pct,Resized to 50% of original dimensions,c059127dfe517f615c143bd180e7287d61fe7f71bf074d09c57325532a1a7047,37026,512,341,absent,False,False,False,
be3cd036fa84,2026-08-30T01:38:42+00:00,local,,sample1.png,0bd72c972c14e5fd27d8473c5599e801031576e1398f384c40c3394696a2619a,sdk_test_fixture,absent,resize_25pct,Resized to 25% of original dimensions,0a66b8336e299c3b5d56401980d5b243e9a891da5045275dd002e5d390d9a5d5,14316,256,170,absent,False,False,False,
82d08d3f7d1c,2026-08-30T01:38:42+00:00,local,,sample1.png,0bd72c972c14e5fd27d8473c5599e801031576e1398f384c40c3394696a2619a,sdk_test_fixture,absent,crop_5pct,Cropped 5% off each border,3b7a90fdee2338b65af6d3f17ddac42cbe9107cf1541d5991f200b0cbd7c7e05,94714,922,615,absent,False,False,False,
26309057d43d,2026-08-30T01:38:42+00:00,local,,sample1.png,0bd72c972c14e5fd27d8473c5599e801031576e1398f384c40c3394696a2619a,sdk_test_fixture,absent,crop_10pct,Cropped 10% off each border,3c62650ef90d1e3412be07868f8832199377385300d3ec7ef21dae908891d291,80240,820,547,absent,False,False,False,
0ea5e83b2e0b,2026-08-30T01:38:42+00:00,local,,sample1.png,0bd72c972c14e5fd27d8473c5599e801031576e1398f384c40c3394696a2619a,sdk_test_fixture,absent,crop_25pct,Cropped 25% off each border,eba49da737fa1f8a7ecf6908682d764878342427521dfb4c4179f1a6b0d90d08,33717,512,343,absent,False,False,False,
3aaecfedb27b,2026-08-30T01:38:42+00:00,local,,sample1.png,0bd72c972c14e5fd27d8473c5599e801031576e1398f384c40c3394696a2619a,sdk_test_fixture,absent,rotate_90,Rotated 90 degrees,36e8638b82ec378de958e9f453743192909def1e2b8a8db3ab08375fad416441,57840,683,1024,absent,False,False,False,
912236266bb5,2026-08-30T01:38:42+00:00,local,,sample1.png,0bd72c972c14e5fd27d8473c5599e801031576e1398f384c40c3394696a2619a,sdk_test_fixture,absent,rotate_180,Rotated 180 degrees,d5add8f787825f66991502baddc3a7f1b067fafce13e3351d12ea6208f8d69e6,85893,1024,683,absent,False,False,False,
6a00eb08ded4,2026-08-30T01:38:43+00:00,local,,sample1.png,0bd72c972c14e5fd27d8473c5599e801031576e1398f384c40c3394696a2619a,sdk_test_fixture,absent,convert_png_jpeg_png,Converted PNG to JPEG and back to PNG,211170190d4f5b44a0cf4c85321ed4fbff875af1c4710016b76b536268505cd6,309336,1024,683,absent,False,False,False,
be19307eb438,2026-08-30T01:38:43+00:00,local,,sample1.png,0bd72c972c14e5fd27d8473c5599e801031576e1398f384c40c3394696a2619a,sdk_test_fixture,absent,screenshot,"Screenshotted (pixels recaptured, container discarded)",d77b7a0f857bf5b3b689fb4fc64e6723b03072b49f40d24edd86311a7d101074,305014,1024,683,absent,False,False,False,
968ca369ba86,2026-08-30T01:38:43+00:00,local,,sample1.png,0bd72c972c14e5fd27d8473c5599e801031576e1398f384c40c3394696a2619a,sdk_test_fixture,absent,metadata_scrub,EXIF block removed in place (no re-encode),0bd72c972c14e5fd27d8473c5599e801031576e1398f384c40c3394696a2619a,299257,1024,683,absent,False,True,False,
67a64a25d9a4,2026-08-30T01:38:43+00:00,local,,sample1.png,0bd72c972c14e5fd27d8473c5599e801031576e1398f384c40c3394696a2619a,sdk_test_fixture,absent,editor_resave,Opened in an editor and saved (default settings),8eb621b04d4f02d2a22d59fe63c98a431e6499e8d3e7ee6e319326cb61e19652,46847,1024,683,absent,False,False,False,
3beb6fc34776,2026-08-30T01:38:43+00:00,local,,sample1.png,0bd72c972c14e5fd27d8473c5599e801031576e1398f384c40c3394696a2619a,sdk_test_fixture,absent,screenshot|recompress_q75,"Screenshotted (pixels recaptured, container discarded) then Re-saved as JPEG at quality 75",933c16f92cc3cdd88dc15812e020ae327e54f94ddd3eafe2182a0aa08e6d9b2a,34130,1024,683,absent,False,False,False,
c23ddcf1be78,2026-08-30T01:38:43+00:00,local,,sample1.png,0bd72c972c14e5fd27d8473c5599e801031576e1398f384c40c3394696a2619a,sdk_test_fixture,absent,resize_50pct|recompress_q75,Resized to 50% of original dimensions then Re-saved as JPEG at quality 75,1a42c09d3d3ca32ec9fc7924741bf9ec970f0abb0a66c76b0ec23df0b5565575,15737,512,341,absent,False,False,False,
34bd540d7038,2026-08-30T01:38:43+00:00,local,,sample1.png,0bd72c972c14e5fd27d8473c5599e801031576e1398f384c40c3394696a2619a,sdk_test_fixture,absent,crop_10pct|recompress_q50,Cropped 10% off each border then Re-saved as JPEG at quality 50,8ef9da481b839f9bb6dc577b8b3500723204e16c77a9d964dab146350452057b,21555,820,547,absent,False,False,False,
ffc378383bb6,2026-08-30T01:38:43+00:00,local,,sample1.png,0bd72c972c14e5fd27d8473c5599e801031576e1398f384c40c3394696a2619a,sdk_test_fixture,absent,metadata_scrub|recompress_q75,EXIF block removed in place (no re-encode) then Re-saved as JPEG at quality 75,933c16f92cc3cdd88dc15812e020ae327e54f94ddd3eafe2182a0aa08e6d9b2a,34130,1024,683,absent,False,False,False,
b89c83c53a62,2026-08-30T01:38:43+00:00,local,,sample1.webp,006ee0871284b06a311286b9b72b3d083951ea6e9c78aa14d7894742daebfad3,sdk_test_fixture,absent,none,Untouched original,006ee0871284b06a311286b9b72b3d083951ea6e9c78aa14d7894742daebfad3,50408,1050,700,absent,False,False,False,
77ca11e62c9b,2026-08-30T01:38:43+00:00,local,,sample1.webp,006ee0871284b06a311286b9b72b3d083951ea6e9c78aa14d7894742daebfad3,sdk_test_fixture,absent,recompress_q95,Re-saved as JPEG at quality 95,3104ec01bd8b799fce66254acc134db039fe95c9e7a25a5be4db3d76a390b69e,113297,1050,700,absent,False,False,False,
cda00048a9d7,2026-08-30T01:38:43+00:00,local,,sample1.webp,006ee0871284b06a311286b9b72b3d083951ea6e9c78aa14d7894742daebfad3,sdk_test_fixture,absent,recompress_q75,Re-saved as JPEG at quality 75,97af09f96d756d07f06a4d70558aee088b316216521fbe276e85dbb36ccc23ca,44642,1050,700,absent,False,False,False,
6781bba27bf4,2026-08-30T01:38:43+00:00,local,,sample1.webp,006ee0871284b06a311286b9b72b3d083951ea6e9c78aa14d7894742daebfad3,sdk_test_fixture,absent,recompress_q50,Re-saved as JPEG at quality 50,3d58517b6c9fe7ff5fc4e0e14270dfb0dd194bed64687d2c2b3c8fb53fbe55ca,30915,1050,700,absent,False,False,False,
d413424451b1,2026-08-30T01:38:43+00:00,local,,sample1.webp,006ee0871284b06a311286b9b72b3d083951ea6e9c78aa14d7894742daebfad3,sdk_test_fixture,absent,resize_75pct,Resized to 75% of original dimensions,bd9136b8810fc372789594502cb2679ce45533e6520081f99efb1a053eb6b195,77813,787,525,absent,False,False,False,
0b2f906fa56d,2026-08-30T01:38:43+00:00,local,,sample1.webp,006ee0871284b06a311286b9b72b3d083951ea6e9c78aa14d7894742daebfad3,sdk_test_fixture,absent,resize_50pct,Resized to 50% of original dimensions,f192a92f5d20e9e214db5b69ed41daaaa5b59b72c8fdc6a114fba98e925d2d4a,40110,525,350,absent,False,False,False,
8c9af363e6a7,2026-08-30T01:38:43+00:00,local,,sample1.webp,006ee0871284b06a311286b9b72b3d083951ea6e9c78aa14d7894742daebfad3,sdk_test_fixture,absent,resize_25pct,Resized to 25% of original dimensions,d71d48c6e54a6770df0d0d3d198337cdc1a2e9623030f40c00b97ed3d4d472d4,14451,262,175,absent,False,False,False,
40e45d117ec5,2026-08-30T01:38:43+00:00,local,,sample1.webp,006ee0871284b06a311286b9b72b3d083951ea6e9c78aa14d7894742daebfad3,sdk_test_fixture,absent,crop_5pct,Cropped 5% off each border,7b47845e9ab5ac5661e641bc4e83af2371a654dc7ea03ae7b4a77be6adf8013d,103581,946,630,absent,False,False,False,
053b3875b30e,2026-08-30T01:38:43+00:00,local,,sample1.webp,006ee0871284b06a311286b9b72b3d083951ea6e9c78aa14d7894742daebfad3,sdk_test_fixture,absent,crop_10pct,Cropped 10% off each border,bd9ed4c20fe19e75f084e5123bdad6eb7909309e477110ffbc2b2395e716b66a,85242,840,560,absent,False,False,False,
276c3dbcb6b9,2026-08-30T01:38:43+00:00,local,,sample1.webp,006ee0871284b06a311286b9b72b3d083951ea6e9c78aa14d7894742daebfad3,sdk_test_fixture,absent,crop_25pct,Cropped 25% off each border,5a0977de97180d8af452240dc67cfd27587e253c02bf1187393bb4e0731a3cdc,34455,526,350,absent,False,False,False,
368dada0d707,2026-08-30T01:38:43+00:00,local,,sample1.webp,006ee0871284b06a311286b9b72b3d083951ea6e9c78aa14d7894742daebfad3,sdk_test_fixture,absent,rotate_90,Rotated 90 degrees,7e9de06eb54998472641ec4ec599ec76b5417bde8d9112ee5cb6b2bdd3c553bb,119999,700,1050,absent,False,False,False,
59e6f97b45de,2026-08-30T01:38:43+00:00,local,,sample1.webp,006ee0871284b06a311286b9b72b3d083951ea6e9c78aa14d7894742daebfad3,sdk_test_fixture,absent,rotate_180,Rotated 180 degrees,a2beb910472470681530d3eb05c17bfb2465bee3cb58f9b62fa0589ecdff9552,121862,1050,700,absent,False,False,False,
57fd342987f0,2026-08-30T01:38:43+00:00,local,,sample1.webp,006ee0871284b06a311286b9b72b3d083951ea6e9c78aa14d7894742daebfad3,sdk_test_fixture,absent,convert_png_jpeg_png,Converted PNG to JPEG and back to PNG,460a90fa49dff97a64a6ac090cdebd05bf5e1df56b50d23517524b7568b72195,521109,1050,700,absent,False,False,False,
115499238999,2026-08-30T01:38:43+00:00,local,,sample1.webp,006ee0871284b06a311286b9b72b3d083951ea6e9c78aa14d7894742daebfad3,sdk_test_fixture,absent,screenshot,"Screenshotted (pixels recaptured, container discarded)",60615b15f5ff2386c6827ac5c44296906e62ae2c424efa9958851fedc926954d,483924,1050,700,absent,False,False,False,
a9cd379add94,2026-08-30T01:38:43+00:00,local,,sample1.webp,006ee0871284b06a311286b9b72b3d083951ea6e9c78aa14d7894742daebfad3,sdk_test_fixture,absent,metadata_scrub,EXIF block removed in place (no re-encode),440b5132f11805d424c6024e14281080263b5d00323fc88410747e899781f732,50426,1050,700,absent,False,False,False,
d9a83c2a39fc,2026-08-30T01:38:43+00:00,local,,sample1.webp,006ee0871284b06a311286b9b72b3d083951ea6e9c78aa14d7894742daebfad3,sdk_test_fixture,absent,editor_resave,Opened in an editor and saved (default settings),619519b4a6fcbcffa60ae08da52c861eea57bbe9d154e031f8007b41e543033a,83751,1050,700,absent,False,False,False,
b41a8f839000,2026-08-30T01:38:43+00:00,local,,sample1.webp,006ee0871284b06a311286b9b72b3d083951ea6e9c78aa14d7894742daebfad3,sdk_test_fixture,absent,screenshot|recompress_q75,"Screenshotted (pixels recaptured, container discarded) then Re-saved as JPEG at quality 75",97af09f96d756d07f06a4d70558aee088b316216521fbe276e85dbb36ccc23ca,44642,1050,700,absent,False,False,False,
ab64c3786400,2026-08-30T01:38:43+00:00,local,,sample1.webp,006ee0871284b06a311286b9b72b3d083951ea6e9c78aa14d7894742daebfad3,sdk_test_fixture,absent,resize_50pct|recompress_q75,Resized to 50% of original dimensions then Re-saved as JPEG at quality 75,4df60ce46aa4d241faf15f67d20387d7087c74acfa4e9c27a2bd867ef4a6b3a3,16174,525,350,absent,False,False,False,
b3430c01d5f8,2026-08-30T01:38:43+00:00,local,,sample1.webp,006ee0871284b06a311286b9b72b3d083951ea6e9c78aa14d7894742daebfad3,sdk_test_fixture,absent,crop_10pct|recompress_q50,Cropped 10% off each border then Re-saved as JPEG at quality 50,61bf5fbb34dd3de7e8366a2a9d1d082e4e03166aa9f5410208d7167c61099d17,21957,840,560,absent,False,False,False,
d0009344e779,2026-08-30T01:38:43+00:00,local,,sample1.webp,006ee0871284b06a311286b9b72b3d083951ea6e9c78aa14d7894742daebfad3,sdk_test_fixture,absent,metadata_scrub|recompress_q75,EXIF block removed in place (no re-encode) then Re-saved as JPEG at quality 75,97af09f96d756d07f06a4d70558aee088b316216521fbe276e85dbb36ccc23ca,44642,1050,700,absent,False,False,False,
b28f27577e97,2026-08-30T01:38:43+00:00,local,,test_xmp.webp,769bf38d77496cc610ad0a0a5515f77e5c0ac185b64f99e4fa1ac4ede6dc290b,sdk_test_fixture,absent,none,Untouched original,769bf38d77496cc610ad0a0a5515f77e5c0ac185b64f99e4fa1ac4ede6dc290b,25020,128,128,absent,False,True,True,
b9f6a81c6313,2026-08-30T01:38:43+00:00,local,,test_xmp.webp,769bf38d77496cc610ad0a0a5515f77e5c0ac185b64f99e4fa1ac4ede6dc290b,sdk_test_fixture,absent,recompress_q95,Re-saved as JPEG at quality 95,3b48674e2cb2a7fbc5b949d2ce01fbedb3daccfb285f8027cb33a6676b6de61b,7061,128,128,absent,False,False,False,
cd9a85321db0,2026-08-30T01:38:43+00:00,local,,test_xmp.webp,769bf38d77496cc610ad0a0a5515f77e5c0ac185b64f99e4fa1ac4ede6dc290b,sdk_test_fixture,absent,recompress_q75,Re-saved as JPEG at quality 75,f6e663d3a25b6f39eb72e8fccfc1c749eb86bbbf00df6b2bbf2bf65b44cc9c27,3245,128,128,absent,False,False,False,
3e8a72f49d0e,2026-08-30T01:38:43+00:00,local,,test_xmp.webp,769bf38d77496cc610ad0a0a5515f77e5c0ac185b64f99e4fa1ac4ede6dc290b,sdk_test_fixture,absent,recompress_q50,Re-saved as JPEG at quality 50,5e710f3f6238e58fd48723c6a0d9329e5e98660f7bf95bae0237185c989c061e,2333,128,128,absent,False,False,False,
c34fe0b99df1,2026-08-30T01:38:43+00:00,local,,test_xmp.webp,769bf38d77496cc610ad0a0a5515f77e5c0ac185b64f99e4fa1ac4ede6dc290b,sdk_test_fixture,absent,resize_75pct,Resized to 75% of original dimensions,b3a16243f9134f85e2620f8dc03d25e577e5f3e2c6f42be92ad4daab4e13404b,4563,96,96,absent,False,False,False,
bf079f121558,2026-08-30T01:38:43+00:00,local,,test_xmp.webp,769bf38d77496cc610ad0a0a5515f77e5c0ac185b64f99e4fa1ac4ede6dc290b,sdk_test_fixture,absent,resize_50pct,Resized to 50% of original dimensions,329e36d459e9e3b97d0ed93d9cc15fe42885ee8cf0caccdda04272af04ede231,2579,64,64,absent,False,False,False,
90fddd4128ba,2026-08-30T01:38:43+00:00,local,,test_xmp.webp,769bf38d77496cc610ad0a0a5515f77e5c0ac185b64f99e4fa1ac4ede6dc290b,sdk_test_fixture,absent,resize_25pct,Resized to 25% of original dimensions,c948278828530f9ad118086ec1dc867378afd85d52a3b5f2929a0668a5b7542f,1223,32,32,absent,False,False,False,
224746189ce0,2026-08-30T01:38:43+00:00,local,,test_xmp.webp,769bf38d77496cc610ad0a0a5515f77e5c0ac185b64f99e4fa1ac4ede6dc290b,sdk_test_fixture,absent,crop_5pct,Cropped 5% off each border,dd7f6649e56db38340d05570ab7f322e3d6075735050573501b014e09dd3a2aa,6721,116,116,absent,False,False,False,
61985e1d9cd5,2026-08-30T01:38:43+00:00,local,,test_xmp.webp,769bf38d77496cc610ad0a0a5515f77e5c0ac185b64f99e4fa1ac4ede6dc290b,sdk_test_fixture,absent,crop_10pct,Cropped 10% off each border,a9de3b89333d7b036892ffee4f7c22dfc25860ebbac04573b3cbd2fc30137211,5464,104,104,absent,False,False,False,
7092d3cdbb9f,2026-08-30T01:38:43+00:00,local,,test_xmp.webp,769bf38d77496cc610ad0a0a5515f77e5c0ac185b64f99e4fa1ac4ede6dc290b,sdk_test_fixture,absent,crop_25pct,Cropped 25% off each border,483fcdca2ad8e4c67a80b857b7e6bba2f06c42c93a24876bdda24106bafab97c,2809,64,64,absent,False,False,False,
6d92533213e4,2026-08-30T01:38:43+00:00,local,,test_xmp.webp,769bf38d77496cc610ad0a0a5515f77e5c0ac185b64f99e4fa1ac4ede6dc290b,sdk_test_fixture,absent,rotate_90,Rotated 90 degrees,ca2ee4c3b68e1124ab9d0374d3e50127de8002431143f3df19dc4715f456ba2d,7047,128,128,absent,False,False,False,
61583421d58f,2026-08-30T01:38:43+00:00,local,,test_xmp.webp,769bf38d77496cc610ad0a0a5515f77e5c0ac185b64f99e4fa1ac4ede6dc290b,sdk_test_fixture,absent,rotate_180,Rotated 180 degrees,b4f7793c5c79a576c680449b2229fedba75d5447a1b11e5338524c87819acae3,7066,128,128,absent,False,False,False,
628fe52593e6,2026-08-30T01:38:43+00:00,local,,test_xmp.webp,769bf38d77496cc610ad0a0a5515f77e5c0ac185b64f99e4fa1ac4ede6dc290b,sdk_test_fixture,absent,convert_png_jpeg_png,Converted PNG to JPEG and back to PNG,b420a29100587b3a6ec8b33a2d1e25481a5bb147431c2be1330c6ec3454dd3d2,23371,128,128,absent,False,False,False,
11f3dfe54bc4,2026-08-30T01:38:43+00:00,local,,test_xmp.webp,769bf38d77496cc610ad0a0a5515f77e5c0ac185b64f99e4fa1ac4ede6dc290b,sdk_test_fixture,absent,screenshot,"Screenshotted (pixels recaptured, container discarded)",57a8d67469947a02accf1d5c082bd1980c488922403d4b190287370a00d8ed4b,23456,128,128,absent,False,False,False,
02a20e8451d4,2026-08-30T01:38:43+00:00,local,,test_xmp.webp,769bf38d77496cc610ad0a0a5515f77e5c0ac185b64f99e4fa1ac4ede6dc290b,sdk_test_fixture,absent,metadata_scrub,EXIF block removed in place (no re-encode),9591e6747d9419e408fc50987fd617c8421fc1f09e41db3713ff0d3e6a3df4b6,24694,128,128,absent,False,True,True,
bccb4cbacefc,2026-08-30T01:38:43+00:00,local,,test_xmp.webp,769bf38d77496cc610ad0a0a5515f77e5c0ac185b64f99e4fa1ac4ede6dc290b,sdk_test_fixture,absent,editor_resave,Opened in an editor and saved (default settings),1838335f377f34dc20fe59a26a191b0034867f37a936dc7c797bca32ae98f95e,5733,128,128,absent,False,False,False,
d331c7c3847c,2026-08-30T01:38:43+00:00,local,,test_xmp.webp,769bf38d77496cc610ad0a0a5515f77e5c0ac185b64f99e4fa1ac4ede6dc290b,sdk_test_fixture,absent,screenshot|recompress_q75,"Screenshotted (pixels recaptured, container discarded) then Re-saved as JPEG at quality 75",f6e663d3a25b6f39eb72e8fccfc1c749eb86bbbf00df6b2bbf2bf65b44cc9c27,3245,128,128,absent,False,False,False,
303bdc19034b,2026-08-30T01:38:43+00:00,local,,test_xmp.webp,769bf38d77496cc610ad0a0a5515f77e5c0ac185b64f99e4fa1ac4ede6dc290b,sdk_test_fixture,absent,resize_50pct|recompress_q75,Resized to 50% of original dimensions then Re-saved as JPEG at quality 75,6d861990b06eeab3068734ca8330ba9e87cb7f02de405689cbccb57e2f9e9a71,1454,64,64,absent,False,False,False,
7644b5fbbec0,2026-08-30T01:38:43+00:00,local,,test_xmp.webp,769bf38d77496cc610ad0a0a5515f77e5c0ac185b64f99e4fa1ac4ede6dc290b,sdk_test_fixture,absent,crop_10pct|recompress_q50,Cropped 10% off each border then Re-saved as JPEG at quality 50,a2668512a70962d5b3ec0e40a650bad04c2dcf1c92e471b5d4338b11090ab204,1932,104,104,absent,False,False,False,
4dd59b50147d,2026-08-30T01:38:43+00:00,local,,test_xmp.webp,769bf38d77496cc610ad0a0a5515f77e5c0ac185b64f99e4fa1ac4ede6dc290b,sdk_test_fixture,absent,metadata_scrub|recompress_q75,EXIF block removed in place (no re-encode) then Re-saved as JPEG at quality 75,f6e663d3a25b6f39eb72e8fccfc1c749eb86bbbf00df6b2bbf2bf65b44cc9c27,3245,128,128,absent,False,False,False,
bab4bcc77dd4,2026-08-30T01:38:43+00:00,local,,update_manifest.jpg,c855bbce1e2ea50bfc1da939f55b7d1bce97a9afa5a0e671ed05d59dc7950b3b,sdk_test_fixture,present_valid,none,Untouched original,c855bbce1e2ea50bfc1da939f55b7d1bce97a9afa5a0e671ed05d59dc7950b3b,227319,375,375,present_valid,False,True,True,
fbc6ff171765,2026-08-30T01:38:43+00:00,local,,update_manifest.jpg,c855bbce1e2ea50bfc1da939f55b7d1bce97a9afa5a0e671ed05d59dc7950b3b,sdk_test_fixture,present_valid,recompress_q95,Re-saved as JPEG at quality 95,4ab6498d6ec5ab8cf92a48c241481c206687dbe2164c27ed299c3cc12401a494,71227,375,375,absent,False,False,False,
f909a9c792a9,2026-08-30T01:38:43+00:00,local,,update_manifest.jpg,c855bbce1e2ea50bfc1da939f55b7d1bce97a9afa5a0e671ed05d59dc7950b3b,sdk_test_fixture,present_valid,recompress_q75,Re-saved as JPEG at quality 75,3f8421ed69bcfdf952f1ee2342e165726303eb1d9cf1889d9d18ed45d2945c05,32037,375,375,absent,False,False,False,
d101646aa095,2026-08-30T01:38:43+00:00,local,,update_manifest.jpg,c855bbce1e2ea50bfc1da939f55b7d1bce97a9afa5a0e671ed05d59dc7950b3b,sdk_test_fixture,present_valid,recompress_q50,Re-saved as JPEG at quality 50,b886fcbc242202fed326ab187790e6e5d7b563c71000b540cbf717d1c67e443f,22168,375,375,absent,False,False,False,
0baaa0ef479d,2026-08-30T01:38:43+00:00,local,,update_manifest.jpg,c855bbce1e2ea50bfc1da939f55b7d1bce97a9afa5a0e671ed05d59dc7950b3b,sdk_test_fixture,present_valid,resize_75pct,Resized to 75% of original dimensions,446967e4c9de6f1aa05f609418467fb10ed724532b95e3fef1df7726661e51f0,41833,281,281,absent,False,False,False,
5bacceba5d1d,2026-08-30T01:38:43+00:00,local,,update_manifest.jpg,c855bbce1e2ea50bfc1da939f55b7d1bce97a9afa5a0e671ed05d59dc7950b3b,sdk_test_fixture,present_valid,resize_50pct,Resized to 50% of original dimensions,963a8c35a0008ed0834bdcb7cdcd83913ef3fd36d208782297e50aa15c7abeba,19608,187,187,absent,False,False,False,
39f060bbac6f,2026-08-30T01:38:43+00:00,local,,update_manifest.jpg,c855bbce1e2ea50bfc1da939f55b7d1bce97a9afa5a0e671ed05d59dc7950b3b,sdk_test_fixture,present_valid,resize_25pct,Resized to 25% of original dimensions,512fdbc17c63424bdeea1609e442940046b4651edc0ab62c749db7d2056cc9ac,5898,93,93,absent,False,False,False,
c077f425d7bf,2026-08-30T01:38:43+00:00,local,,update_manifest.jpg,c855bbce1e2ea50bfc1da939f55b7d1bce97a9afa5a0e671ed05d59dc7950b3b,sdk_test_fixture,present_valid,crop_5pct,Cropped 5% off each border,090d235c63deff4c3e2526de6a0a6c4a25efb82dfb61f30bb552aceaa23d1a1c,68759,339,339,absent,False,False,False,
6741102d9952,2026-08-30T01:38:43+00:00,local,,update_manifest.jpg,c855bbce1e2ea50bfc1da939f55b7d1bce97a9afa5a0e671ed05d59dc7950b3b,sdk_test_fixture,present_valid,crop_10pct,Cropped 10% off each border,99ac731f11a4269e2c032420751cdf8753c45d33751f12c0b437dbfef4bd5bdc,61431,301,301,absent,False,False,False,
b95e50908aeb,2026-08-30T01:38:43+00:00,local,,update_manifest.jpg,c855bbce1e2ea50bfc1da939f55b7d1bce97a9afa5a0e671ed05d59dc7950b3b,sdk_test_fixture,present_valid,crop_25pct,Cropped 25% off each border,651013543e2de50c240a22510017400cfdaa078f23ca283f4eb1c65b4fd59a9f,29092,189,189,absent,False,False,False,
66d636b710e2,2026-08-30T01:38:43+00:00,local,,update_manifest.jpg,c855bbce1e2ea50bfc1da939f55b7d1bce97a9afa5a0e671ed05d59dc7950b3b,sdk_test_fixture,present_valid,rotate_90,Rotated 90 degrees,0b514e224b2abc304e66e0f843777bb7414a832179fd3c86d14ec317e0a9688d,71163,375,375,absent,False,False,False,
42ce546c82ad,2026-08-30T01:38:43+00:00,local,,update_manifest.jpg,c855bbce1e2ea50bfc1da939f55b7d1bce97a9afa5a0e671ed05d59dc7950b3b,sdk_test_fixture,present_valid,rotate_180,Rotated 180 degrees,8096c00e1ac44a4842c0bda35aabd0df53505c22e05ed343b9ab09950920b762,71264,375,375,absent,False,False,False,
3f8828025976,2026-08-30T01:38:44+00:00,local,,update_manifest.jpg,c855bbce1e2ea50bfc1da939f55b7d1bce97a9afa5a0e671ed05d59dc7950b3b,sdk_test_fixture,present_valid,convert_png_jpeg_png,Converted PNG to JPEG and back to PNG,56deefaba380ed756a25911b6b8db81b6c0b0357131f342f1d61099139fee364,230986,375,375,absent,False,False,False,
74a1c897d285,2026-08-30T01:38:44+00:00,local,,update_manifest.jpg,c855bbce1e2ea50bfc1da939f55b7d1bce97a9afa5a0e671ed05d59dc7950b3b,sdk_test_fixture,present_valid,screenshot,"Screenshotted (pixels recaptured, container discarded)",b255a8bc94fe44ac33c5fd3eab40af631f902a813a45383840c9638d4d35f582,289562,375,375,absent,False,False,False,
9f2e61b9e698,2026-08-30T01:38:44+00:00,local,,update_manifest.jpg,c855bbce1e2ea50bfc1da939f55b7d1bce97a9afa5a0e671ed05d59dc7950b3b,sdk_test_fixture,present_valid,metadata_scrub,EXIF block removed in place (no re-encode),bec20fb185576132e416a8de11707568e2120684fa4361acd7fa9228c3442d37,217357,375,375,present_invalid,False,False,True,
f8e76b1abf3c,2026-08-30T01:38:44+00:00,local,,update_manifest.jpg,c855bbce1e2ea50bfc1da939f55b7d1bce97a9afa5a0e671ed05d59dc7950b3b,sdk_test_fixture,present_valid,editor_resave,Opened in an editor and saved (default settings),527926176c92211e2114bb63337f2093e2e02e6edeb96a4ec3dc6406c455386c,55988,375,375,absent,False,False,False,
22f2cad02510,2026-08-30T01:38:44+00:00,local,,update_manifest.jpg,c855bbce1e2ea50bfc1da939f55b7d1bce97a9afa5a0e671ed05d59dc7950b3b,sdk_test_fixture,present_valid,screenshot|recompress_q75,"Screenshotted (pixels recaptured, container discarded) then Re-saved as JPEG at quality 75",3f8421ed69bcfdf952f1ee2342e165726303eb1d9cf1889d9d18ed45d2945c05,32037,375,375,absent,False,False,False,
c91509037c9b,2026-08-30T01:38:44+00:00,local,,update_manifest.jpg,c855bbce1e2ea50bfc1da939f55b7d1bce97a9afa5a0e671ed05d59dc7950b3b,sdk_test_fixture,present_valid,resize_50pct|recompress_q75,Resized to 50% of original dimensions then Re-saved as JPEG at quality 75,184ab0ec4277b7726f556d4567ed326c6f065e84f2c2e7587003d955ebcb2cca,9453,187,187,absent,False,False,False,
87b9c8957021,2026-08-30T01:38:44+00:00,local,,update_manifest.jpg,c855bbce1e2ea50bfc1da939f55b7d1bce97a9afa5a0e671ed05d59dc7950b3b,sdk_test_fixture,present_valid,crop_10pct|recompress_q50,Cropped 10% off each border then Re-saved as JPEG at quality 50,3c99a4e60ec3590f4b7133e9100d8dae6ab4cd762eb29dee802410415f82e0e3,19670,301,301,absent,False,False,False,
c1f36d7934e9,2026-08-30T01:38:44+00:00,local,,update_manifest.jpg,c855bbce1e2ea50bfc1da939f55b7d1bce97a9afa5a0e671ed05d59dc7950b3b,sdk_test_fixture,present_valid,metadata_scrub|recompress_q75,EXIF block removed in place (no re-encode) then Re-saved as JPEG at quality 75,3f8421ed69bcfdf952f1ee2342e165726303eb1d9cf1889d9d18ed45d2945c05,32037,375,375,absent,False,False,False,
c5de9f983658,2026-08-30T17:57:54+00:00,local,,C.jpg,a2d14755db55de67a47c04090340d8266e892367be4104a45626d7a6fa6e9ffd,sdk_test_fixture,present_valid,none,Untouched original,a2d14755db55de67a47c04090340d8266e892367be4104a45626d7a6fa6e9ffd,132518,2048,1365,present_valid,False,False,False,
6e850f4c9da0,2026-08-30T17:57:54+00:00,local,,C.jpg,a2d14755db55de67a47c04090340d8266e892367be4104a45626d7a6fa6e9ffd,sdk_test_fixture,present_valid,recompress_q95,Re-saved as JPEG at quality 95,0ef7b2fba9468a73459c0704a58b5f313c318275d2740bec08569559992d95b3,80352,2048,1365,absent,False,False,False,
a66b2f4f9ab2,2026-08-30T17:57:54+00:00,local,,C.jpg,a2d14755db55de67a47c04090340d8266e892367be4104a45626d7a6fa6e9ffd,sdk_test_fixture,present_valid,recompress_q75,Re-saved as JPEG at quality 75,a60644959d9137fe5248a18329bf099027c1d8e9972d5b0ea098c2e78c49e5d0,53465,2048,1365,absent,False,False,False,
8d94ad16595b,2026-08-30T17:57:54+00:00,local,,C.jpg,a2d14755db55de67a47c04090340d8266e892367be4104a45626d7a6fa6e9ffd,sdk_test_fixture,present_valid,recompress_q50,Re-saved as JPEG at quality 50,ec453a5fd9816464329af8c0d222938253133050e762f2b2a26e094ced02d4df,49970,2048,1365,absent,False,False,False,
08b6bc836f78,2026-08-30T17:57:54+00:00,local,,C.jpg,a2d14755db55de67a47c04090340d8266e892367be4104a45626d7a6fa6e9ffd,sdk_test_fixture,present_valid,resize_75pct,Resized to 75% of original dimensions,1ce866dd60b462b328a36a25f738eb748727ba0a42cc615653006c5a7032ac71,77896,1536,1023,absent,False,False,False,
759cb9a09522,2026-08-30T17:57:54+00:00,local,,C.jpg,a2d14755db55de67a47c04090340d8266e892367be4104a45626d7a6fa6e9ffd,sdk_test_fixture,present_valid,resize_50pct,Resized to 50% of original dimensions,0a05a98e313e43aad8cf06f4fdff904b143e0ff20ca0aaefc90f1a4fcec007ef,39596,1024,682,absent,False,False,False,
d117bf5373fb,2026-08-30T17:57:54+00:00,local,,C.jpg,a2d14755db55de67a47c04090340d8266e892367be4104a45626d7a6fa6e9ffd,sdk_test_fixture,present_valid,resize_25pct,Resized to 25% of original dimensions,4f3e369f7c8065b76a23a77d0cb5118c2f329b41437d70e09601602346b01547,13759,512,341,absent,False,False,False,
6f3f23c781ac,2026-08-30T17:57:54+00:00,local,,C.jpg,a2d14755db55de67a47c04090340d8266e892367be4104a45626d7a6fa6e9ffd,sdk_test_fixture,present_valid,crop_5pct,Cropped 5% off each border,5e8b5a9685f34e5a0cbc538025ab9115d4749539a05ea20716210b7f0139877f,111738,1844,1229,absent,False,False,False,
70e321886000,2026-08-30T17:57:54+00:00,local,,C.jpg,a2d14755db55de67a47c04090340d8266e892367be4104a45626d7a6fa6e9ffd,sdk_test_fixture,present_valid,crop_10pct,Cropped 10% off each border,63ec528517384e0e57c35dba76250ee1081af3bfb0d3fad9d117dedee5e9e614,71475,1640,1093,absent,False,False,False,
1e88c3121444,2026-08-30T17:57:54+00:00,local,,C.jpg,a2d14755db55de67a47c04090340d8266e892367be4104a45626d7a6fa6e9ffd,sdk_test_fixture,present_valid,crop_25pct,Cropped 25% off each border,ab62cc83f012b7002db7ee474b15cf02c8625f151f0a04d57a06110af52b12de,27639,1024,683,absent,False,False,False,
87d97bf27c45,2026-08-30T17:57:54+00:00,local,,C.jpg,a2d14755db55de67a47c04090340d8266e892367be4104a45626d7a6fa6e9ffd,sdk_test_fixture,present_valid,rotate_90,Rotated 90 degrees,2ae67032a900f132009360df68e28d6e2664218e541594d8909cb51ae2a98829,82607,1365,2048,absent,False,False,False,
bde6d49753d6,2026-08-30T17:57:54+00:00,local,,C.jpg,a2d14755db55de67a47c04090340d8266e892367be4104a45626d7a6fa6e9ffd,sdk_test_fixture,present_valid,rotate_180,Rotated 180 degrees,09a5971349202f8ed6c7c01231b8daee22a1b3fd94abb224dedc5efef923bc00,105952,2048,1365,absent,False,False,False,
eee619bebfe4,2026-08-30T17:57:54+00:00,local,,C.jpg,a2d14755db55de67a47c04090340d8266e892367be4104a45626d7a6fa6e9ffd,sdk_test_fixture,present_valid,convert_png_jpeg_png,Converted PNG to JPEG and back to PNG,c5ecb918984f4cdd2d3fb6bbd50a591920948c324227d4240a2583733a9fe336,116128,2048,1365,absent,False,False,False,
aa1df2b21828,2026-08-30T17:57:54+00:00,local,,C.jpg,a2d14755db55de67a47c04090340d8266e892367be4104a45626d7a6fa6e9ffd,sdk_test_fixture,present_valid,screenshot,"Screenshotted (pixels recaptured, container discarded)",792541b617e31138843ec9359d5a9be94a5da7126f6bf1927902c56cba4f418b,39446,2048,1365,absent,False,False,False,
88d8de1babb4,2026-08-30T17:57:54+00:00,local,,C.jpg,a2d14755db55de67a47c04090340d8266e892367be4104a45626d7a6fa6e9ffd,sdk_test_fixture,present_valid,metadata_scrub,EXIF block removed in place (no re-encode),a2d14755db55de67a47c04090340d8266e892367be4104a45626d7a6fa6e9ffd,132518,2048,1365,present_valid,False,False,False,
c2f66df592d9,2026-08-30T17:57:54+00:00,local,,C.jpg,a2d14755db55de67a47c04090340d8266e892367be4104a45626d7a6fa6e9ffd,sdk_test_fixture,present_valid,editor_resave,Opened in an editor and saved (default settings),102d6382bfa6cf2616ec566ef349ca55a9b827c92f1797b5809ba7f9518fef5b,67102,2048,1365,absent,False,False,False,
e17ec8b0a638,2026-08-30T17:57:54+00:00,local,,C.jpg,a2d14755db55de67a47c04090340d8266e892367be4104a45626d7a6fa6e9ffd,sdk_test_fixture,present_valid,screenshot|recompress_q75,"Screenshotted (pixels recaptured, container discarded) then Re-saved as JPEG at quality 75",a60644959d9137fe5248a18329bf099027c1d8e9972d5b0ea098c2e78c49e5d0,53465,2048,1365,absent,False,False,False,
2cc0543886d3,2026-08-30T17:57:54+00:00,local,,C.jpg,a2d14755db55de67a47c04090340d8266e892367be4104a45626d7a6fa6e9ffd,sdk_test_fixture,present_valid,resize_50pct|recompress_q75,Resized to 50% of original dimensions then Re-saved as JPEG at quality 75,7cec06aa1b3511defa2ce24a648f0b4b069c7a41b923b33a176d111ce01d65c3,18310,1024,682,absent,False,False,False,
090b7df1b995,2026-08-30T17:57:54+00:00,local,,C.jpg,a2d14755db55de67a47c04090340d8266e892367be4104a45626d7a6fa6e9ffd,sdk_test_fixture,present_valid,crop_10pct|recompress_q50,Cropped 10% off each border then Re-saved as JPEG at quality 50,36d028a8303ea20104a839086c1001678805b4a6384e776d76278bc43035e028,31962,1640,1093,absent,False,False,False,
8bbac85f34ba,2026-08-30T17:57:54+00:00,local,,C.jpg,a2d14755db55de67a47c04090340d8266e892367be4104a45626d7a6fa6e9ffd,sdk_test_fixture,present_valid,metadata_scrub|recompress_q75,EXIF block removed in place (no re-encode) then Re-saved as JPEG at quality 75,a60644959d9137fe5248a18329bf099027c1d8e9972d5b0ea098c2e78c49e5d0,53465,2048,1365,absent,False,False,False,
1a8226bdbb3a,2026-08-30T17:57:54+00:00,local,,CA.jpg,e71bff58fc57640803e6e65f7534e2fb0c2f99018c85276cc14b30f04427cc76,sdk_test_fixture,present_valid,none,Untouched original,e71bff58fc57640803e6e65f7534e2fb0c2f99018c85276cc14b30f04427cc76,166864,1024,683,present_valid,False,False,False,
0f11064a875e,2026-08-30T17:57:54+00:00,local,,CA.jpg,e71bff58fc57640803e6e65f7534e2fb0c2f99018c85276cc14b30f04427cc76,sdk_test_fixture,present_valid,recompress_q95,Re-saved as JPEG at quality 95,a9b218c69f246a5a5684a427dc84108bb17829abb6c2e5257788d623da3469f9,57762,1024,683,absent,False,False,False,
f2b659ce5ab5,2026-08-30T17:57:54+00:00,local,,CA.jpg,e71bff58fc57640803e6e65f7534e2fb0c2f99018c85276cc14b30f04427cc76,sdk_test_fixture,present_valid,recompress_q75,Re-saved as JPEG at quality 75,8af8d40d399deb4ac4bb1b1a7a387082095917e080e1fd86cb267acaedab5958,34020,1024,683,absent,False,False,False,
f33ed831ce52,2026-08-30T17:57:54+00:00,local,,CA.jpg,e71bff58fc57640803e6e65f7534e2fb0c2f99018c85276cc14b30f04427cc76,sdk_test_fixture,present_valid,recompress_q50,Re-saved as JPEG at quality 50,b1ef2fdaac35c87179c53eb0d1ed442279ca7eda6c6f66ccd13ae1cfcc589e15,27866,1024,683,absent,False,False,False,
f2d80820d3a3,2026-08-30T17:57:54+00:00,local,,CA.jpg,e71bff58fc57640803e6e65f7534e2fb0c2f99018c85276cc14b30f04427cc76,sdk_test_fixture,present_valid,resize_75pct,Resized to 75% of original dimensions,a0809ff80c948104432ba3a00b9cb820829c00bfc7da531ffe0b273bf67fbd6c,68251,768,512,absent,False,False,False,
39feb253e9d2,2026-08-30T17:57:54+00:00,local,,CA.jpg,e71bff58fc57640803e6e65f7534e2fb0c2f99018c85276cc14b30f04427cc76,sdk_test_fixture,present_valid,resize_50pct,Resized to 50% of original dimensions,6b21ab7979ff7b318d5b1360367b3935ab8baed02ef83b03e434b04b6112a046,36649,512,341,absent,False,False,False,
5c287000249a,2026-08-30T17:57:54+00:00,local,,CA.jpg,e71bff58fc57640803e6e65f7534e2fb0c2f99018c85276cc14b30f04427cc76,sdk_test_fixture,present_valid,resize_25pct,Resized to 25% of original dimensions,78b46aa3570fb458212bffd4f25ee76728828ab5fbfbc11bec26e764d6b693b7,14123,256,170,absent,False,False,False,
cf2d3efd4995,2026-08-30T17:57:54+00:00,local,,CA.jpg,e71bff58fc57640803e6e65f7534e2fb0c2f99018c85276cc14b30f04427cc76,sdk_test_fixture,present_valid,crop_5pct,Cropped 5% off each border,08c781ddfd1df62c34221b81fba1349407a581aa333602fa8f8241470ab63290,95093,922,615,absent,False,False,False,
3df84125d7ad,2026-08-30T17:57:54+00:00,local,,CA.jpg,e71bff58fc57640803e6e65f7534e2fb0c2f99018c85276cc14b30f04427cc76,sdk_test_fixture,present_valid,crop_10pct,Cropped 10% off each border,1e5a0c039e4edb3ade0db84fd8eda2bb141f464830b8e3021f657c0dadab70a0,80446,820,547,absent,False,False,False,
f8e2417d285e,2026-08-30T17:57:54+00:00,local,,CA.jpg,e71bff58fc57640803e6e65f7534e2fb0c2f99018c85276cc14b30f04427cc76,sdk_test_fixture,present_valid,crop_25pct,Cropped 25% off each border,1c90aac767e84359fe4d295ad0168c8dfa91d0c1ca94048d94ee05c09a8ebe43,33682,512,343,absent,False,False,False,
072ea15325fe,2026-08-30T17:57:54+00:00,local,,CA.jpg,e71bff58fc57640803e6e65f7534e2fb0c2f99018c85276cc14b30f04427cc76,sdk_test_fixture,present_valid,rotate_90,Rotated 90 degrees,666cf9a2c8ba5d795eb7df01a07b2074b275c1e892b5e2c260459d35cdd1b1c2,58228,683,1024,absent,False,False,False,
85c41db9bc41,2026-08-30T17:57:54+00:00,local,,CA.jpg,e71bff58fc57640803e6e65f7534e2fb0c2f99018c85276cc14b30f04427cc76,sdk_test_fixture,present_valid,rotate_180,Rotated 180 degrees,37c00935d73747c6933cd8a10a6a41c94437c5d0a186144f6d66b33b396ddd96,86228,1024,683,absent,False,False,False,
96d74e86fe2f,2026-08-30T17:57:54+00:00,local,,CA.jpg,e71bff58fc57640803e6e65f7534e2fb0c2f99018c85276cc14b30f04427cc76,sdk_test_fixture,present_valid,convert_png_jpeg_png,Converted PNG to JPEG and back to PNG,d91633927c5079e8d6402dc465af4ac25069bf0c0f14db3ead37ad22f1c55bcf,315139,1024,683,absent,False,False,False,
b0decc837fc0,2026-08-30T17:57:55+00:00,local,,CA.jpg,e71bff58fc57640803e6e65f7534e2fb0c2f99018c85276cc14b30f04427cc76,sdk_test_fixture,present_valid,screenshot,"Screenshotted (pixels recaptured, container discarded)",2e3b4d7177bb3cbf079aaee162a5335bc27e801d87b2e041cc75db0dc17c76b1,281235,1024,683,absent,False,False,False,
b539c26975db,2026-08-30T17:57:55+00:00,local,,CA.jpg,e71bff58fc57640803e6e65f7534e2fb0c2f99018c85276cc14b30f04427cc76,sdk_test_fixture,present_valid,metadata_scrub,EXIF block removed in place (no re-encode),e71bff58fc57640803e6e65f7534e2fb0c2f99018c85276cc14b30f04427cc76,166864,1024,683,present_valid,False,False,False,
0093ebc16308,2026-08-30T17:57:55+00:00,local,,CA.jpg,e71bff58fc57640803e6e65f7534e2fb0c2f99018c85276cc14b30f04427cc76,sdk_test_fixture,present_valid,editor_resave,Opened in an editor and saved (default settings),d942e9ed66b66a0d4258d20a2812fbcba1f59c89bf498f64f58b47f104f27a62,47660,1024,683,absent,False,False,False,
f9adfe87a16e,2026-08-30T17:57:55+00:00,local,,CA.jpg,e71bff58fc57640803e6e65f7534e2fb0c2f99018c85276cc14b30f04427cc76,sdk_test_fixture,present_valid,screenshot|recompress_q75,"Screenshotted (pixels recaptured, container discarded) then Re-saved as JPEG at quality 75",8af8d40d399deb4ac4bb1b1a7a387082095917e080e1fd86cb267acaedab5958,34020,1024,683,absent,False,False,False,
eac99d2b29e6,2026-08-30T17:57:55+00:00,local,,CA.jpg,e71bff58fc57640803e6e65f7534e2fb0c2f99018c85276cc14b30f04427cc76,sdk_test_fixture,present_valid,resize_50pct|recompress_q75,Resized to 50% of original dimensions then Re-saved as JPEG at quality 75,d8d27f1184486028feffa83e174a15a3cc11f561494e83eaf3807b2cd35b5e68,15423,512,341,absent,False,False,False,
4c0ec9658dcc,2026-08-30T17:57:55+00:00,local,,CA.jpg,e71bff58fc57640803e6e65f7534e2fb0c2f99018c85276cc14b30f04427cc76,sdk_test_fixture,present_valid,crop_10pct|recompress_q50,Cropped 10% off each border then Re-saved as JPEG at quality 50,410a765fbe9311d836d9a82e77ea9283c1b6d86043ab530e151bd9d75f5d8517,21269,820,547,absent,False,False,False,
4aebe273184a,2026-08-30T17:57:55+00:00,local,,CA.jpg,e71bff58fc57640803e6e65f7534e2fb0c2f99018c85276cc14b30f04427cc76,sdk_test_fixture,present_valid,metadata_scrub|recompress_q75,EXIF block removed in place (no re-encode) then Re-saved as JPEG at quality 75,8af8d40d399deb4ac4bb1b1a7a387082095917e080e1fd86cb267acaedab5958,34020,1024,683,absent,False,False,False,
f3b63d613a5e,2026-08-30T17:57:55+00:00,local,,CACA.jpg,e735fe9e50057f8280baf96182a38d516a4acfb144da7f1e6aad32de44c76aea,sdk_test_fixture,present_valid,none,Untouched original,e735fe9e50057f8280baf96182a38d516a4acfb144da7f1e6aad32de44c76aea,279782,1024,683,present_valid,False,False,False,
df0492140a8b,2026-08-30T17:57:55+00:00,local,,CACA.jpg,e735fe9e50057f8280baf96182a38d516a4acfb144da7f1e6aad32de44c76aea,sdk_test_fixture,present_valid,recompress_q95,Re-saved as JPEG at quality 95,defc6174f7ed6c8ef2a911d7e5115005a367c46f4d114337c6dd9f3ae68f3212,55716,1024,683,absent,False,False,False,
744920933252,2026-08-30T17:57:55+00:00,local,,CACA.jpg,e735fe9e50057f8280baf96182a38d516a4acfb144da7f1e6aad32de44c76aea,sdk_test_fixture,present_valid,recompress_q75,Re-saved as JPEG at quality 75,9ba820be68c36bd9090eb7d2577ec6362532d7c5b37f693b06521b87aac167f0,32253,1024,683,absent,False,False,False,
1bf85e2e9256,2026-08-30T17:57:55+00:00,local,,CACA.jpg,e735fe9e50057f8280baf96182a38d516a4acfb144da7f1e6aad32de44c76aea,sdk_test_fixture,present_valid,recompress_q50,Re-saved as JPEG at quality 50,e910b0f299cd1e61c5eaa744c44588953b43bb03ac7641ec0dbe3f8a4848854e,26116,1024,683,absent,False,False,False,
bed2a4b6b0aa,2026-08-30T17:57:55+00:00,local,,CACA.jpg,e735fe9e50057f8280baf96182a38d516a4acfb144da7f1e6aad32de44c76aea,sdk_test_fixture,present_valid,resize_75pct,Resized to 75% of original dimensions,978bb4adfb4345247ec842a9098bc1d34ad592bb331c448cfd99e1b6094db2a3,63778,768,512,absent,False,False,False,
57e5fa75577c,2026-08-30T17:57:55+00:00,local,,CACA.jpg,e735fe9e50057f8280baf96182a38d516a4acfb144da7f1e6aad32de44c76aea,sdk_test_fixture,present_valid,resize_50pct,Resized to 50% of original dimensions,78adb5956e4f809179187a2872b36daee88299047a50d347adf452e69106fa9d,34508,512,341,absent,False,False,False,
46a12e2ee50d,2026-08-30T17:57:55+00:00,local,,CACA.jpg,e735fe9e50057f8280baf96182a38d516a4acfb144da7f1e6aad32de44c76aea,sdk_test_fixture,present_valid,resize_25pct,Resized to 25% of original dimensions,7c02aea714a55eb2f7c898de3bbf8f7559050e71a7504f94e0577b05dd955662,13558,256,170,absent,False,False,False,
e54d21f60cc6,2026-08-30T17:57:55+00:00,local,,CACA.jpg,e735fe9e50057f8280baf96182a38d516a4acfb144da7f1e6aad32de44c76aea,sdk_test_fixture,present_valid,crop_5pct,Cropped 5% off each border,7c26be4b31071400a5a393fdb56cef1c45df7cf6ef61cabedf0dc4082d40473f,88516,922,615,absent,False,False,False,
6a65efe88efc,2026-08-30T17:57:55+00:00,local,,CACA.jpg,e735fe9e50057f8280baf96182a38d516a4acfb144da7f1e6aad32de44c76aea,sdk_test_fixture,present_valid,crop_10pct,Cropped 10% off each border,2e1325c05ca7b4fc01b656b868e7fd472d72c1470be445bc5cb5eff78a06207e,74633,820,547,absent,False,False,False,
ec06c93471a0,2026-08-30T17:57:55+00:00,local,,CACA.jpg,e735fe9e50057f8280baf96182a38d516a4acfb144da7f1e6aad32de44c76aea,sdk_test_fixture,present_valid,crop_25pct,Cropped 25% off each border,e7285c713cff6936b9e7716abd86648774cbade32c89c067a59e36acb082044e,30391,512,343,absent,False,False,False,
7154afc58a34,2026-08-30T17:57:55+00:00,local,,CACA.jpg,e735fe9e50057f8280baf96182a38d516a4acfb144da7f1e6aad32de44c76aea,sdk_test_fixture,present_valid,rotate_90,Rotated 90 degrees,6959a439c9bf11c9abc635e63a3e4c172d971a7822e23205f90134f9589715a8,56355,683,1024,absent,False,False,False,
8cdeed3da35d,2026-08-30T17:57:55+00:00,local,,CACA.jpg,e735fe9e50057f8280baf96182a38d516a4acfb144da7f1e6aad32de44c76aea,sdk_test_fixture,present_valid,rotate_180,Rotated 180 degrees,b2067af6f0de9526bd2f5fda2f936a5cb98404f301bb06c41cd56286aa60d3fb,79824,1024,683,absent,False,False,False,
ebad3761861f,2026-08-30T17:57:55+00:00,local,,CACA.jpg,e735fe9e50057f8280baf96182a38d516a4acfb144da7f1e6aad32de44c76aea,sdk_test_fixture,present_valid,convert_png_jpeg_png,Converted PNG to JPEG and back to PNG,5cd5ba02d6965bba36f64ea00d26dcf7ffb36f10652fcb2b212a58e95b5d10c7,292445,1024,683,absent,False,False,False,
8a61d0f4b46c,2026-08-30T17:57:55+00:00,local,,CACA.jpg,e735fe9e50057f8280baf96182a38d516a4acfb144da7f1e6aad32de44c76aea,sdk_test_fixture,present_valid,screenshot,"Screenshotted (pixels recaptured, container discarded)",f565bb164344a894c67a01adb7bd0f30585485c1f16fb22288c13c08d739667d,255626,1024,683,absent,False,False,False,
e731069d09e3,2026-08-30T17:57:55+00:00,local,,CACA.jpg,e735fe9e50057f8280baf96182a38d516a4acfb144da7f1e6aad32de44c76aea,sdk_test_fixture,present_valid,metadata_scrub,EXIF block removed in place (no re-encode),e735fe9e50057f8280baf96182a38d516a4acfb144da7f1e6aad32de44c76aea,279782,1024,683,present_valid,False,False,False,
e9c832dab5d8,2026-08-30T17:57:55+00:00,local,,CACA.jpg,e735fe9e50057f8280baf96182a38d516a4acfb144da7f1e6aad32de44c76aea,sdk_test_fixture,present_valid,editor_resave,Opened in an editor and saved (default settings),bf74c3cdefc6857a401714b845e391d2e48a21adfd7f3441ab6cc0def7e09293,45583,1024,683,absent,False,False,False,
96bae4871ab2,2026-08-30T17:57:55+00:00,local,,CACA.jpg,e735fe9e50057f8280baf96182a38d516a4acfb144da7f1e6aad32de44c76aea,sdk_test_fixture,present_valid,screenshot|recompress_q75,"Screenshotted (pixels recaptured, container discarded) then Re-saved as JPEG at quality 75",9ba820be68c36bd9090eb7d2577ec6362532d7c5b37f693b06521b87aac167f0,32253,1024,683,absent,False,False,False,
2582fae4218c,2026-08-30T17:57:55+00:00,local,,CACA.jpg,e735fe9e50057f8280baf96182a38d516a4acfb144da7f1e6aad32de44c76aea,sdk_test_fixture,present_valid,resize_50pct|recompress_q75,Resized to 50% of original dimensions then Re-saved as JPEG at quality 75,90bf00d031355ecc4d4b1bcab92a8ee8a7de91e8ae73284cd83b300fe56458be,14460,512,341,absent,False,False,False,
06efd32a6ef9,2026-08-30T17:57:55+00:00,local,,CACA.jpg,e735fe9e50057f8280baf96182a38d516a4acfb144da7f1e6aad32de44c76aea,sdk_test_fixture,present_valid,crop_10pct|recompress_q50,Cropped 10% off each border then Re-saved as JPEG at quality 50,485481b4a8f0866753c742f496239e84dcfe79ce68962552f98deaadd4e2ddaa,19740,820,547,absent,False,False,False,
e52d12291c83,2026-08-30T17:57:55+00:00,local,,CACA.jpg,e735fe9e50057f8280baf96182a38d516a4acfb144da7f1e6aad32de44c76aea,sdk_test_fixture,present_valid,metadata_scrub|recompress_q75,EXIF block removed in place (no re-encode) then Re-saved as JPEG at quality 75,9ba820be68c36bd9090eb7d2577ec6362532d7c5b37f693b06521b87aac167f0,32253,1024,683,absent,False,False,False,
70f9910d912e,2026-08-30T17:57:55+00:00,local,,CACAE-uri-CA.jpg,66baccd7a155946eec0bcffd1c26a635e462493816414f677baf336989a0482a,sdk_test_fixture,present_valid,none,Untouched original,66baccd7a155946eec0bcffd1c26a635e462493816414f677baf336989a0482a,388188,2048,1365,present_valid,False,False,False,
704098aba70f,2026-08-30T17:57:55+00:00,local,,CACAE-uri-CA.jpg,66baccd7a155946eec0bcffd1c26a635e462493816414f677baf336989a0482a,sdk_test_fixture,present_valid,recompress_q95,Re-saved as JPEG at quality 95,6cd9da632c1d42472c8d397f71e039bea9bd25fd1ad9790924f257f09cb19ec7,113131,2048,1365,absent,False,False,False,
65369bd92eb7,2026-08-30T17:57:55+00:00,local,,CACAE-uri-CA.jpg,66baccd7a155946eec0bcffd1c26a635e462493816414f677baf336989a0482a,sdk_test_fixture,present_valid,recompress_q75,Re-saved as JPEG at quality 75,f5a70333517d59392fad339cc166649cc249cbd9f3dfca481e52137bc08bd0d9,69270,2048,1365,absent,False,False,False,
6fa30c6e9509,2026-08-30T17:57:55+00:00,local,,CACAE-uri-CA.jpg,66baccd7a155946eec0bcffd1c26a635e462493816414f677baf336989a0482a,sdk_test_fixture,present_valid,recompress_q50,Re-saved as JPEG at quality 50,7cd49cf1398114cfde31506d344c46f4ebec18bd231c47c0c15dab7e43f85421,61678,2048,1365,absent,False,False,False,
ef0f472c6c67,2026-08-30T17:57:55+00:00,local,,CACAE-uri-CA.jpg,66baccd7a155946eec0bcffd1c26a635e462493816414f677baf336989a0482a,sdk_test_fixture,present_valid,resize_75pct,Resized to 75% of original dimensions,2ed99a9e2548eccec68caa5823af229358744356b5064e8c1c7c045ed546c469,96287,1536,1023,absent,False,False,False,
af751b464375,2026-08-30T17:57:55+00:00,local,,CACAE-uri-CA.jpg,66baccd7a155946eec0bcffd1c26a635e462493816414f677baf336989a0482a,sdk_test_fixture,present_valid,resize_50pct,Resized to 50% of original dimensions,adff07dfc4cdc67a591ba13b499506b1b3e0c385d4909f73ce6e9c7a5b99cae8,50988,1024,682,absent,False,False,False,
81c83cb43000,2026-08-30T17:57:55+00:00,local,,CACAE-uri-CA.jpg,66baccd7a155946eec0bcffd1c26a635e462493816414f677baf336989a0482a,sdk_test_fixture,present_valid,resize_25pct,Resized to 25% of original dimensions,81bebf802db818bb7a0f730d1112edf7ef3da6acf51e1801d9628d0db303d352,18089,512,341,absent,False,False,False,
bb0abb455810,2026-08-30T17:57:55+00:00,local,,CACAE-uri-CA.jpg,66baccd7a155946eec0bcffd1c26a635e462493816414f677baf336989a0482a,sdk_test_fixture,present_valid,crop_5pct,Cropped 5% off each border,685d0c2fb7ac2442a29852cad0060e6ad11652e621b3f02e1a79e834a5d2360d,131086,1844,1229,absent,False,False,False,
ec4b5e979809,2026-08-30T17:57:55+00:00,local,,CACAE-uri-CA.jpg,66baccd7a155946eec0bcffd1c26a635e462493816414f677baf336989a0482a,sdk_test_fixture,present_valid,crop_10pct,Cropped 10% off each border,7da34215fa9972b739461693c2a961805d8225f21eb9a0c3d6e19f2826956e4b,81758,1640,1093,absent,False,False,False,
7a3cfd313dbc,2026-08-30T17:57:55+00:00,local,,CACAE-uri-CA.jpg,66baccd7a155946eec0bcffd1c26a635e462493816414f677baf336989a0482a,sdk_test_fixture,present_valid,crop_25pct,Cropped 25% off each border,50090d27419f4dd23fb378fd09f7c0030e3f72507cae1b7ef78e1434679cc9c3,26664,1024,683,absent,False,False,False,
69a7a7c2b413,2026-08-30T17:57:55+00:00,local,,CACAE-uri-CA.jpg,66baccd7a155946eec0bcffd1c26a635e462493816414f677baf336989a0482a,sdk_test_fixture,present_valid,rotate_90,Rotated 90 degrees,6640732faf0e85599435b54eda361ecf48d508ea4139fce915b2bd3d1a4fb828,113643,1365,2048,absent,False,False,False,
9efc1d91b036,2026-08-30T17:57:55+00:00,local,,CACAE-uri-CA.jpg,66baccd7a155946eec0bcffd1c26a635e462493816414f677baf336989a0482a,sdk_test_fixture,present_valid,rotate_180,Rotated 180 degrees,693ec9f3494366d22d4f32a677b15ccd0eee20e05215f2e9f7e5daabecc42837,140850,2048,1365,absent,False,False,False,
b20963635273,2026-08-30T17:57:56+00:00,local,,CACAE-uri-CA.jpg,66baccd7a155946eec0bcffd1c26a635e462493816414f677baf336989a0482a,sdk_test_fixture,present_valid,convert_png_jpeg_png,Converted PNG to JPEG and back to PNG,b5a6085959440e7891631018fb57c632201067720baad686202ad012aed8608f,232908,2048,1365,absent,False,False,False,
a3ea5b1c67c8,2026-08-30T17:57:56+00:00,local,,CACAE-uri-CA.jpg,66baccd7a155946eec0bcffd1c26a635e462493816414f677baf336989a0482a,sdk_test_fixture,present_valid,screenshot,"Screenshotted (pixels recaptured, container discarded)",9590463e77187a05c413b9d9258e91f87a5f159cb6f7f2541c494bef7cc91807,171617,2048,1365,absent,False,False,False,
ee8897def1af,2026-08-30T17:57:56+00:00,local,,CACAE-uri-CA.jpg,66baccd7a155946eec0bcffd1c26a635e462493816414f677baf336989a0482a,sdk_test_fixture,present_valid,metadata_scrub,EXIF block removed in place (no re-encode),66baccd7a155946eec0bcffd1c26a635e462493816414f677baf336989a0482a,388188,2048,1365,present_valid,False,False,False,
b41a5bdd3299,2026-08-30T17:57:56+00:00,local,,CACAE-uri-CA.jpg,66baccd7a155946eec0bcffd1c26a635e462493816414f677baf336989a0482a,sdk_test_fixture,present_valid,editor_resave,Opened in an editor and saved (default settings),0bffbd56d865153b492d6f4a961122540369442b19fb9e962f3775a76c59a667,92478,2048,1365,absent,False,False,False,
5d1a7d79859d,2026-08-30T17:57:56+00:00,local,,CACAE-uri-CA.jpg,66baccd7a155946eec0bcffd1c26a635e462493816414f677baf336989a0482a,sdk_test_fixture,present_valid,screenshot|recompress_q75,"Screenshotted (pixels recaptured, container discarded) then Re-saved as JPEG at quality 75",f5a70333517d59392fad339cc166649cc249cbd9f3dfca481e52137bc08bd0d9,69270,2048,1365,absent,False,False,False,
cb0fbbf2b44b,2026-08-30T17:57:56+00:00,local,,CACAE-uri-CA.jpg,66baccd7a155946eec0bcffd1c26a635e462493816414f677baf336989a0482a,sdk_test_fixture,present_valid,resize_50pct|recompress_q75,Resized to 50% of original dimensions then Re-saved as JPEG at quality 75,ddc886fb2e1639d213cdb54d104d35ef48bfdb86f3a205014f4c3b511bf88019,24073,1024,682,absent,False,False,False,
d2a77cd7e177,2026-08-30T17:57:56+00:00,local,,CACAE-uri-CA.jpg,66baccd7a155946eec0bcffd1c26a635e462493816414f677baf336989a0482a,sdk_test_fixture,present_valid,crop_10pct|recompress_q50,Cropped 10% off each border then Re-saved as JPEG at quality 50,d573f7be1f3bc17ad4b586ac8fcaba96c1be17ecb06a86b8af8d1e65e97abf6f,37323,1640,1093,absent,False,False,False,
d7b7ed05c36e,2026-08-30T17:57:56+00:00,local,,CACAE-uri-CA.jpg,66baccd7a155946eec0bcffd1c26a635e462493816414f677baf336989a0482a,sdk_test_fixture,present_valid,metadata_scrub|recompress_q75,EXIF block removed in place (no re-encode) then Re-saved as JPEG at quality 75,f5a70333517d59392fad339cc166649cc249cbd9f3dfca481e52137bc08bd0d9,69270,2048,1365,absent,False,False,False,
2c26913af348,2026-08-30T17:57:56+00:00,local,,CA_ct.jpg,e7d6cb48303593c0a34de44aadf9b6f4386a8b263c74e76b6c19ea97eb87e853,sdk_test_fixture,present_valid,none,Untouched original,e7d6cb48303593c0a34de44aadf9b6f4386a8b263c74e76b6c19ea97eb87e853,166864,1024,683,present_valid,False,False,False,
598fd45578c0,2026-08-30T17:57:56+00:00,local,,CA_ct.jpg,e7d6cb48303593c0a34de44aadf9b6f4386a8b263c74e76b6c19ea97eb87e853,sdk_test_fixture,present_valid,recompress_q95,Re-saved as JPEG at quality 95,a9b218c69f246a5a5684a427dc84108bb17829abb6c2e5257788d623da3469f9,57762,1024,683,absent,False,False,False,
5b50c04a0346,2026-08-30T17:57:56+00:00,local,,CA_ct.jpg,e7d6cb48303593c0a34de44aadf9b6f4386a8b263c74e76b6c19ea97eb87e853,sdk_test_fixture,present_valid,recompress_q75,Re-saved as JPEG at quality 75,8af8d40d399deb4ac4bb1b1a7a387082095917e080e1fd86cb267acaedab5958,34020,1024,683,absent,False,False,False,
c3f535b97f93,2026-08-30T17:57:56+00:00,local,,CA_ct.jpg,e7d6cb48303593c0a34de44aadf9b6f4386a8b263c74e76b6c19ea97eb87e853,sdk_test_fixture,present_valid,recompress_q50,Re-saved as JPEG at quality 50,b1ef2fdaac35c87179c53eb0d1ed442279ca7eda6c6f66ccd13ae1cfcc589e15,27866,1024,683,absent,False,False,False,
4106d4dcc324,2026-08-30T17:57:56+00:00,local,,CA_ct.jpg,e7d6cb48303593c0a34de44aadf9b6f4386a8b263c74e76b6c19ea97eb87e853,sdk_test_fixture,present_valid,resize_75pct,Resized to 75% of original dimensions,a0809ff80c948104432ba3a00b9cb820829c00bfc7da531ffe0b273bf67fbd6c,68251,768,512,absent,False,False,False,
46c574ae51b2,2026-08-30T17:57:56+00:00,local,,CA_ct.jpg,e7d6cb48303593c0a34de44aadf9b6f4386a8b263c74e76b6c19ea97eb87e853,sdk_test_fixture,present_valid,resize_50pct,Resized to 50% of original dimensions,6b21ab7979ff7b318d5b1360367b3935ab8baed02ef83b03e434b04b6112a046,36649,512,341,absent,False,False,False,
4a9a872456f0,2026-08-30T17:57:56+00:00,local,,CA_ct.jpg,e7d6cb48303593c0a34de44aadf9b6f4386a8b263c74e76b6c19ea97eb87e853,sdk_test_fixture,present_valid,resize_25pct,Resized to 25% of original dimensions,78b46aa3570fb458212bffd4f25ee76728828ab5fbfbc11bec26e764d6b693b7,14123,256,170,absent,False,False,False,
5ec1c3a95805,2026-08-30T17:57:56+00:00,local,,CA_ct.jpg,e7d6cb48303593c0a34de44aadf9b6f4386a8b263c74e76b6c19ea97eb87e853,sdk_test_fixture,present_valid,crop_5pct,Cropped 5% off each border,08c781ddfd1df62c34221b81fba1349407a581aa333602fa8f8241470ab63290,95093,922,615,absent,False,False,False,
d7fa4fc1d0be,2026-08-30T17:57:56+00:00,local,,CA_ct.jpg,e7d6cb48303593c0a34de44aadf9b6f4386a8b263c74e76b6c19ea97eb87e853,sdk_test_fixture,present_valid,crop_10pct,Cropped 10% off each border,1e5a0c039e4edb3ade0db84fd8eda2bb141f464830b8e3021f657c0dadab70a0,80446,820,547,absent,False,False,False,
36c45814bd1e,2026-08-30T17:57:56+00:00,local,,CA_ct.jpg,e7d6cb48303593c0a34de44aadf9b6f4386a8b263c74e76b6c19ea97eb87e853,sdk_test_fixture,present_valid,crop_25pct,Cropped 25% off each border,1c90aac767e84359fe4d295ad0168c8dfa91d0c1ca94048d94ee05c09a8ebe43,33682,512,343,absent,False,False,False,
d6f5c1d5c1d7,2026-08-30T17:57:56+00:00,local,,CA_ct.jpg,e7d6cb48303593c0a34de44aadf9b6f4386a8b263c74e76b6c19ea97eb87e853,sdk_test_fixture,present_valid,rotate_90,Rotated 90 degrees,666cf9a2c8ba5d795eb7df01a07b2074b275c1e892b5e2c260459d35cdd1b1c2,58228,683,1024,absent,False,False,False,
e6088c8ade59,2026-08-30T17:57:56+00:00,local,,CA_ct.jpg,e7d6cb48303593c0a34de44aadf9b6f4386a8b263c74e76b6c19ea97eb87e853,sdk_test_fixture,present_valid,rotate_180,Rotated 180 degrees,37c00935d73747c6933cd8a10a6a41c94437c5d0a186144f6d66b33b396ddd96,86228,1024,683,absent,False,False,False,
1a222eddceca,2026-08-30T17:57:56+00:00,local,,CA_ct.jpg,e7d6cb48303593c0a34de44aadf9b6f4386a8b263c74e76b6c19ea97eb87e853,sdk_test_fixture,present_valid,convert_png_jpeg_png,Converted PNG to JPEG and back to PNG,d91633927c5079e8d6402dc465af4ac25069bf0c0f14db3ead37ad22f1c55bcf,315139,1024,683,absent,False,False,False,
7d2a2402ec4d,2026-08-30T17:57:56+00:00,local,,CA_ct.jpg,e7d6cb48303593c0a34de44aadf9b6f4386a8b263c74e76b6c19ea97eb87e853,sdk_test_fixture,present_valid,screenshot,"Screenshotted (pixels recaptured, container discarded)",2e3b4d7177bb3cbf079aaee162a5335bc27e801d87b2e041cc75db0dc17c76b1,281235,1024,683,absent,False,False,False,
329b2b748bf2,2026-08-30T17:57:56+00:00,local,,CA_ct.jpg,e7d6cb48303593c0a34de44aadf9b6f4386a8b263c74e76b6c19ea97eb87e853,sdk_test_fixture,present_valid,metadata_scrub,EXIF block removed in place (no re-encode),e7d6cb48303593c0a34de44aadf9b6f4386a8b263c74e76b6c19ea97eb87e853,166864,1024,683,present_valid,False,False,False,
71fc9230df58,2026-08-30T17:57:56+00:00,local,,CA_ct.jpg,e7d6cb48303593c0a34de44aadf9b6f4386a8b263c74e76b6c19ea97eb87e853,sdk_test_fixture,present_valid,editor_resave,Opened in an editor and saved (default settings),d942e9ed66b66a0d4258d20a2812fbcba1f59c89bf498f64f58b47f104f27a62,47660,1024,683,absent,False,False,False,
16906b933836,2026-08-30T17:57:56+00:00,local,,CA_ct.jpg,e7d6cb48303593c0a34de44aadf9b6f4386a8b263c74e76b6c19ea97eb87e853,sdk_test_fixture,present_valid,screenshot|recompress_q75,"Screenshotted (pixels recaptured, container discarded) then Re-saved as JPEG at quality 75",8af8d40d399deb4ac4bb1b1a7a387082095917e080e1fd86cb267acaedab5958,34020,1024,683,absent,False,False,False,
8eaa112d7136,2026-08-30T17:57:56+00:00,local,,CA_ct.jpg,e7d6cb48303593c0a34de44aadf9b6f4386a8b263c74e76b6c19ea97eb87e853,sdk_test_fixture,present_valid,resize_50pct|recompress_q75,Resized to 50% of original dimensions then Re-saved as JPEG at quality 75,d8d27f1184486028feffa83e174a15a3cc11f561494e83eaf3807b2cd35b5e68,15423,512,341,absent,False,False,False,
78ba7fa22d0d,2026-08-30T17:57:56+00:00,local,,CA_ct.jpg,e7d6cb48303593c0a34de44aadf9b6f4386a8b263c74e76b6c19ea97eb87e853,sdk_test_fixture,present_valid,crop_10pct|recompress_q50,Cropped 10% off each border then Re-saved as JPEG at quality 50,410a765fbe9311d836d9a82e77ea9283c1b6d86043ab530e151bd9d75f5d8517,21269,820,547,absent,False,False,False,
b75bdc26043c,2026-08-30T17:57:56+00:00,local,,CA_ct.jpg,e7d6cb48303593c0a34de44aadf9b6f4386a8b263c74e76b6c19ea97eb87e853,sdk_test_fixture,present_valid,metadata_scrub|recompress_q75,EXIF block removed in place (no re-encode) then Re-saved as JPEG at quality 75,8af8d40d399deb4ac4bb1b1a7a387082095917e080e1fd86cb267acaedab5958,34020,1024,683,absent,False,False,False,
877d64216edc,2026-08-30T17:57:56+00:00,local,,CIE-sig-CA.jpg,0c343c0f7c07ff6a1e8a0ec3d69d79fe2990d72450e778702e0fdae6458206c5,sdk_test_fixture,present_valid,none,Untouched original,0c343c0f7c07ff6a1e8a0ec3d69d79fe2990d72450e778702e0fdae6458206c5,354543,2048,1365,present_valid,False,False,False,
416bef6f0a21,2026-08-30T17:57:56+00:00,local,,CIE-sig-CA.jpg,0c343c0f7c07ff6a1e8a0ec3d69d79fe2990d72450e778702e0fdae6458206c5,sdk_test_fixture,present_valid,recompress_q95,Re-saved as JPEG at quality 95,35c3142779f735b7bd89d375967da14851c4a20a9d442f28bbd36e5e9fd7f687,134142,2048,1365,absent,False,False,False,
649d8dc50664,2026-08-30T17:57:56+00:00,local,,CIE-sig-CA.jpg,0c343c0f7c07ff6a1e8a0ec3d69d79fe2990d72450e778702e0fdae6458206c5,sdk_test_fixture,present_valid,recompress_q75,Re-saved as JPEG at quality 75,8cc7e4fc953972817ddc557ec147ea8cd449c78544c822d2fff949817fdc4a27,80789,2048,1365,absent,False,False,False,
3daea6963cf6,2026-08-30T17:57:56+00:00,local,,CIE-sig-CA.jpg,0c343c0f7c07ff6a1e8a0ec3d69d79fe2990d72450e778702e0fdae6458206c5,sdk_test_fixture,present_valid,recompress_q50,Re-saved as JPEG at quality 50,0f74eac4f125fd9318f3d48976e7a08fe011e811a541d4a10d6fd4a8339d4463,70243,2048,1365,absent,False,False,False,
f7d5ff772f59,2026-08-30T17:57:56+00:00,local,,CIE-sig-CA.jpg,0c343c0f7c07ff6a1e8a0ec3d69d79fe2990d72450e778702e0fdae6458206c5,sdk_test_fixture,present_valid,resize_75pct,Resized to 75% of original dimensions,6fd5ca1caef74cccc102f159412875a77d1944e5c154159781df60f7391ec9a7,121036,1536,1023,absent,False,False,False,
c61df120e2c7,2026-08-30T17:57:56+00:00,local,,CIE-sig-CA.jpg,0c343c0f7c07ff6a1e8a0ec3d69d79fe2990d72450e778702e0fdae6458206c5,sdk_test_fixture,present_valid,resize_50pct,Resized to 50% of original dimensions,040a119e8df3292e01b1a1af9c5fbf7a113584a4a514479a26c06d37ff41ae7c,64308,1024,682,absent,False,False,False,
1cb2ebf823ae,2026-08-30T17:57:56+00:00,local,,CIE-sig-CA.jpg,0c343c0f7c07ff6a1e8a0ec3d69d79fe2990d72450e778702e0fdae6458206c5,sdk_test_fixture,present_valid,resize_25pct,Resized to 25% of original dimensions,eba6d1d71c21d9058c9f8e522f0cab39323cf193df01f04b7e9af498a2df6931,23956,512,341,absent,False,False,False,
66626541ab36,2026-08-30T17:57:56+00:00,local,,CIE-sig-CA.jpg,0c343c0f7c07ff6a1e8a0ec3d69d79fe2990d72450e778702e0fdae6458206c5,sdk_test_fixture,present_valid,crop_5pct,Cropped 5% off each border,719ab29243620ce0ca72dd996d809e0fba700eadfba553d77db7e8f8d2229833,167627,1844,1229,absent,False,False,False,
6656f04b3a4e,2026-08-30T17:57:56+00:00,local,,CIE-sig-CA.jpg,0c343c0f7c07ff6a1e8a0ec3d69d79fe2990d72450e778702e0fdae6458206c5,sdk_test_fixture,present_valid,crop_10pct,Cropped 10% off each border,7c98b25d3f7e60cf4affd7c10d73fba99ff0be7ca954c754e8777f00602a8a43,119475,1640,1093,absent,False,False,False,
d22cdf3feed2,2026-08-30T17:57:56+00:00,local,,CIE-sig-CA.jpg,0c343c0f7c07ff6a1e8a0ec3d69d79fe2990d72450e778702e0fdae6458206c5,sdk_test_fixture,present_valid,crop_25pct,Cropped 25% off each border,8aa1646b288084feda8d0aba021391d473331406feaf9925a071861e92b910b1,47253,1024,683,absent,False,False,False,
ee3073e32fc3,2026-08-30T17:57:56+00:00,local,,CIE-sig-CA.jpg,0c343c0f7c07ff6a1e8a0ec3d69d79fe2990d72450e778702e0fdae6458206c5,sdk_test_fixture,present_valid,rotate_90,Rotated 90 degrees,5352431cdee90f9b650f85364e279cbe075c013a1c29c5eba3db8254d2e1dafc,134588,1365,2048,absent,False,False,False,
f19feb82e36c,2026-08-30T17:57:56+00:00,local,,CIE-sig-CA.jpg,0c343c0f7c07ff6a1e8a0ec3d69d79fe2990d72450e778702e0fdae6458206c5,sdk_test_fixture,present_valid,rotate_180,Rotated 180 degrees,6f00dda4be2b4215661857303223314382a1c496a1ee1f84c5968900da9dd315,168850,2048,1365,absent,False,False,False,
a0568c873361,2026-08-30T17:57:56+00:00,local,,CIE-sig-CA.jpg,0c343c0f7c07ff6a1e8a0ec3d69d79fe2990d72450e778702e0fdae6458206c5,sdk_test_fixture,present_valid,convert_png_jpeg_png,Converted PNG to JPEG and back to PNG,d3af8a7cdb1cb66988faa08a9b7009252797a1be369032321e4db5ecbcc38a77,413852,2048,1365,absent,False,False,False,
0e27b0ed16cc,2026-08-30T17:57:57+00:00,local,,CIE-sig-CA.jpg,0c343c0f7c07ff6a1e8a0ec3d69d79fe2990d72450e778702e0fdae6458206c5,sdk_test_fixture,present_valid,screenshot,"Screenshotted (pixels recaptured, container discarded)",ee82705f4aee801a52d44ab11d03c767573bebb32ef41560e007b32476b28c05,357374,2048,1365,absent,False,False,False,
b27e0110f0e7,2026-08-30T17:57:57+00:00,local,,CIE-sig-CA.jpg,0c343c0f7c07ff6a1e8a0ec3d69d79fe2990d72450e778702e0fdae6458206c5,sdk_test_fixture,present_valid,metadata_scrub,EXIF block removed in place (no re-encode),0c343c0f7c07ff6a1e8a0ec3d69d79fe2990d72450e778702e0fdae6458206c5,354543,2048,1365,present_valid,False,False,False,
b5b289931264,2026-08-30T17:57:57+00:00,local,,CIE-sig-CA.jpg,0c343c0f7c07ff6a1e8a0ec3d69d79fe2990d72450e778702e0fdae6458206c5,sdk_test_fixture,present_valid,editor_resave,Opened in an editor and saved (default settings),3199c1588018e137a50d1ebff262713a64623efaca226b5de3b03dbde3827bbf,109058,2048,1365,absent,False,False,False,
b56e362ea5ef,2026-08-30T17:57:57+00:00,local,,CIE-sig-CA.jpg,0c343c0f7c07ff6a1e8a0ec3d69d79fe2990d72450e778702e0fdae6458206c5,sdk_test_fixture,present_valid,screenshot|recompress_q75,"Screenshotted (pixels recaptured, container discarded) then Re-saved as JPEG at quality 75",8cc7e4fc953972817ddc557ec147ea8cd449c78544c822d2fff949817fdc4a27,80789,2048,1365,absent,False,False,False,
ead17166aa69,2026-08-30T17:57:57+00:00,local,,CIE-sig-CA.jpg,0c343c0f7c07ff6a1e8a0ec3d69d79fe2990d72450e778702e0fdae6458206c5,sdk_test_fixture,present_valid,resize_50pct|recompress_q75,Resized to 50% of original dimensions then Re-saved as JPEG at quality 75,affc4c7377bb7b97e2395f78b9e7d996b9ff78101173cd55f745d9ac60439a78,29480,1024,682,absent,False,False,False,
2296effe8fbc,2026-08-30T17:57:57+00:00,local,,CIE-sig-CA.jpg,0c343c0f7c07ff6a1e8a0ec3d69d79fe2990d72450e778702e0fdae6458206c5,sdk_test_fixture,present_valid,crop_10pct|recompress_q50,Cropped 10% off each border then Re-saved as JPEG at quality 50,f1e1be18436145c4d7dd68481da6d94a76a4b248b7156d91516fac7d30ec0dbb,46301,1640,1093,absent,False,False,False,
265987af301b,2026-08-30T17:57:57+00:00,local,,CIE-sig-CA.jpg,0c343c0f7c07ff6a1e8a0ec3d69d79fe2990d72450e778702e0fdae6458206c5,sdk_test_fixture,present_valid,metadata_scrub|recompress_q75,EXIF block removed in place (no re-encode) then Re-saved as JPEG at quality 75,8cc7e4fc953972817ddc557ec147ea8cd449c78544c822d2fff949817fdc4a27,80789,2048,1365,absent,False,False,False,
19b3cd5ad1e9,2026-08-30T17:57:57+00:00,local,,C_with_CAWG_data.jpg,fa0b257c863cb5b367135a017813ce0c1fbfc690a03e94acdd047c25c2d1ed46,sdk_test_fixture,present_valid,none,Untouched original,fa0b257c863cb5b367135a017813ce0c1fbfc690a03e94acdd047c25c2d1ed46,139636,2048,1365,present_valid,False,False,False,
8f0fac6156c5,2026-08-30T17:57:57+00:00,local,,C_with_CAWG_data.jpg,fa0b257c863cb5b367135a017813ce0c1fbfc690a03e94acdd047c25c2d1ed46,sdk_test_fixture,present_valid,recompress_q95,Re-saved as JPEG at quality 95,60a87274baef7bf749c156aeaad7b0570b82f69b79fd1db2f32dd6a7d36b8c77,81005,2048,1365,absent,False,False,False,
e3351d2f602e,2026-08-30T17:57:57+00:00,local,,C_with_CAWG_data.jpg,fa0b257c863cb5b367135a017813ce0c1fbfc690a03e94acdd047c25c2d1ed46,sdk_test_fixture,present_valid,recompress_q75,Re-saved as JPEG at quality 75,cfa6efffd69d1d46c68883e490657fa95955a6d024565a7faecb5c0ed7946463,53367,2048,1365,absent,False,False,False,
87fdcc6785d7,2026-08-30T17:57:57+00:00,local,,C_with_CAWG_data.jpg,fa0b257c863cb5b367135a017813ce0c1fbfc690a03e94acdd047c25c2d1ed46,sdk_test_fixture,present_valid,recompress_q50,Re-saved as JPEG at quality 50,4194fffb2ea4c55daa9b000b6ee6d1266c428128ee9772befb0b3ab429106953,49795,2048,1365,absent,False,False,False,
ecf13b6cd18b,2026-08-30T17:57:57+00:00,local,,C_with_CAWG_data.jpg,fa0b257c863cb5b367135a017813ce0c1fbfc690a03e94acdd047c25c2d1ed46,sdk_test_fixture,present_valid,resize_75pct,Resized to 75% of original dimensions,87ca7c8eef7822703d1e89829dd89a50bf1dda2212dc97235f6c69576f3dc739,79325,1536,1023,absent,False,False,False,
6b7944ffe647,2026-08-30T17:57:57+00:00,local,,C_with_CAWG_data.jpg,fa0b257c863cb5b367135a017813ce0c1fbfc690a03e94acdd047c25c2d1ed46,sdk_test_fixture,present_valid,resize_50pct,Resized to 50% of original dimensions,c99f8d0f8003096386d91896efbf2e1b4c05a95039c9d173583eda16f69308d2,40022,1024,682,absent,False,False,False,
d6ae20bff0ae,2026-08-30T17:57:57+00:00,local,,C_with_CAWG_data.jpg,fa0b257c863cb5b367135a017813ce0c1fbfc690a03e94acdd047c25c2d1ed46,sdk_test_fixture,present_valid,resize_25pct,Resized to 25% of original dimensions,d2322e167f4713a82dcd17d1a630563f3e445c667b9518d37bd30720d3ea00fb,13873,512,341,absent,False,False,False,
07a3e52cc2fd,2026-08-30T17:57:57+00:00,local,,C_with_CAWG_data.jpg,fa0b257c863cb5b367135a017813ce0c1fbfc690a03e94acdd047c25c2d1ed46,sdk_test_fixture,present_valid,crop_5pct,Cropped 5% off each border,b70ecdb79363b69036e746c88fed708761a93b6cb77b8b1aa655c6786f73e4e9,112062,1844,1229,absent,False,False,False,
a146ee57a0e1,2026-08-30T17:57:57+00:00,local,,C_with_CAWG_data.jpg,fa0b257c863cb5b367135a017813ce0c1fbfc690a03e94acdd047c25c2d1ed46,sdk_test_fixture,present_valid,crop_10pct,Cropped 10% off each border,8d51296ebf2907c4daeb8d8d707d3b3cbb984b15305cbbb784b569fe2a447f7d,71576,1640,1093,absent,False,False,False,
714424f41f12,2026-08-30T17:57:57+00:00,local,,C_with_CAWG_data.jpg,fa0b257c863cb5b367135a017813ce0c1fbfc690a03e94acdd047c25c2d1ed46,sdk_test_fixture,present_valid,crop_25pct,Cropped 25% off each border,7cc427d30589179eea69ec17da9ea48e705c7f7c1d2fe87a535822ca8f3e9f38,28210,1024,683,absent,False,False,False,
8d40a9bb82fc,2026-08-30T17:57:57+00:00,local,,C_with_CAWG_data.jpg,fa0b257c863cb5b367135a017813ce0c1fbfc690a03e94acdd047c25c2d1ed46,sdk_test_fixture,present_valid,rotate_90,Rotated 90 degrees,42f220b7a617194aac4caa9cc2e0b76c43bc23547e6d7e63591f1e3a97fc7c21,83926,1365,2048,absent,False,False,False,
93fb4bfcdaf6,2026-08-30T17:57:57+00:00,local,,C_with_CAWG_data.jpg,fa0b257c863cb5b367135a017813ce0c1fbfc690a03e94acdd047c25c2d1ed46,sdk_test_fixture,present_valid,rotate_180,Rotated 180 degrees,355292cc44d5a80314c9327c1b218c683d1f82d6fbd4cb7a9f5d350c309a150f,106698,2048,1365,absent,False,False,False,
6f0381c1c66d,2026-08-30T17:57:57+00:00,local,,C_with_CAWG_data.jpg,fa0b257c863cb5b367135a017813ce0c1fbfc690a03e94acdd047c25c2d1ed46,sdk_test_fixture,present_valid,convert_png_jpeg_png,Converted PNG to JPEG and back to PNG,902b443ed232c6c3d769873686bb5fa789c9964723331f3de9c836e33b95e606,116152,2048,1365,absent,False,False,False,
85cb68614d97,2026-08-30T17:57:57+00:00,local,,C_with_CAWG_data.jpg,fa0b257c863cb5b367135a017813ce0c1fbfc690a03e94acdd047c25c2d1ed46,sdk_test_fixture,present_valid,screenshot,"Screenshotted (pixels recaptured, container discarded)",d3e0a85ed26b6127822a2509c8430ccf82ba8b52d41a7951301493dd165c7b67,39310,2048,1365,absent,False,False,False,
296f2f95cde4,2026-08-30T17:57:57+00:00,local,,C_with_CAWG_data.jpg,fa0b257c863cb5b367135a017813ce0c1fbfc690a03e94acdd047c25c2d1ed46,sdk_test_fixture,present_valid,metadata_scrub,EXIF block removed in place (no re-encode),fa0b257c863cb5b367135a017813ce0c1fbfc690a03e94acdd047c25c2d1ed46,139636,2048,1365,present_valid,False,False,False,
66fde041206d,2026-08-30T17:57:57+00:00,local,,C_with_CAWG_data.jpg,fa0b257c863cb5b367135a017813ce0c1fbfc690a03e94acdd047c25c2d1ed46,sdk_test_fixture,present_valid,editor_resave,Opened in an editor and saved (default settings),dc829e9dcdf5fcf9e45d4544077e156f090ffbc816bbdfb929caebc97dcfdb1b,67191,2048,1365,absent,False,False,False,
363ef2b89e7a,2026-08-30T17:57:57+00:00,local,,C_with_CAWG_data.jpg,fa0b257c863cb5b367135a017813ce0c1fbfc690a03e94acdd047c25c2d1ed46,sdk_test_fixture,present_valid,screenshot|recompress_q75,"Screenshotted (pixels recaptured, container discarded) then Re-saved as JPEG at quality 75",cfa6efffd69d1d46c68883e490657fa95955a6d024565a7faecb5c0ed7946463,53367,2048,1365,absent,False,False,False,
0fad16b4a236,2026-08-30T17:57:57+00:00,local,,C_with_CAWG_data.jpg,fa0b257c863cb5b367135a017813ce0c1fbfc690a03e94acdd047c25c2d1ed46,sdk_test_fixture,present_valid,resize_50pct|recompress_q75,Resized to 50% of original dimensions then Re-saved as JPEG at quality 75,b1c29c9ba892496e607c6af3334164e137eb65a7f539c713ba5358444d8eea06,18436,1024,682,absent,False,False,False,
be5daa59e457,2026-08-30T17:57:57+00:00,local,,C_with_CAWG_data.jpg,fa0b257c863cb5b367135a017813ce0c1fbfc690a03e94acdd047c25c2d1ed46,sdk_test_fixture,present_valid,crop_10pct|recompress_q50,Cropped 10% off each border then Re-saved as JPEG at quality 50,ea550cb751c176711d97fb740e0a929205a3f08c04a00f4bceea260f027df9de,31761,1640,1093,absent,False,False,False,
36d5de0171d7,2026-08-30T17:57:57+00:00,local,,C_with_CAWG_data.jpg,fa0b257c863cb5b367135a017813ce0c1fbfc690a03e94acdd047c25c2d1ed46,sdk_test_fixture,present_valid,metadata_scrub|recompress_q75,EXIF block removed in place (no re-encode) then Re-saved as JPEG at quality 75,cfa6efffd69d1d46c68883e490657fa95955a6d024565a7faecb5c0ed7946463,53367,2048,1365,absent,False,False,False,
5d8a373990de,2026-08-30T17:57:57+00:00,local,,E-sig-CA.jpg,20dc072a4c843d3b7d7cb4f4002fbb4d8f20d7ee859ca726f2458c1e0358a98c,sdk_test_fixture,present_invalid,none,Untouched original,20dc072a4c843d3b7d7cb4f4002fbb4d8f20d7ee859ca726f2458c1e0358a98c,166864,1024,683,present_invalid,False,False,False,
9c7db2a92b65,2026-08-30T17:57:57+00:00,local,,E-sig-CA.jpg,20dc072a4c843d3b7d7cb4f4002fbb4d8f20d7ee859ca726f2458c1e0358a98c,sdk_test_fixture,present_invalid,recompress_q95,Re-saved as JPEG at quality 95,a9b218c69f246a5a5684a427dc84108bb17829abb6c2e5257788d623da3469f9,57762,1024,683,absent,False,False,False,
8243ebb0309c,2026-08-30T17:57:57+00:00,local,,E-sig-CA.jpg,20dc072a4c843d3b7d7cb4f4002fbb4d8f20d7ee859ca726f2458c1e0358a98c,sdk_test_fixture,present_invalid,recompress_q75,Re-saved as JPEG at quality 75,8af8d40d399deb4ac4bb1b1a7a387082095917e080e1fd86cb267acaedab5958,34020,1024,683,absent,False,False,False,
1f332ff22e82,2026-08-30T17:57:57+00:00,local,,E-sig-CA.jpg,20dc072a4c843d3b7d7cb4f4002fbb4d8f20d7ee859ca726f2458c1e0358a98c,sdk_test_fixture,present_invalid,recompress_q50,Re-saved as JPEG at quality 50,b1ef2fdaac35c87179c53eb0d1ed442279ca7eda6c6f66ccd13ae1cfcc589e15,27866,1024,683,absent,False,False,False,
ec89a14ea2b5,2026-08-30T17:57:57+00:00,local,,E-sig-CA.jpg,20dc072a4c843d3b7d7cb4f4002fbb4d8f20d7ee859ca726f2458c1e0358a98c,sdk_test_fixture,present_invalid,resize_75pct,Resized to 75% of original dimensions,a0809ff80c948104432ba3a00b9cb820829c00bfc7da531ffe0b273bf67fbd6c,68251,768,512,absent,False,False,False,
33aa50d384e5,2026-08-30T17:57:57+00:00,local,,E-sig-CA.jpg,20dc072a4c843d3b7d7cb4f4002fbb4d8f20d7ee859ca726f2458c1e0358a98c,sdk_test_fixture,present_invalid,resize_50pct,Resized to 50% of original dimensions,6b21ab7979ff7b318d5b1360367b3935ab8baed02ef83b03e434b04b6112a046,36649,512,341,absent,False,False,False,
ce467363d2fc,2026-08-30T17:57:58+00:00,local,,E-sig-CA.jpg,20dc072a4c843d3b7d7cb4f4002fbb4d8f20d7ee859ca726f2458c1e0358a98c,sdk_test_fixture,present_invalid,resize_25pct,Resized to 25% of original dimensions,78b46aa3570fb458212bffd4f25ee76728828ab5fbfbc11bec26e764d6b693b7,14123,256,170,absent,False,False,False,
8c1847152cd7,2026-08-30T17:57:58+00:00,local,,E-sig-CA.jpg,20dc072a4c843d3b7d7cb4f4002fbb4d8f20d7ee859ca726f2458c1e0358a98c,sdk_test_fixture,present_invalid,crop_5pct,Cropped 5% off each border,08c781ddfd1df62c34221b81fba1349407a581aa333602fa8f8241470ab63290,95093,922,615,absent,False,False,False,
104d62d4fa95,2026-08-30T17:57:58+00:00,local,,E-sig-CA.jpg,20dc072a4c843d3b7d7cb4f4002fbb4d8f20d7ee859ca726f2458c1e0358a98c,sdk_test_fixture,present_invalid,crop_10pct,Cropped 10% off each border,1e5a0c039e4edb3ade0db84fd8eda2bb141f464830b8e3021f657c0dadab70a0,80446,820,547,absent,False,False,False,
1b1fae90b867,2026-08-30T17:57:58+00:00,local,,E-sig-CA.jpg,20dc072a4c843d3b7d7cb4f4002fbb4d8f20d7ee859ca726f2458c1e0358a98c,sdk_test_fixture,present_invalid,crop_25pct,Cropped 25% off each border,1c90aac767e84359fe4d295ad0168c8dfa91d0c1ca94048d94ee05c09a8ebe43,33682,512,343,absent,False,False,False,
9a445c15d948,2026-08-30T17:57:58+00:00,local,,E-sig-CA.jpg,20dc072a4c843d3b7d7cb4f4002fbb4d8f20d7ee859ca726f2458c1e0358a98c,sdk_test_fixture,present_invalid,rotate_90,Rotated 90 degrees,666cf9a2c8ba5d795eb7df01a07b2074b275c1e892b5e2c260459d35cdd1b1c2,58228,683,1024,absent,False,False,False,
70d4929a8939,2026-08-30T17:57:58+00:00,local,,E-sig-CA.jpg,20dc072a4c843d3b7d7cb4f4002fbb4d8f20d7ee859ca726f2458c1e0358a98c,sdk_test_fixture,present_invalid,rotate_180,Rotated 180 degrees,37c00935d73747c6933cd8a10a6a41c94437c5d0a186144f6d66b33b396ddd96,86228,1024,683,absent,False,False,False,
ad026e830163,2026-08-30T17:57:58+00:00,local,,E-sig-CA.jpg,20dc072a4c843d3b7d7cb4f4002fbb4d8f20d7ee859ca726f2458c1e0358a98c,sdk_test_fixture,present_invalid,convert_png_jpeg_png,Converted PNG to JPEG and back to PNG,d91633927c5079e8d6402dc465af4ac25069bf0c0f14db3ead37ad22f1c55bcf,315139,1024,683,absent,False,False,False,
89967f68627a,2026-08-30T17:57:58+00:00,local,,E-sig-CA.jpg,20dc072a4c843d3b7d7cb4f4002fbb4d8f20d7ee859ca726f2458c1e0358a98c,sdk_test_fixture,present_invalid,screenshot,"Screenshotted (pixels recaptured, container discarded)",2e3b4d7177bb3cbf079aaee162a5335bc27e801d87b2e041cc75db0dc17c76b1,281235,1024,683,absent,False,False,False,
2af532ad49ad,2026-08-30T17:57:58+00:00,local,,E-sig-CA.jpg,20dc072a4c843d3b7d7cb4f4002fbb4d8f20d7ee859ca726f2458c1e0358a98c,sdk_test_fixture,present_invalid,metadata_scrub,EXIF block removed in place (no re-encode),20dc072a4c843d3b7d7cb4f4002fbb4d8f20d7ee859ca726f2458c1e0358a98c,166864,1024,683,present_invalid,False,False,False,
6ac0dc7cec26,2026-08-30T17:57:58+00:00,local,,E-sig-CA.jpg,20dc072a4c843d3b7d7cb4f4002fbb4d8f20d7ee859ca726f2458c1e0358a98c,sdk_test_fixture,present_invalid,editor_resave,Opened in an editor and saved (default settings),d942e9ed66b66a0d4258d20a2812fbcba1f59c89bf498f64f58b47f104f27a62,47660,1024,683,absent,False,False,False,
23166bd88f77,2026-08-30T17:57:58+00:00,local,,E-sig-CA.jpg,20dc072a4c843d3b7d7cb4f4002fbb4d8f20d7ee859ca726f2458c1e0358a98c,sdk_test_fixture,present_invalid,screenshot|recompress_q75,"Screenshotted (pixels recaptured, container discarded) then Re-saved as JPEG at quality 75",8af8d40d399deb4ac4bb1b1a7a387082095917e080e1fd86cb267acaedab5958,34020,1024,683,absent,False,False,False,
6065703ad337,2026-08-30T17:57:58+00:00,local,,E-sig-CA.jpg,20dc072a4c843d3b7d7cb4f4002fbb4d8f20d7ee859ca726f2458c1e0358a98c,sdk_test_fixture,present_invalid,resize_50pct|recompress_q75,Resized to 50% of original dimensions then Re-saved as JPEG at quality 75,d8d27f1184486028feffa83e174a15a3cc11f561494e83eaf3807b2cd35b5e68,15423,512,341,absent,False,False,False,
cabf73424a57,2026-08-30T17:57:58+00:00,local,,E-sig-CA.jpg,20dc072a4c843d3b7d7cb4f4002fbb4d8f20d7ee859ca726f2458c1e0358a98c,sdk_test_fixture,present_invalid,crop_10pct|recompress_q50,Cropped 10% off each border then Re-saved as JPEG at quality 50,410a765fbe9311d836d9a82e77ea9283c1b6d86043ab530e151bd9d75f5d8517,21269,820,547,absent,False,False,False,
9536d6fbef00,2026-08-30T17:57:58+00:00,local,,E-sig-CA.jpg,20dc072a4c843d3b7d7cb4f4002fbb4d8f20d7ee859ca726f2458c1e0358a98c,sdk_test_fixture,present_invalid,metadata_scrub|recompress_q75,EXIF block removed in place (no re-encode) then Re-saved as JPEG at quality 75,8af8d40d399deb4ac4bb1b1a7a387082095917e080e1fd86cb267acaedab5958,34020,1024,683,absent,False,False,False,
4fc3cdcf0e33,2026-08-30T17:57:58+00:00,local,,IMG_0003.jpg,f999fd78bfe8a83c96e468a078830ba94485bc1bc6fd086fb94a43bd29dd0f23,sdk_test_fixture,absent,none,Untouched original,f999fd78bfe8a83c96e468a078830ba94485bc1bc6fd086fb94a43bd29dd0f23,61720,1024,683,absent,False,True,True,
632e0f9b0b1b,2026-08-30T17:57:58+00:00,local,,IMG_0003.jpg,f999fd78bfe8a83c96e468a078830ba94485bc1bc6fd086fb94a43bd29dd0f23,sdk_test_fixture,absent,recompress_q95,Re-saved as JPEG at quality 95,cd275dd0a66937d08be448c1749592dd160e718590e20eee0e72bcf93b104850,58728,1024,683,absent,False,False,False,
e4f789f5f2af,2026-08-30T17:57:58+00:00,local,,IMG_0003.jpg,f999fd78bfe8a83c96e468a078830ba94485bc1bc6fd086fb94a43bd29dd0f23,sdk_test_fixture,absent,recompress_q75,Re-saved as JPEG at quality 75,933c16f92cc3cdd88dc15812e020ae327e54f94ddd3eafe2182a0aa08e6d9b2a,34130,1024,683,absent,False,False,False,
392812443381,2026-08-30T17:57:58+00:00,local,,IMG_0003.jpg,f999fd78bfe8a83c96e468a078830ba94485bc1bc6fd086fb94a43bd29dd0f23,sdk_test_fixture,absent,recompress_q50,Re-saved as JPEG at quality 50,8bc0781fe3ea302ee5eab70cebfadebb73722c276d99139c75a3d7c3a4596a1d,27766,1024,683,absent,False,False,False,
645f9c9fd82b,2026-08-30T17:57:58+00:00,local,,IMG_0003.jpg,f999fd78bfe8a83c96e468a078830ba94485bc1bc6fd086fb94a43bd29dd0f23,sdk_test_fixture,absent,resize_75pct,Resized to 75% of original dimensions,b1adb035c903b1e00e07c57088a94658f30345e80078e29fa9999c588fc86a08,68114,768,512,absent,False,False,False,
0b9362f242c7,2026-08-30T17:57:58+00:00,local,,IMG_0003.jpg,f999fd78bfe8a83c96e468a078830ba94485bc1bc6fd086fb94a43bd29dd0f23,sdk_test_fixture,absent,resize_50pct,Resized to 50% of original dimensions,c059127dfe517f615c143bd180e7287d61fe7f71bf074d09c57325532a1a7047,37026,512,341,absent,False,False,False,
d910e39ba6bb,2026-08-30T17:57:58+00:00,local,,IMG_0003.jpg,f999fd78bfe8a83c96e468a078830ba94485bc1bc6fd086fb94a43bd29dd0f23,sdk_test_fixture,absent,resize_25pct,Resized to 25% of original dimensions,0a66b8336e299c3b5d56401980d5b243e9a891da5045275dd002e5d390d9a5d5,14316,256,170,absent,False,False,False,
31409883b90b,2026-08-30T17:57:58+00:00,local,,IMG_0003.jpg,f999fd78bfe8a83c96e468a078830ba94485bc1bc6fd086fb94a43bd29dd0f23,sdk_test_fixture,absent,crop_5pct,Cropped 5% off each border,3b7a90fdee2338b65af6d3f17ddac42cbe9107cf1541d5991f200b0cbd7c7e05,94714,922,615,absent,False,False,False,
f62d531bf565,2026-08-30T17:57:58+00:00,local,,IMG_0003.jpg,f999fd78bfe8a83c96e468a078830ba94485bc1bc6fd086fb94a43bd29dd0f23,sdk_test_fixture,absent,crop_10pct,Cropped 10% off each border,3c62650ef90d1e3412be07868f8832199377385300d3ec7ef21dae908891d291,80240,820,547,absent,False,False,False,
e827f6ea528b,2026-08-30T17:57:58+00:00,local,,IMG_0003.jpg,f999fd78bfe8a83c96e468a078830ba94485bc1bc6fd086fb94a43bd29dd0f23,sdk_test_fixture,absent,crop_25pct,Cropped 25% off each border,eba49da737fa1f8a7ecf6908682d764878342427521dfb4c4179f1a6b0d90d08,33717,512,343,absent,False,False,False,
1a813303d674,2026-08-30T17:57:58+00:00,local,,IMG_0003.jpg,f999fd78bfe8a83c96e468a078830ba94485bc1bc6fd086fb94a43bd29dd0f23,sdk_test_fixture,absent,rotate_90,Rotated 90 degrees,36e8638b82ec378de958e9f453743192909def1e2b8a8db3ab08375fad416441,57840,683,1024,absent,False,False,False,
ea5ea0fb501e,2026-08-30T17:57:58+00:00,local,,IMG_0003.jpg,f999fd78bfe8a83c96e468a078830ba94485bc1bc6fd086fb94a43bd29dd0f23,sdk_test_fixture,absent,rotate_180,Rotated 180 degrees,d5add8f787825f66991502baddc3a7f1b067fafce13e3351d12ea6208f8d69e6,85893,1024,683,absent,False,False,False,
2b2f3df22011,2026-08-30T17:57:58+00:00,local,,IMG_0003.jpg,f999fd78bfe8a83c96e468a078830ba94485bc1bc6fd086fb94a43bd29dd0f23,sdk_test_fixture,absent,convert_png_jpeg_png,Converted PNG to JPEG and back to PNG,211170190d4f5b44a0cf4c85321ed4fbff875af1c4710016b76b536268505cd6,309336,1024,683,absent,False,False,False,
38efd8a4d1eb,2026-08-30T17:57:58+00:00,local,,IMG_0003.jpg,f999fd78bfe8a83c96e468a078830ba94485bc1bc6fd086fb94a43bd29dd0f23,sdk_test_fixture,absent,screenshot,"Screenshotted (pixels recaptured, container discarded)",df46d37e665becf96e423e3ca1436192f5faa0410c84c9e6d9cb301a2ad41595,307638,1024,683,absent,False,False,False,
8e4da97b11e2,2026-08-30T17:57:58+00:00,local,,IMG_0003.jpg,f999fd78bfe8a83c96e468a078830ba94485bc1bc6fd086fb94a43bd29dd0f23,sdk_test_fixture,absent,metadata_scrub,EXIF block removed in place (no re-encode),3d48fc8aea69de8c769a9984e4e1d57f5a72842c70c5931d2d9e4b982a3a1c17,50814,1024,683,absent,False,False,True,
3f269857723a,2026-08-30T17:57:58+00:00,local,,IMG_0003.jpg,f999fd78bfe8a83c96e468a078830ba94485bc1bc6fd086fb94a43bd29dd0f23,sdk_test_fixture,absent,editor_resave,Opened in an editor and saved (default settings),8eb621b04d4f02d2a22d59fe63c98a431e6499e8d3e7ee6e319326cb61e19652,46847,1024,683,absent,False,False,False,
05f355136777,2026-08-30T17:57:58+00:00,local,,IMG_0003.jpg,f999fd78bfe8a83c96e468a078830ba94485bc1bc6fd086fb94a43bd29dd0f23,sdk_test_fixture,absent,screenshot|recompress_q75,"Screenshotted (pixels recaptured, container discarded) then Re-saved as JPEG at quality 75",933c16f92cc3cdd88dc15812e020ae327e54f94ddd3eafe2182a0aa08e6d9b2a,34130,1024,683,absent,False,False,False,
aa13354d7aff,2026-08-30T17:57:58+00:00,local,,IMG_0003.jpg,f999fd78bfe8a83c96e468a078830ba94485bc1bc6fd086fb94a43bd29dd0f23,sdk_test_fixture,absent,resize_50pct|recompress_q75,Resized to 50% of original dimensions then Re-saved as JPEG at quality 75,1a42c09d3d3ca32ec9fc7924741bf9ec970f0abb0a66c76b0ec23df0b5565575,15737,512,341,absent,False,False,False,
63880ac9cb30,2026-08-30T17:57:58+00:00,local,,IMG_0003.jpg,f999fd78bfe8a83c96e468a078830ba94485bc1bc6fd086fb94a43bd29dd0f23,sdk_test_fixture,absent,crop_10pct|recompress_q50,Cropped 10% off each border then Re-saved as JPEG at quality 50,8ef9da481b839f9bb6dc577b8b3500723204e16c77a9d964dab146350452057b,21555,820,547,absent,False,False,False,
a67b69c0f197,2026-08-30T17:57:58+00:00,local,,IMG_0003.jpg,f999fd78bfe8a83c96e468a078830ba94485bc1bc6fd086fb94a43bd29dd0f23,sdk_test_fixture,absent,metadata_scrub|recompress_q75,EXIF block removed in place (no re-encode) then Re-saved as JPEG at quality 75,933c16f92cc3cdd88dc15812e020ae327e54f94ddd3eafe2182a0aa08e6d9b2a,34130,1024,683,absent,False,False,False,
a85a632ecf51,2026-08-30T17:57:58+00:00,local,,P1000827.jpg,9d33d48863ac4f94711e289bebc43e849d45be1819ee16c479bd9a8385f1ae08,sdk_test_fixture,absent,none,Untouched original,9d33d48863ac4f94711e289bebc43e849d45be1819ee16c479bd9a8385f1ae08,167548,1024,759,absent,False,True,True,
39391eee55b6,2026-08-30T17:57:58+00:00,local,,P1000827.jpg,9d33d48863ac4f94711e289bebc43e849d45be1819ee16c479bd9a8385f1ae08,sdk_test_fixture,absent,recompress_q95,Re-saved as JPEG at quality 95,b1f3b0ade71b97136fa2b902c7c54883346067c9657ff5317514520d48ee813c,267543,1024,759,absent,False,False,False,
acb479b598fb,2026-08-30T17:57:58+00:00,local,,P1000827.jpg,9d33d48863ac4f94711e289bebc43e849d45be1819ee16c479bd9a8385f1ae08,sdk_test_fixture,absent,recompress_q75,Re-saved as JPEG at quality 75,93b1480e83d758abaebe8afbaf02b13e6972c6e8a220ecd6b8701fa656a684a1,144837,1024,759,absent,False,False,False,
e5bc451b8f7b,2026-08-30T17:57:58+00:00,local,,P1000827.jpg,9d33d48863ac4f94711e289bebc43e849d45be1819ee16c479bd9a8385f1ae08,sdk_test_fixture,absent,recompress_q50,Re-saved as JPEG at quality 50,7b07f630ec74985466d7cf89d5074b9c03ad19417cddb16e0060f5a8889372f0,106838,1024,759,absent,False,False,False,
32f5afb8068f,2026-08-30T17:57:58+00:00,local,,P1000827.jpg,9d33d48863ac4f94711e289bebc43e849d45be1819ee16c479bd9a8385f1ae08,sdk_test_fixture,absent,resize_75pct,Resized to 75% of original dimensions,8851a3cedb3544b33f6a65fddd6db4b8aa67edaf2d663bf2eec4666ba9198ea4,226743,768,569,absent,False,False,False,
1edc018fd922,2026-08-30T17:57:58+00:00,local,,P1000827.jpg,9d33d48863ac4f94711e289bebc43e849d45be1819ee16c479bd9a8385f1ae08,sdk_test_fixture,absent,resize_50pct,Resized to 50% of original dimensions,8873ad0f19611af3b4eddccdcfb2d180a063e8fff27f835249137d83765aee1b,112806,512,379,absent,False,False,False,
b00f07909b43,2026-08-30T17:57:58+00:00,local,,P1000827.jpg,9d33d48863ac4f94711e289bebc43e849d45be1819ee16c479bd9a8385f1ae08,sdk_test_fixture,absent,resize_25pct,Resized to 25% of original dimensions,663f4b6590cdb66a815692e0edecbcb53beb909626ec1caf30d8a32833dbda20,31069,256,189,absent,False,False,False,
1aa75df3148c,2026-08-30T17:57:58+00:00,local,,P1000827.jpg,9d33d48863ac4f94711e289bebc43e849d45be1819ee16c479bd9a8385f1ae08,sdk_test_fixture,absent,crop_5pct,Cropped 5% off each border,1165de9fc385457f63eb916b718f24298b3362e6873127a721ea91b9bbc31df7,289915,922,685,absent,False,False,False,
b52733ad959a,2026-08-30T17:57:58+00:00,local,,P1000827.jpg,9d33d48863ac4f94711e289bebc43e849d45be1819ee16c479bd9a8385f1ae08,sdk_test_fixture,absent,crop_10pct,Cropped 10% off each border,5546849bb2894f831b2e561ab888dd47117ea6fa7934e7260767134b627e6872,210053,820,609,absent,False,False,False,
bee1cc0be390,2026-08-30T17:57:58+00:00,local,,P1000827.jpg,9d33d48863ac4f94711e289bebc43e849d45be1819ee16c479bd9a8385f1ae08,sdk_test_fixture,absent,crop_25pct,Cropped 25% off each border,dfe6466be6e2d6c03a2bbdf04f788c49320f279a3bb69b8673832e03116cf9c2,57546,512,381,absent,False,False,False,
cabd63f43746,2026-08-30T17:57:58+00:00,local,,P1000827.jpg,9d33d48863ac4f94711e289bebc43e849d45be1819ee16c479bd9a8385f1ae08,sdk_test_fixture,absent,rotate_90,Rotated 90 degrees,375c1ad58d7e6dfa51254f3dc9ff173a8bcfad97a7f44ffd252cef77b71c33f2,267762,759,1024,absent,False,False,False,
cd9cf69b5f89,2026-08-30T17:57:59+00:00,local,,P1000827.jpg,9d33d48863ac4f94711e289bebc43e849d45be1819ee16c479bd9a8385f1ae08,sdk_test_fixture,absent,rotate_180,Rotated 180 degrees,3e5d9729b150bdccfc28d58c8c808394c0ad2ae55b5d08b4f23a54c3c04b7de4,332808,1024,759,absent,False,False,False,
6c8641070803,2026-08-30T17:57:59+00:00,local,,P1000827.jpg,9d33d48863ac4f94711e289bebc43e849d45be1819ee16c479bd9a8385f1ae08,sdk_test_fixture,absent,convert_png_jpeg_png,Converted PNG to JPEG and back to PNG,103c11b74fe7e96fe671c64605066e67aa10fc26f2cc16f132d274ce8b47fd85,1222023,1024,759,absent,False,False,False,
b6419a09e097,2026-08-30T17:57:59+00:00,local,,P1000827.jpg,9d33d48863ac4f94711e289bebc43e849d45be1819ee16c479bd9a8385f1ae08,sdk_test_fixture,absent,screenshot,"Screenshotted (pixels recaptured, container discarded)",d8afc06212d415e7e6736c89d98e56d5eba422e33f4b228b0c7382e82d914872,1232974,1024,759,absent,False,False,False,
6f16b66e2a01,2026-08-30T17:57:59+00:00,local,,P1000827.jpg,9d33d48863ac4f94711e289bebc43e849d45be1819ee16c479bd9a8385f1ae08,sdk_test_fixture,absent,metadata_scrub,EXIF block removed in place (no re-encode),8adae4abdbf9ec92a8fde5481ef35c1bdd4b9d641e1598082daa8b8910e648b7,146930,1024,759,absent,False,False,True,
5bec03b2f7ec,2026-08-30T17:57:59+00:00,local,,P1000827.jpg,9d33d48863ac4f94711e289bebc43e849d45be1819ee16c479bd9a8385f1ae08,sdk_test_fixture,absent,editor_resave,Opened in an editor and saved (default settings),807da6613a680f4bad739e6c185d82240ab44ce6de2b4da2438cdc2692ace809,220896,1024,759,absent,False,False,False,
5eb48c0ed955,2026-08-30T17:57:59+00:00,local,,P1000827.jpg,9d33d48863ac4f94711e289bebc43e849d45be1819ee16c479bd9a8385f1ae08,sdk_test_fixture,absent,screenshot|recompress_q75,"Screenshotted (pixels recaptured, container discarded) then Re-saved as JPEG at quality 75",93b1480e83d758abaebe8afbaf02b13e6972c6e8a220ecd6b8701fa656a684a1,144837,1024,759,absent,False,False,False,
de07ba57431b,2026-08-30T17:57:59+00:00,local,,P1000827.jpg,9d33d48863ac4f94711e289bebc43e849d45be1819ee16c479bd9a8385f1ae08,sdk_test_fixture,absent,resize_50pct|recompress_q75,Resized to 50% of original dimensions then Re-saved as JPEG at quality 75,c4ba3de2ce0268852a4d27a4273d41c4b854f163956ac3f0fc8c653e99e42324,46893,512,379,absent,False,False,False,
3ce4aac360bb,2026-08-30T17:57:59+00:00,local,,P1000827.jpg,9d33d48863ac4f94711e289bebc43e849d45be1819ee16c479bd9a8385f1ae08,sdk_test_fixture,absent,crop_10pct|recompress_q50,Cropped 10% off each border then Re-saved as JPEG at quality 50,3573ed08a8cb525dcc0a144f166c605a599bb3f0fc60519654cc090b6b6789bc,58156,820,609,absent,False,False,False,
55ac8d8e4863,2026-08-30T17:57:59+00:00,local,,P1000827.jpg,9d33d48863ac4f94711e289bebc43e849d45be1819ee16c479bd9a8385f1ae08,sdk_test_fixture,absent,metadata_scrub|recompress_q75,EXIF block removed in place (no re-encode) then Re-saved as JPEG at quality 75,93b1480e83d758abaebe8afbaf02b13e6972c6e8a220ecd6b8701fa656a684a1,144837,1024,759,absent,False,False,False,
2b5916f78729,2026-08-30T17:57:59+00:00,local,,XCA.jpg,81f20702a2e81611b29aa773f811b59ade6095acd3d089d6ffdae6b591d6d5a5,sdk_test_fixture,present_invalid,none,Untouched original,81f20702a2e81611b29aa773f811b59ade6095acd3d089d6ffdae6b591d6d5a5,142765,1024,683,present_invalid,False,False,False,
c30f4615d4dd,2026-08-30T17:57:59+00:00,local,,XCA.jpg,81f20702a2e81611b29aa773f811b59ade6095acd3d089d6ffdae6b591d6d5a5,sdk_test_fixture,present_invalid,recompress_q95,Re-saved as JPEG at quality 95,31b3ac4a4df239ae22446cf9687dc58b8a9e7a9f7a419af6a5ee727b52172db7,44759,1024,683,absent,False,False,False,
65a8ba6644c1,2026-08-30T17:57:59+00:00,local,,XCA.jpg,81f20702a2e81611b29aa773f811b59ade6095acd3d089d6ffdae6b591d6d5a5,sdk_test_fixture,present_invalid,recompress_q75,Re-saved as JPEG at quality 75,f38fd76d238c7036e9247aa3cdf7bda62e8d520e444627cad78d14fc883c7934,28631,1024,683,absent,False,False,False,
9a4ae67e01ef,2026-08-30T17:57:59+00:00,local,,XCA.jpg,81f20702a2e81611b29aa773f811b59ade6095acd3d089d6ffdae6b591d6d5a5,sdk_test_fixture,present_invalid,recompress_q50,Re-saved as JPEG at quality 50,8e03472e76286670283e691bf37a468e98bf59437f38887a49104ecc7ffae6b9,24446,1024,683,absent,False,False,False,
0b23ba65fafb,2026-08-30T17:57:59+00:00,local,,XCA.jpg,81f20702a2e81611b29aa773f811b59ade6095acd3d089d6ffdae6b591d6d5a5,sdk_test_fixture,present_invalid,resize_75pct,Resized to 75% of original dimensions,05f527692f8f6a44a5679116101b5067720940ee4613fe33932398b8219f40cb,56441,768,512,absent,False,False,False,
7cbe42853d9a,2026-08-30T17:57:59+00:00,local,,XCA.jpg,81f20702a2e81611b29aa773f811b59ade6095acd3d089d6ffdae6b591d6d5a5,sdk_test_fixture,present_invalid,resize_50pct,Resized to 50% of original dimensions,2ac5ce2de868cf4d77f35b6bad954942846fab1768cc863d371699b6fdb398f7,29205,512,341,absent,False,False,False,
c71411839ef5,2026-08-30T17:57:59+00:00,local,,XCA.jpg,81f20702a2e81611b29aa773f811b59ade6095acd3d089d6ffdae6b591d6d5a5,sdk_test_fixture,present_invalid,resize_25pct,Resized to 25% of original dimensions,f19b69c80a15002d91589d53195a1dea09fb5733a71dca5b74e16428a656272a,11170,256,170,absent,False,False,False,
6e5763ab8d62,2026-08-30T17:57:59+00:00,local,,XCA.jpg,81f20702a2e81611b29aa773f811b59ade6095acd3d089d6ffdae6b591d6d5a5,sdk_test_fixture,present_invalid,crop_5pct,Cropped 5% off each border,6dc413521c5d39d6fc6990c9993fbc7c67bd566e1c19c76278a0f66988da76d7,81217,922,615,absent,False,False,False,
bd4cb835cdff,2026-08-30T17:57:59+00:00,local,,XCA.jpg,81f20702a2e81611b29aa773f811b59ade6095acd3d089d6ffdae6b591d6d5a5,sdk_test_fixture,present_invalid,crop_10pct,Cropped 10% off each border,1b2bb8b41e35b29d210393a82b0fa1d7e198f3f4c949457dc95f2d36d2a7e3a8,67440,820,547,absent,False,False,False,
481e884b1d91,2026-08-30T17:57:59+00:00,local,,XCA.jpg,81f20702a2e81611b29aa773f811b59ade6095acd3d089d6ffdae6b591d6d5a5,sdk_test_fixture,present_invalid,crop_25pct,Cropped 25% off each border,cbb791daca8f8b3c32098fe9b7e3b3cd39a32f6500418dbbe64d79c65fda116c,27775,512,343,absent,False,False,False,
7460585a3d68,2026-08-30T17:57:59+00:00,local,,XCA.jpg,81f20702a2e81611b29aa773f811b59ade6095acd3d089d6ffdae6b591d6d5a5,sdk_test_fixture,present_invalid,rotate_90,Rotated 90 degrees,0e4e4dfad734a1e8c8d5403a427a12934d5194cc9fe89f9612fe904c73234777,46634,683,1024,absent,False,False,False,
d1221ac2b2d2,2026-08-30T17:57:59+00:00,local,,XCA.jpg,81f20702a2e81611b29aa773f811b59ade6095acd3d089d6ffdae6b591d6d5a5,sdk_test_fixture,present_invalid,rotate_180,Rotated 180 degrees,2223ed2347ad688c7e7e3564703e860862d9827dbe8dcebf34ba90c654b5cb3a,72533,1024,683,absent,False,False,False,
1f5b969b4c45,2026-08-30T17:57:59+00:00,local,,XCA.jpg,81f20702a2e81611b29aa773f811b59ade6095acd3d089d6ffdae6b591d6d5a5,sdk_test_fixture,present_invalid,convert_png_jpeg_png,Converted PNG to JPEG and back to PNG,15373f854d2d4ad91e4ac45bb75a31ec919ef7783658f809bb43b16baca5122d,142426,1024,683,absent,False,False,False,
00c7206083cf,2026-08-30T17:57:59+00:00,local,,XCA.jpg,81f20702a2e81611b29aa773f811b59ade6095acd3d089d6ffdae6b591d6d5a5,sdk_test_fixture,present_invalid,screenshot,"Screenshotted (pixels recaptured, container discarded)",f4a62ea3b3c91f0b9a3d2f03c9b8548e6942aeb583f53f792b1e5ac369b3eb63,140847,1024,683,absent,False,False,False,
7ebcf53b6c49,2026-08-30T17:57:59+00:00,local,,XCA.jpg,81f20702a2e81611b29aa773f811b59ade6095acd3d089d6ffdae6b591d6d5a5,sdk_test_fixture,present_invalid,metadata_scrub,EXIF block removed in place (no re-encode),81f20702a2e81611b29aa773f811b59ade6095acd3d089d6ffdae6b591d6d5a5,142765,1024,683,present_invalid,False,False,False,
6761429a9ddc,2026-08-30T17:57:59+00:00,local,,XCA.jpg,81f20702a2e81611b29aa773f811b59ade6095acd3d089d6ffdae6b591d6d5a5,sdk_test_fixture,present_invalid,editor_resave,Opened in an editor and saved (default settings),7d51abb0b5473792650d548a6361960ec726d4f58c9798536d4a6d176da70915,37345,1024,683,absent,False,False,False,
80b052df3f1b,2026-08-30T17:58:00+00:00,local,,XCA.jpg,81f20702a2e81611b29aa773f811b59ade6095acd3d089d6ffdae6b591d6d5a5,sdk_test_fixture,present_invalid,screenshot|recompress_q75,"Screenshotted (pixels recaptured, container discarded) then Re-saved as JPEG at quality 75",f38fd76d238c7036e9247aa3cdf7bda62e8d520e444627cad78d14fc883c7934,28631,1024,683,absent,False,False,False,
9991c776445f,2026-08-30T17:58:00+00:00,local,,XCA.jpg,81f20702a2e81611b29aa773f811b59ade6095acd3d089d6ffdae6b591d6d5a5,sdk_test_fixture,present_invalid,resize_50pct|recompress_q75,Resized to 50% of original dimensions then Re-saved as JPEG at quality 75,6e1c8f4028ca1d54d9d7e8ef925f3142416abcf5d24f069ff471fa72e3cd37a8,12987,512,341,absent,False,False,False,
65629edc78c2,2026-08-30T17:58:00+00:00,local,,XCA.jpg,81f20702a2e81611b29aa773f811b59ade6095acd3d089d6ffdae6b591d6d5a5,sdk_test_fixture,present_invalid,crop_10pct|recompress_q50,Cropped 10% off each border then Re-saved as JPEG at quality 50,f19bcde419ed7f54aba1b20a7ae0072ee8b24f01263c7d9f4f28212c73a2d827,18863,820,547,absent,False,False,False,
17a78115fb1a,2026-08-30T17:58:00+00:00,local,,XCA.jpg,81f20702a2e81611b29aa773f811b59ade6095acd3d089d6ffdae6b591d6d5a5,sdk_test_fixture,present_invalid,metadata_scrub|recompress_q75,EXIF block removed in place (no re-encode) then Re-saved as JPEG at quality 75,f38fd76d238c7036e9247aa3cdf7bda62e8d520e444627cad78d14fc883c7934,28631,1024,683,absent,False,False,False,
5caa65da3658,2026-08-30T17:58:00+00:00,local,,adobe-20220124-E-clm-CAICAI.jpg,b3ff3f00c66602280977d3e4d962a836d33ab83953d0009f7c1e6490d0065feb,sdk_test_fixture,present_invalid,none,Untouched original,b3ff3f00c66602280977d3e4d962a836d33ab83953d0009f7c1e6490d0065feb,656258,1024,683,present_invalid,False,False,True,
9bce923f16fe,2026-08-30T17:58:00+00:00,local,,adobe-20220124-E-clm-CAICAI.jpg,b3ff3f00c66602280977d3e4d962a836d33ab83953d0009f7c1e6490d0065feb,sdk_test_fixture,present_invalid,recompress_q95,Re-saved as JPEG at quality 95,851439563c4ca482771662dda1bfc2d1d565bd8e8f21b5d26ee55dab0c7bafb3,89973,1024,683,absent,False,False,False,
50114b12c40d,2026-08-30T17:58:00+00:00,local,,adobe-20220124-E-clm-CAICAI.jpg,b3ff3f00c66602280977d3e4d962a836d33ab83953d0009f7c1e6490d0065feb,sdk_test_fixture,present_invalid,recompress_q75,Re-saved as JPEG at quality 75,583032c79741b71c641f0d6af95458b05be922deb352c5a1b49be062be782212,49049,1024,683,absent,False,False,False,
d38b580c8e2a,2026-08-30T17:58:00+00:00,local,,adobe-20220124-E-clm-CAICAI.jpg,b3ff3f00c66602280977d3e4d962a836d33ab83953d0009f7c1e6490d0065feb,sdk_test_fixture,present_invalid,recompress_q50,Re-saved as JPEG at quality 50,a01a6c9ad664d5af68b888276e0b5c27928276fdda183dbfad9631e7953d8ae8,39024,1024,683,absent,False,False,False,
fda9c9a47301,2026-08-30T17:58:00+00:00,local,,adobe-20220124-E-clm-CAICAI.jpg,b3ff3f00c66602280977d3e4d962a836d33ab83953d0009f7c1e6490d0065feb,sdk_test_fixture,present_invalid,resize_75pct,Resized to 75% of original dimensions,b417c1a598c75f8c82ae50eb7cdf63bde2046784d2ab7e032d77e7cd6d3d1d2a,86994,768,512,absent,False,False,False,
6dd28a7ed2c2,2026-08-30T17:58:00+00:00,local,,adobe-20220124-E-clm-CAICAI.jpg,b3ff3f00c66602280977d3e4d962a836d33ab83953d0009f7c1e6490d0065feb,sdk_test_fixture,present_invalid,resize_50pct,Resized to 50% of original dimensions,ea5413a00bd83cd5595934178671a6e365bde657600fb2f9fd2295d68fa49ff9,46955,512,341,absent,False,False,False,
1bc365529b1d,2026-08-30T17:58:00+00:00,local,,adobe-20220124-E-clm-CAICAI.jpg,b3ff3f00c66602280977d3e4d962a836d33ab83953d0009f7c1e6490d0065feb,sdk_test_fixture,present_invalid,resize_25pct,Resized to 25% of original dimensions,064464d7f2e623ec921b2120faf8593b597e2b012e88cf3033471ca90e265b62,17066,256,170,absent,False,False,False,
f99be0b807fd,2026-08-30T17:58:00+00:00,local,,adobe-20220124-E-clm-CAICAI.jpg,b3ff3f00c66602280977d3e4d962a836d33ab83953d0009f7c1e6490d0065feb,sdk_test_fixture,present_invalid,crop_5pct,Cropped 5% off each border,7bb2f3a4481ee19c6abbfe95cc8f98e139124aea32c17f87d079a87e0a86c304,118181,922,615,absent,False,False,False,
e99fbf85852c,2026-08-30T17:58:00+00:00,local,,adobe-20220124-E-clm-CAICAI.jpg,b3ff3f00c66602280977d3e4d962a836d33ab83953d0009f7c1e6490d0065feb,sdk_test_fixture,present_invalid,crop_10pct,Cropped 10% off each border,1b82c09f4dcd238c90076a0bb1f930df1083f08fbfb453cbc92a18c7afa2864e,97870,820,547,absent,False,False,False,
fe845a77b2f8,2026-08-30T17:58:00+00:00,local,,adobe-20220124-E-clm-CAICAI.jpg,b3ff3f00c66602280977d3e4d962a836d33ab83953d0009f7c1e6490d0065feb,sdk_test_fixture,present_invalid,crop_25pct,Cropped 25% off each border,ab11eaff752f6ab1263c81f8bc404369933490f54b442ba160c835bc154198bd,37167,512,343,absent,False,False,False,
50057d07ff88,2026-08-30T17:58:00+00:00,local,,adobe-20220124-E-clm-CAICAI.jpg,b3ff3f00c66602280977d3e4d962a836d33ab83953d0009f7c1e6490d0065feb,sdk_test_fixture,present_invalid,rotate_90,Rotated 90 degrees,71150c600e9e10aa1b40eac0d7b3a2913c8ec7503f108c65f60235b10f8afb85,90098,683,1024,absent,False,False,False,
bed18ea864db,2026-08-30T17:58:00+00:00,local,,adobe-20220124-E-clm-CAICAI.jpg,b3ff3f00c66602280977d3e4d962a836d33ab83953d0009f7c1e6490d0065feb,sdk_test_fixture,present_invalid,rotate_180,Rotated 180 degrees,62adb0b32703e13ccc6557246a92f82dedb2c19e0339faa021f63274fae5461e,120501,1024,683,absent,False,False,False,
6117bbe99d87,2026-08-30T17:58:00+00:00,local,,adobe-20220124-E-clm-CAICAI.jpg,b3ff3f00c66602280977d3e4d962a836d33ab83953d0009f7c1e6490d0065feb,sdk_test_fixture,present_invalid,convert_png_jpeg_png,Converted PNG to JPEG and back to PNG,8a253e2bfb33f6a111c02ba3a79229ba83c54780b1f93de1d86da209ab3e2e97,447961,1024,683,absent,False,False,False,
8b18be31fd52,2026-08-30T17:58:00+00:00,local,,adobe-20220124-E-clm-CAICAI.jpg,b3ff3f00c66602280977d3e4d962a836d33ab83953d0009f7c1e6490d0065feb,sdk_test_fixture,present_invalid,screenshot,"Screenshotted (pixels recaptured, container discarded)",81d397d0a5587538aee745103b4c38c2ca1c27c435731364f2c0109f3ef00649,397771,1024,683,absent,False,False,False,
8bf5b4f00216,2026-08-30T17:58:00+00:00,local,,adobe-20220124-E-clm-CAICAI.jpg,b3ff3f00c66602280977d3e4d962a836d33ab83953d0009f7c1e6490d0065feb,sdk_test_fixture,present_invalid,metadata_scrub,EXIF block removed in place (no re-encode),b3ff3f00c66602280977d3e4d962a836d33ab83953d0009f7c1e6490d0065feb,656258,1024,683,present_invalid,False,False,True,
122a94d8c2c6,2026-08-30T17:58:00+00:00,local,,adobe-20220124-E-clm-CAICAI.jpg,b3ff3f00c66602280977d3e4d962a836d33ab83953d0009f7c1e6490d0065feb,sdk_test_fixture,present_invalid,editor_resave,Opened in an editor and saved (default settings),5fc043fdf7afa6d576c6ea8f8ffeb97e0fcce86e88f1a22fab4f8b87c48e6b9a,72431,1024,683,absent,False,False,False,
40ee32ddf6cd,2026-08-30T17:58:00+00:00,local,,adobe-20220124-E-clm-CAICAI.jpg,b3ff3f00c66602280977d3e4d962a836d33ab83953d0009f7c1e6490d0065feb,sdk_test_fixture,present_invalid,screenshot|recompress_q75,"Screenshotted (pixels recaptured, container discarded) then Re-saved as JPEG at quality 75",583032c79741b71c641f0d6af95458b05be922deb352c5a1b49be062be782212,49049,1024,683,absent,False,False,False,
bd1a220dc338,2026-08-30T17:58:00+00:00,local,,adobe-20220124-E-clm-CAICAI.jpg,b3ff3f00c66602280977d3e4d962a836d33ab83953d0009f7c1e6490d0065feb,sdk_test_fixture,present_invalid,resize_50pct|recompress_q75,Resized to 50% of original dimensions then Re-saved as JPEG at quality 75,39ec8ea057a04c0d89cb8fc5c5511fa5212f29ab0748934124f2ef65d5618eb9,19692,512,341,absent,False,False,False,
88c59b914987,2026-08-30T17:58:00+00:00,local,,adobe-20220124-E-clm-CAICAI.jpg,b3ff3f00c66602280977d3e4d962a836d33ab83953d0009f7c1e6490d0065feb,sdk_test_fixture,present_invalid,crop_10pct|recompress_q50,Cropped 10% off each border then Re-saved as JPEG at quality 50,dc1f174641ac692c79d403ccead644415033ad40dabb652842d685a9b74fb2cd,26035,820,547,absent,False,False,False,
72a1182ba440,2026-08-30T17:58:00+00:00,local,,adobe-20220124-E-clm-CAICAI.jpg,b3ff3f00c66602280977d3e4d962a836d33ab83953d0009f7c1e6490d0065feb,sdk_test_fixture,present_invalid,metadata_scrub|recompress_q75,EXIF block removed in place (no re-encode) then Re-saved as JPEG at quality 75,583032c79741b71c641f0d6af95458b05be922deb352c5a1b49be062be782212,49049,1024,683,absent,False,False,False,
c70cfc6ee8f6,2026-08-30T17:58:00+00:00,local,,boxhash.jpg,b63a8df44b09d78cbe60b2c828b0a76b97b953407942fd9a2d0698c77c29b176,sdk_test_fixture,present_valid,none,Untouched original,b63a8df44b09d78cbe60b2c828b0a76b97b953407942fd9a2d0698c77c29b176,174308,1024,683,present_valid,False,False,True,
71a91c54ab2a,2026-08-30T17:58:00+00:00,local,,boxhash.jpg,b63a8df44b09d78cbe60b2c828b0a76b97b953407942fd9a2d0698c77c29b176,sdk_test_fixture,present_valid,recompress_q95,Re-saved as JPEG at quality 95,6657eff4f4f79393fb8268f0d05acf5152b9495b6dbabcf66cc7dca916679a5f,57673,1024,683,absent,False,False,False,
6b495ce24713,2026-08-30T17:58:00+00:00,local,,boxhash.jpg,b63a8df44b09d78cbe60b2c828b0a76b97b953407942fd9a2d0698c77c29b176,sdk_test_fixture,present_valid,recompress_q75,Re-saved as JPEG at quality 75,587fc18f2c1d48922fedee7518b15a1c8cd0ea6c1d480d7caf4408658105e0a9,34034,1024,683,absent,False,False,False,
a7a405ab9e37,2026-08-30T17:58:00+00:00,local,,boxhash.jpg,b63a8df44b09d78cbe60b2c828b0a76b97b953407942fd9a2d0698c77c29b176,sdk_test_fixture,present_valid,recompress_q50,Re-saved as JPEG at quality 50,712669effda018eaa8601b1f2cbb45f18ed1977c62b65b510ba6ee0d9d8445e0,27893,1024,683,absent,False,False,False,
aafdd566a5d2,2026-08-30T17:58:00+00:00,local,,boxhash.jpg,b63a8df44b09d78cbe60b2c828b0a76b97b953407942fd9a2d0698c77c29b176,sdk_test_fixture,present_valid,resize_75pct,Resized to 75% of original dimensions,161d835b52434876391f3847a313f81ba872b2884540e0493d98f0df547e0800,68428,768,512,absent,False,False,False,
18d9892c0380,2026-08-30T17:58:00+00:00,local,,boxhash.jpg,b63a8df44b09d78cbe60b2c828b0a76b97b953407942fd9a2d0698c77c29b176,sdk_test_fixture,present_valid,resize_50pct,Resized to 50% of original dimensions,23ec378fb3daa6793248ed87a592c80497a08cbde409a18e98e990fccd04a24e,36696,512,341,absent,False,False,False,
e3485bf456b5,2026-08-30T17:58:00+00:00,local,,boxhash.jpg,b63a8df44b09d78cbe60b2c828b0a76b97b953407942fd9a2d0698c77c29b176,sdk_test_fixture,present_valid,resize_25pct,Resized to 25% of original dimensions,4959cd24e5b91f507d84b74b1891909e93cc7736fa7f880e9f41bee30c7a037e,14186,256,170,absent,False,False,False,
a47bbbaa859d,2026-08-30T17:58:00+00:00,local,,boxhash.jpg,b63a8df44b09d78cbe60b2c828b0a76b97b953407942fd9a2d0698c77c29b176,sdk_test_fixture,present_valid,crop_5pct,Cropped 5% off each border,32946acf721025832913322a34001be02a01191dbfb506785ceb76b37e36f71c,95652,922,615,absent,False,False,False,
caba3d703101,2026-08-30T17:58:00+00:00,local,,boxhash.jpg,b63a8df44b09d78cbe60b2c828b0a76b97b953407942fd9a2d0698c77c29b176,sdk_test_fixture,present_valid,crop_10pct,Cropped 10% off each border,1a26f8f610fc9c9531a3afd2250adc22f40d6244d29a3633f827cfb8eb2e18cf,80999,820,547,absent,False,False,False,
8183a0949d37,2026-08-30T17:58:00+00:00,local,,boxhash.jpg,b63a8df44b09d78cbe60b2c828b0a76b97b953407942fd9a2d0698c77c29b176,sdk_test_fixture,present_valid,crop_25pct,Cropped 25% off each border,c80a60fc65928e116fb0a96b3a0f7d63dc5a0d645ea9c0fffae11f13c57f3b01,33816,512,343,absent,False,False,False,
932695fd7cad,2026-08-30T17:58:00+00:00,local,,boxhash.jpg,b63a8df44b09d78cbe60b2c828b0a76b97b953407942fd9a2d0698c77c29b176,sdk_test_fixture,present_valid,rotate_90,Rotated 90 degrees,7a12267b5bf5739e27ede4d25cb780b2653d081e552bd4b9e1caeeb6b1fb72b4,58196,683,1024,absent,False,False,False,
b4ca6d5bbcd3,2026-08-30T17:58:00+00:00,local,,boxhash.jpg,b63a8df44b09d78cbe60b2c828b0a76b97b953407942fd9a2d0698c77c29b176,sdk_test_fixture,present_valid,rotate_180,Rotated 180 degrees,0776c049a9378a784e26433f673adb17c3ec6fa9078e5cb730455e483910323a,86548,1024,683,absent,False,False,False,
00d39c518c92,2026-08-30T17:58:00+00:00,local,,boxhash.jpg,b63a8df44b09d78cbe60b2c828b0a76b97b953407942fd9a2d0698c77c29b176,sdk_test_fixture,present_valid,convert_png_jpeg_png,Converted PNG to JPEG and back to PNG,520ac7ad1ee950cf470d574e8758b37900216c96764ccac99b7a0ef493d01ee7,314549,1024,683,absent,False,False,False,
5eb78e0f0815,2026-08-30T17:58:00+00:00,local,,boxhash.jpg,b63a8df44b09d78cbe60b2c828b0a76b97b953407942fd9a2d0698c77c29b176,sdk_test_fixture,present_valid,screenshot,"Screenshotted (pixels recaptured, container discarded)",f47a7a9be32c83652fbe570bf84b6dcbb2411a7633825cbfa8b56c9e527f4805,281200,1024,683,absent,False,False,False,
67a387135967,2026-08-30T17:58:00+00:00,local,,boxhash.jpg,b63a8df44b09d78cbe60b2c828b0a76b97b953407942fd9a2d0698c77c29b176,sdk_test_fixture,present_valid,metadata_scrub,EXIF block removed in place (no re-encode),b63a8df44b09d78cbe60b2c828b0a76b97b953407942fd9a2d0698c77c29b176,174308,1024,683,present_valid,False,False,True,
8253658dc5e0,2026-08-30T17:58:00+00:00,local,,boxhash.jpg,b63a8df44b09d78cbe60b2c828b0a76b97b953407942fd9a2d0698c77c29b176,sdk_test_fixture,present_valid,editor_resave,Opened in an editor and saved (default settings),a51beb311c06a88d86f8dccf1968ce6d8356894a890449f662ba4741491db3e8,47612,1024,683,absent,False,False,False,
cd6c5332bdf2,2026-08-30T17:58:00+00:00,local,,boxhash.jpg,b63a8df44b09d78cbe60b2c828b0a76b97b953407942fd9a2d0698c77c29b176,sdk_test_fixture,present_valid,screenshot|recompress_q75,"Screenshotted (pixels recaptured, container discarded) then Re-saved as JPEG at quality 75",587fc18f2c1d48922fedee7518b15a1c8cd0ea6c1d480d7caf4408658105e0a9,34034,1024,683,absent,False,False,False,
ac5eccb2f20b,2026-08-30T17:58:00+00:00,local,,boxhash.jpg,b63a8df44b09d78cbe60b2c828b0a76b97b953407942fd9a2d0698c77c29b176,sdk_test_fixture,present_valid,resize_50pct|recompress_q75,Resized to 50% of original dimensions then Re-saved as JPEG at quality 75,b26bba388c901e5f8d007ab3570e15ecf79bbb393340edd27507fde099de16e4,15501,512,341,absent,False,False,False,
ceccec1a7ab9,2026-08-30T17:58:00+00:00,local,,boxhash.jpg,b63a8df44b09d78cbe60b2c828b0a76b97b953407942fd9a2d0698c77c29b176,sdk_test_fixture,present_valid,crop_10pct|recompress_q50,Cropped 10% off each border then Re-saved as JPEG at quality 50,24f43fc4560f7657bc92f05b96baa8ae0eb273cfa7dc17e97c82314c35c1dde3,21360,820,547,absent,False,False,False,
ecbbbf5af622,2026-08-30T17:58:00+00:00,local,,boxhash.jpg,b63a8df44b09d78cbe60b2c828b0a76b97b953407942fd9a2d0698c77c29b176,sdk_test_fixture,present_valid,metadata_scrub|recompress_q75,EXIF block removed in place (no re-encode) then Re-saved as JPEG at quality 75,587fc18f2c1d48922fedee7518b15a1c8cd0ea6c1d480d7caf4408658105e0a9,34034,1024,683,absent,False,False,False,
c604ccf25c23,2026-08-30T17:58:00+00:00,local,,cloud.jpg,e6ad9f51be5bb83f137322a3f260b5881738e3528aee208727e75b6daaba6092,sdk_test_fixture,absent,none,Untouched original,e6ad9f51be5bb83f137322a3f260b5881738e3528aee208727e75b6daaba6092,183901,375,375,absent,True,True,True,
d6e1fe885090,2026-08-30T17:58:00+00:00,local,,cloud.jpg,e6ad9f51be5bb83f137322a3f260b5881738e3528aee208727e75b6daaba6092,sdk_test_fixture,absent,recompress_q95,Re-saved as JPEG at quality 95,4ab6498d6ec5ab8cf92a48c241481c206687dbe2164c27ed299c3cc12401a494,71227,375,375,absent,False,False,False,
b3826a2708de,2026-08-30T17:58:00+00:00,local,,cloud.jpg,e6ad9f51be5bb83f137322a3f260b5881738e3528aee208727e75b6daaba6092,sdk_test_fixture,absent,recompress_q75,Re-saved as JPEG at quality 75,3f8421ed69bcfdf952f1ee2342e165726303eb1d9cf1889d9d18ed45d2945c05,32037,375,375,absent,False,False,False,
5be6761d6798,2026-08-30T17:58:00+00:00,local,,cloud.jpg,e6ad9f51be5bb83f137322a3f260b5881738e3528aee208727e75b6daaba6092,sdk_test_fixture,absent,recompress_q50,Re-saved as JPEG at quality 50,b886fcbc242202fed326ab187790e6e5d7b563c71000b540cbf717d1c67e443f,22168,375,375,absent,False,False,False,
5415672b17c4,2026-08-30T17:58:00+00:00,local,,cloud.jpg,e6ad9f51be5bb83f137322a3f260b5881738e3528aee208727e75b6daaba6092,sdk_test_fixture,absent,resize_75pct,Resized to 75% of original dimensions,446967e4c9de6f1aa05f609418467fb10ed724532b95e3fef1df7726661e51f0,41833,281,281,absent,False,False,False,
e0fbf706864e,2026-08-30T17:58:00+00:00,local,,cloud.jpg,e6ad9f51be5bb83f137322a3f260b5881738e3528aee208727e75b6daaba6092,sdk_test_fixture,absent,resize_50pct,Resized to 50% of original dimensions,963a8c35a0008ed0834bdcb7cdcd83913ef3fd36d208782297e50aa15c7abeba,19608,187,187,absent,False,False,False,
9b99c8fad15d,2026-08-30T17:58:00+00:00,local,,cloud.jpg,e6ad9f51be5bb83f137322a3f260b5881738e3528aee208727e75b6daaba6092,sdk_test_fixture,absent,resize_25pct,Resized to 25% of original dimensions,512fdbc17c63424bdeea1609e442940046b4651edc0ab62c749db7d2056cc9ac,5898,93,93,absent,False,False,False,
5cacd6b56b1a,2026-08-30T17:58:00+00:00,local,,cloud.jpg,e6ad9f51be5bb83f137322a3f260b5881738e3528aee208727e75b6daaba6092,sdk_test_fixture,absent,crop_5pct,Cropped 5% off each border,090d235c63deff4c3e2526de6a0a6c4a25efb82dfb61f30bb552aceaa23d1a1c,68759,339,339,absent,False,False,False,
855b30a34e55,2026-08-30T17:58:00+00:00,local,,cloud.jpg,e6ad9f51be5bb83f137322a3f260b5881738e3528aee208727e75b6daaba6092,sdk_test_fixture,absent,crop_10pct,Cropped 10% off each border,99ac731f11a4269e2c032420751cdf8753c45d33751f12c0b437dbfef4bd5bdc,61431,301,301,absent,False,False,False,
a0be2a3bc1d0,2026-08-30T17:58:00+00:00,local,,cloud.jpg,e6ad9f51be5bb83f137322a3f260b5881738e3528aee208727e75b6daaba6092,sdk_test_fixture,absent,crop_25pct,Cropped 25% off each border,651013543e2de50c240a22510017400cfdaa078f23ca283f4eb1c65b4fd59a9f,29092,189,189,absent,False,False,False,
4a4f2a5ff08c,2026-08-30T17:58:01+00:00,local,,cloud.jpg,e6ad9f51be5bb83f137322a3f260b5881738e3528aee208727e75b6daaba6092,sdk_test_fixture,absent,rotate_90,Rotated 90 degrees,0b514e224b2abc304e66e0f843777bb7414a832179fd3c86d14ec317e0a9688d,71163,375,375,absent,False,False,False,
0c18278f4692,2026-08-30T17:58:01+00:00,local,,cloud.jpg,e6ad9f51be5bb83f137322a3f260b5881738e3528aee208727e75b6daaba6092,sdk_test_fixture,absent,rotate_180,Rotated 180 degrees,8096c00e1ac44a4842c0bda35aabd0df53505c22e05ed343b9ab09950920b762,71264,375,375,absent,False,False,False,
478489c48816,2026-08-30T17:58:01+00:00,local,,cloud.jpg,e6ad9f51be5bb83f137322a3f260b5881738e3528aee208727e75b6daaba6092,sdk_test_fixture,absent,convert_png_jpeg_png,Converted PNG to JPEG and back to PNG,56deefaba380ed756a25911b6b8db81b6c0b0357131f342f1d61099139fee364,230986,375,375,absent,False,False,False,
b8bd95b1b656,2026-08-30T17:58:01+00:00,local,,cloud.jpg,e6ad9f51be5bb83f137322a3f260b5881738e3528aee208727e75b6daaba6092,sdk_test_fixture,absent,screenshot,"Screenshotted (pixels recaptured, container discarded)",c8c10834eb558e98cd37904cfc6169628b589204f0993212a638c8f0572d3ca7,292186,375,375,absent,False,False,False,
b2352715a6f3,2026-08-30T17:58:01+00:00,local,,cloud.jpg,e6ad9f51be5bb83f137322a3f260b5881738e3528aee208727e75b6daaba6092,sdk_test_fixture,absent,metadata_scrub,EXIF block removed in place (no re-encode),29a39cdaf585a0725cad7bd1ccf03b6d331f22749a2e2e2b9bd801dec71d05de,173865,375,375,absent,True,False,True,
688b9838e9d4,2026-08-30T17:58:01+00:00,local,,cloud.jpg,e6ad9f51be5bb83f137322a3f260b5881738e3528aee208727e75b6daaba6092,sdk_test_fixture,absent,editor_resave,Opened in an editor and saved (default settings),527926176c92211e2114bb63337f2093e2e02e6edeb96a4ec3dc6406c455386c,55988,375,375,absent,False,False,False,
e11a36ae1e71,2026-08-30T17:58:01+00:00,local,,cloud.jpg,e6ad9f51be5bb83f137322a3f260b5881738e3528aee208727e75b6daaba6092,sdk_test_fixture,absent,screenshot|recompress_q75,"Screenshotted (pixels recaptured, container discarded) then Re-saved as JPEG at quality 75",3f8421ed69bcfdf952f1ee2342e165726303eb1d9cf1889d9d18ed45d2945c05,32037,375,375,absent,False,False,False,
ffed534a396a,2026-08-30T17:58:01+00:00,local,,cloud.jpg,e6ad9f51be5bb83f137322a3f260b5881738e3528aee208727e75b6daaba6092,sdk_test_fixture,absent,resize_50pct|recompress_q75,Resized to 50% of original dimensions then Re-saved as JPEG at quality 75,184ab0ec4277b7726f556d4567ed326c6f065e84f2c2e7587003d955ebcb2cca,9453,187,187,absent,False,False,False,
a5a2c701303e,2026-08-30T17:58:01+00:00,local,,cloud.jpg,e6ad9f51be5bb83f137322a3f260b5881738e3528aee208727e75b6daaba6092,sdk_test_fixture,absent,crop_10pct|recompress_q50,Cropped 10% off each border then Re-saved as JPEG at quality 50,3c99a4e60ec3590f4b7133e9100d8dae6ab4cd762eb29dee802410415f82e0e3,19670,301,301,absent,False,False,False,
3de6297456db,2026-08-30T17:58:01+00:00,local,,cloud.jpg,e6ad9f51be5bb83f137322a3f260b5881738e3528aee208727e75b6daaba6092,sdk_test_fixture,absent,metadata_scrub|recompress_q75,EXIF block removed in place (no re-encode) then Re-saved as JPEG at quality 75,3f8421ed69bcfdf952f1ee2342e165726303eb1d9cf1889d9d18ed45d2945c05,32037,375,375,absent,False,False,False,
040704831427,2026-08-30T17:58:01+00:00,local,,earth_apollo17.jpg,b7ffd2579d0921aae0c0b2edf3cf5ef22621b07f27d7c56a856a09e5428779ad,sdk_test_fixture,absent,none,Untouched original,b7ffd2579d0921aae0c0b2edf3cf5ef22621b07f27d7c56a856a09e5428779ad,183712,375,375,absent,False,True,True,
17df29d97089,2026-08-30T17:58:01+00:00,local,,earth_apollo17.jpg,b7ffd2579d0921aae0c0b2edf3cf5ef22621b07f27d7c56a856a09e5428779ad,sdk_test_fixture,absent,recompress_q95,Re-saved as JPEG at quality 95,4ab6498d6ec5ab8cf92a48c241481c206687dbe2164c27ed299c3cc12401a494,71227,375,375,absent,False,False,False,
90cc81878aad,2026-08-30T17:58:01+00:00,local,,earth_apollo17.jpg,b7ffd2579d0921aae0c0b2edf3cf5ef22621b07f27d7c56a856a09e5428779ad,sdk_test_fixture,absent,recompress_q75,Re-saved as JPEG at quality 75,3f8421ed69bcfdf952f1ee2342e165726303eb1d9cf1889d9d18ed45d2945c05,32037,375,375,absent,False,False,False,
e5837b9f8690,2026-08-30T17:58:01+00:00,local,,earth_apollo17.jpg,b7ffd2579d0921aae0c0b2edf3cf5ef22621b07f27d7c56a856a09e5428779ad,sdk_test_fixture,absent,recompress_q50,Re-saved as JPEG at quality 50,b886fcbc242202fed326ab187790e6e5d7b563c71000b540cbf717d1c67e443f,22168,375,375,absent,False,False,False,
e4cea4b1791e,2026-08-30T17:58:01+00:00,local,,earth_apollo17.jpg,b7ffd2579d0921aae0c0b2edf3cf5ef22621b07f27d7c56a856a09e5428779ad,sdk_test_fixture,absent,resize_75pct,Resized to 75% of original dimensions,446967e4c9de6f1aa05f609418467fb10ed724532b95e3fef1df7726661e51f0,41833,281,281,absent,False,False,False,
0049f67102f4,2026-08-30T17:58:01+00:00,local,,earth_apollo17.jpg,b7ffd2579d0921aae0c0b2edf3cf5ef22621b07f27d7c56a856a09e5428779ad,sdk_test_fixture,absent,resize_50pct,Resized to 50% of original dimensions,963a8c35a0008ed0834bdcb7cdcd83913ef3fd36d208782297e50aa15c7abeba,19608,187,187,absent,False,False,False,
a5a8b7aa3e87,2026-08-30T17:58:01+00:00,local,,earth_apollo17.jpg,b7ffd2579d0921aae0c0b2edf3cf5ef22621b07f27d7c56a856a09e5428779ad,sdk_test_fixture,absent,resize_25pct,Resized to 25% of original dimensions,512fdbc17c63424bdeea1609e442940046b4651edc0ab62c749db7d2056cc9ac,5898,93,93,absent,False,False,False,
5846ef107199,2026-08-30T17:58:01+00:00,local,,earth_apollo17.jpg,b7ffd2579d0921aae0c0b2edf3cf5ef22621b07f27d7c56a856a09e5428779ad,sdk_test_fixture,absent,crop_5pct,Cropped 5% off each border,090d235c63deff4c3e2526de6a0a6c4a25efb82dfb61f30bb552aceaa23d1a1c,68759,339,339,absent,False,False,False,
6db51e3bdea9,2026-08-30T17:58:01+00:00,local,,earth_apollo17.jpg,b7ffd2579d0921aae0c0b2edf3cf5ef22621b07f27d7c56a856a09e5428779ad,sdk_test_fixture,absent,crop_10pct,Cropped 10% off each border,99ac731f11a4269e2c032420751cdf8753c45d33751f12c0b437dbfef4bd5bdc,61431,301,301,absent,False,False,False,
8145035d1e79,2026-08-30T17:58:01+00:00,local,,earth_apollo17.jpg,b7ffd2579d0921aae0c0b2edf3cf5ef22621b07f27d7c56a856a09e5428779ad,sdk_test_fixture,absent,crop_25pct,Cropped 25% off each border,651013543e2de50c240a22510017400cfdaa078f23ca283f4eb1c65b4fd59a9f,29092,189,189,absent,False,False,False,
fdd7cc664440,2026-08-30T17:58:01+00:00,local,,earth_apollo17.jpg,b7ffd2579d0921aae0c0b2edf3cf5ef22621b07f27d7c56a856a09e5428779ad,sdk_test_fixture,absent,rotate_90,Rotated 90 degrees,0b514e224b2abc304e66e0f843777bb7414a832179fd3c86d14ec317e0a9688d,71163,375,375,absent,False,False,False,
0fd08909be37,2026-08-30T17:58:01+00:00,local,,earth_apollo17.jpg,b7ffd2579d0921aae0c0b2edf3cf5ef22621b07f27d7c56a856a09e5428779ad,sdk_test_fixture,absent,rotate_180,Rotated 180 degrees,8096c00e1ac44a4842c0bda35aabd0df53505c22e05ed343b9ab09950920b762,71264,375,375,absent,False,False,False,
96009cfd7987,2026-08-30T17:58:01+00:00,local,,earth_apollo17.jpg,b7ffd2579d0921aae0c0b2edf3cf5ef22621b07f27d7c56a856a09e5428779ad,sdk_test_fixture,absent,convert_png_jpeg_png,Converted PNG to JPEG and back to PNG,56deefaba380ed756a25911b6b8db81b6c0b0357131f342f1d61099139fee364,230986,375,375,absent,False,False,False,
2d1a195d1cf7,2026-08-30T17:58:01+00:00,local,,earth_apollo17.jpg,b7ffd2579d0921aae0c0b2edf3cf5ef22621b07f27d7c56a856a09e5428779ad,sdk_test_fixture,absent,screenshot,"Screenshotted (pixels recaptured, container discarded)",c8c10834eb558e98cd37904cfc6169628b589204f0993212a638c8f0572d3ca7,292186,375,375,absent,False,False,False,
e307b91500fb,2026-08-30T17:58:01+00:00,local,,earth_apollo17.jpg,b7ffd2579d0921aae0c0b2edf3cf5ef22621b07f27d7c56a856a09e5428779ad,sdk_test_fixture,absent,metadata_scrub,EXIF block removed in place (no re-encode),384080c5424674583c79a962d16bc0fe98b7983e07979a56a5e7f11e91660d1f,173750,375,375,absent,False,False,True,
3a5ff3ef74b6,2026-08-30T17:58:01+00:00,local,,earth_apollo17.jpg,b7ffd2579d0921aae0c0b2edf3cf5ef22621b07f27d7c56a856a09e5428779ad,sdk_test_fixture,absent,editor_resave,Opened in an editor and saved (default settings),527926176c92211e2114bb63337f2093e2e02e6edeb96a4ec3dc6406c455386c,55988,375,375,absent,False,False,False,
dfee484cb2b9,2026-08-30T17:58:01+00:00,local,,earth_apollo17.jpg,b7ffd2579d0921aae0c0b2edf3cf5ef22621b07f27d7c56a856a09e5428779ad,sdk_test_fixture,absent,screenshot|recompress_q75,"Screenshotted (pixels recaptured, container discarded) then Re-saved as JPEG at quality 75",3f8421ed69bcfdf952f1ee2342e165726303eb1d9cf1889d9d18ed45d2945c05,32037,375,375,absent,False,False,False,
e74e35104004,2026-08-30T17:58:01+00:00,local,,earth_apollo17.jpg,b7ffd2579d0921aae0c0b2edf3cf5ef22621b07f27d7c56a856a09e5428779ad,sdk_test_fixture,absent,resize_50pct|recompress_q75,Resized to 50% of original dimensions then Re-saved as JPEG at quality 75,184ab0ec4277b7726f556d4567ed326c6f065e84f2c2e7587003d955ebcb2cca,9453,187,187,absent,False,False,False,
715541338f30,2026-08-30T17:58:01+00:00,local,,earth_apollo17.jpg,b7ffd2579d0921aae0c0b2edf3cf5ef22621b07f27d7c56a856a09e5428779ad,sdk_test_fixture,absent,crop_10pct|recompress_q50,Cropped 10% off each border then Re-saved as JPEG at quality 50,3c99a4e60ec3590f4b7133e9100d8dae6ab4cd762eb29dee802410415f82e0e3,19670,301,301,absent,False,False,False,
7198f78152b9,2026-08-30T17:58:01+00:00,local,,earth_apollo17.jpg,b7ffd2579d0921aae0c0b2edf3cf5ef22621b07f27d7c56a856a09e5428779ad,sdk_test_fixture,absent,metadata_scrub|recompress_q75,EXIF block removed in place (no re-encode) then Re-saved as JPEG at quality 75,3f8421ed69bcfdf952f1ee2342e165726303eb1d9cf1889d9d18ed45d2945c05,32037,375,375,absent,False,False,False,
c6c686d78f7f,2026-08-30T17:58:01+00:00,local,,legacy_ingredient_hash.jpg,e64168ba337fb8793f8577d4a9194f21df4bf0bce7b90485fe4dc46ccf0d2d2d,sdk_test_fixture,present_valid,none,Untouched original,e64168ba337fb8793f8577d4a9194f21df4bf0bce7b90485fe4dc46ccf0d2d2d,378962,1024,683,present_valid,False,False,True,
bc0e51fa4116,2026-08-30T17:58:01+00:00,local,,legacy_ingredient_hash.jpg,e64168ba337fb8793f8577d4a9194f21df4bf0bce7b90485fe4dc46ccf0d2d2d,sdk_test_fixture,present_valid,recompress_q95,Re-saved as JPEG at quality 95,fe373b9b2d4500e15a040cc8a029f1f726069e897aa26a809e09f9b48a0e2e21,75015,1024,683,absent,False,False,False,
ca664a7aecd2,2026-08-30T17:58:01+00:00,local,,legacy_ingredient_hash.jpg,e64168ba337fb8793f8577d4a9194f21df4bf0bce7b90485fe4dc46ccf0d2d2d,sdk_test_fixture,present_valid,recompress_q75,Re-saved as JPEG at quality 75,a455b11cf217a1c13f8156a038366f84de19b11e56a68edcdab367c927fa8c38,41890,1024,683,absent,False,False,False,
dcf9466a2ff6,2026-08-30T17:58:01+00:00,local,,legacy_ingredient_hash.jpg,e64168ba337fb8793f8577d4a9194f21df4bf0bce7b90485fe4dc46ccf0d2d2d,sdk_test_fixture,present_valid,recompress_q50,Re-saved as JPEG at quality 50,eec3147df452351801b8ad6be283f61b830914850294b5b927973b73a24684a9,33463,1024,683,absent,False,False,False,
6ff7eee40423,2026-08-30T17:58:01+00:00,local,,legacy_ingredient_hash.jpg,e64168ba337fb8793f8577d4a9194f21df4bf0bce7b90485fe4dc46ccf0d2d2d,sdk_test_fixture,present_valid,resize_75pct,Resized to 75% of original dimensions,c7bcbe53346145d10395b56b702397a8109e6cfa20b4d4b2f952bd2f6a61d862,78027,768,512,absent,False,False,False,
57a46116cfd9,2026-08-30T17:58:01+00:00,local,,legacy_ingredient_hash.jpg,e64168ba337fb8793f8577d4a9194f21df4bf0bce7b90485fe4dc46ccf0d2d2d,sdk_test_fixture,present_valid,resize_50pct,Resized to 50% of original dimensions,89eb8f5dbab35584f558bac389ad61f4007478f7c61858933dbce0c7d861aaa0,42651,512,341,absent,False,False,False,
d0d2133936de,2026-08-30T17:58:01+00:00,local,,legacy_ingredient_hash.jpg,e64168ba337fb8793f8577d4a9194f21df4bf0bce7b90485fe4dc46ccf0d2d2d,sdk_test_fixture,present_valid,resize_25pct,Resized to 25% of original dimensions,1ca4f15423ff498f1f746774cdccb2a61b7a90316629992432bc2a34589142a1,15830,256,170,absent,False,False,False,
9008e1b9e3cc,2026-08-30T17:58:01+00:00,local,,legacy_ingredient_hash.jpg,e64168ba337fb8793f8577d4a9194f21df4bf0bce7b90485fe4dc46ccf0d2d2d,sdk_test_fixture,present_valid,crop_5pct,Cropped 5% off each border,8f7c143598519625efa29888dba4cefccfc28d93aa14d04962a1a57c4a84b013,109172,922,615,absent,False,False,False,
4cedcafb92c5,2026-08-30T17:58:01+00:00,local,,legacy_ingredient_hash.jpg,e64168ba337fb8793f8577d4a9194f21df4bf0bce7b90485fe4dc46ccf0d2d2d,sdk_test_fixture,present_valid,crop_10pct,Cropped 10% off each border,6bdf36dcb93ee064eeb70e6c2713e615cc9c570acdeccc989ba7fdf25b355476,93153,820,547,absent,False,False,False,
fce61c881567,2026-08-30T17:58:01+00:00,local,,legacy_ingredient_hash.jpg,e64168ba337fb8793f8577d4a9194f21df4bf0bce7b90485fe4dc46ccf0d2d2d,sdk_test_fixture,present_valid,crop_25pct,Cropped 25% off each border,ab11eaff752f6ab1263c81f8bc404369933490f54b442ba160c835bc154198bd,37167,512,343,absent,False,False,False,
49b864c2f128,2026-08-30T17:58:01+00:00,local,,legacy_ingredient_hash.jpg,e64168ba337fb8793f8577d4a9194f21df4bf0bce7b90485fe4dc46ccf0d2d2d,sdk_test_fixture,present_valid,rotate_90,Rotated 90 degrees,2b6f129e2292a1d5a1dc9a332152c822ad7aabec8d80676b2aa7038151869aaf,75301,683,1024,absent,False,False,False,
057a4ad92075,2026-08-30T17:58:01+00:00,local,,legacy_ingredient_hash.jpg,e64168ba337fb8793f8577d4a9194f21df4bf0bce7b90485fe4dc46ccf0d2d2d,sdk_test_fixture,present_valid,rotate_180,Rotated 180 degrees,d411b8f66e73dee858fb8fe17eecb3827590a43cff0d499dc5fabe63f2e2fe68,104504,1024,683,absent,False,False,False,
a4f76e06e20a,2026-08-30T17:58:01+00:00,local,,legacy_ingredient_hash.jpg,e64168ba337fb8793f8577d4a9194f21df4bf0bce7b90485fe4dc46ccf0d2d2d,sdk_test_fixture,present_valid,convert_png_jpeg_png,Converted PNG to JPEG and back to PNG,0bdebedb145567a78dc5a9a1f0141be679f725a5004c3683ca0555cf9eb31d3f,390280,1024,683,absent,False,False,False,
9db0ae5128be,2026-08-30T17:58:01+00:00,local,,legacy_ingredient_hash.jpg,e64168ba337fb8793f8577d4a9194f21df4bf0bce7b90485fe4dc46ccf0d2d2d,sdk_test_fixture,present_valid,screenshot,"Screenshotted (pixels recaptured, container discarded)",94fd6abc503cfd787e3e541dc203a2bfedaf5efde4417f975bb6e95b720a18ff,337778,1024,683,absent,False,False,False,
a7c1b82633ff,2026-08-30T17:58:01+00:00,local,,legacy_ingredient_hash.jpg,e64168ba337fb8793f8577d4a9194f21df4bf0bce7b90485fe4dc46ccf0d2d2d,sdk_test_fixture,present_valid,metadata_scrub,EXIF block removed in place (no re-encode),e64168ba337fb8793f8577d4a9194f21df4bf0bce7b90485fe4dc46ccf0d2d2d,378962,1024,683,present_valid,False,False,True,
e4ea9214e922,2026-08-30T17:58:01+00:00,local,,legacy_ingredient_hash.jpg,e64168ba337fb8793f8577d4a9194f21df4bf0bce7b90485fe4dc46ccf0d2d2d,sdk_test_fixture,present_valid,editor_resave,Opened in an editor and saved (default settings),6c3bc5c853f1990b601b8ba7bc06c004ebc07fb355d0166ae150ca88fd65615a,60860,1024,683,absent,False,False,False,
a47f4f5e5d3c,2026-08-30T17:58:01+00:00,local,,legacy_ingredient_hash.jpg,e64168ba337fb8793f8577d4a9194f21df4bf0bce7b90485fe4dc46ccf0d2d2d,sdk_test_fixture,present_valid,screenshot|recompress_q75,"Screenshotted (pixels recaptured, container discarded) then Re-saved as JPEG at quality 75",a455b11cf217a1c13f8156a038366f84de19b11e56a68edcdab367c927fa8c38,41890,1024,683,absent,False,False,False,
4c62663c85a3,2026-08-30T17:58:01+00:00,local,,legacy_ingredient_hash.jpg,e64168ba337fb8793f8577d4a9194f21df4bf0bce7b90485fe4dc46ccf0d2d2d,sdk_test_fixture,present_valid,resize_50pct|recompress_q75,Resized to 50% of original dimensions then Re-saved as JPEG at quality 75,a8985241905c24dfdf5855abea87ef54c839b7a654098c16cb21129b1e23e80b,17893,512,341,absent,False,False,False,
901dc961c33d,2026-08-30T17:58:01+00:00,local,,legacy_ingredient_hash.jpg,e64168ba337fb8793f8577d4a9194f21df4bf0bce7b90485fe4dc46ccf0d2d2d,sdk_test_fixture,present_valid,crop_10pct|recompress_q50,Cropped 10% off each border then Re-saved as JPEG at quality 50,71a46f445022a44c8259eba6daaffc0ffcc65ee98e86ce7b1a7898189613ee81,24748,820,547,absent,False,False,False,
44ddef8d50a7,2026-08-30T17:58:01+00:00,local,,legacy_ingredient_hash.jpg,e64168ba337fb8793f8577d4a9194f21df4bf0bce7b90485fe4dc46ccf0d2d2d,sdk_test_fixture,present_valid,metadata_scrub|recompress_q75,EXIF block removed in place (no re-encode) then Re-saved as JPEG at quality 75,a455b11cf217a1c13f8156a038366f84de19b11e56a68edcdab367c927fa8c38,41890,1024,683,absent,False,False,False,
5cd3ad502cf5,2026-08-30T17:58:01+00:00,local,,libpng-test.png,c5c635a1dbbec9a768c3bb4527dbaea62a1be05efcee17d66799cc07b673b29b,sdk_test_fixture,absent,none,Untouched original,c5c635a1dbbec9a768c3bb4527dbaea62a1be05efcee17d66799cc07b673b29b,3700,91,69,absent,False,False,False,
9b64fde77be8,2026-08-30T17:58:01+00:00,local,,libpng-test.png,c5c635a1dbbec9a768c3bb4527dbaea62a1be05efcee17d66799cc07b673b29b,sdk_test_fixture,absent,recompress_q95,Re-saved as JPEG at quality 95,2f195c1992f233060b7b64b0dfae232b1c903c5ad7320edd16828bc631e231bf,4595,91,69,absent,False,False,False,
d727587eb126,2026-08-30T17:58:01+00:00,local,,libpng-test.png,c5c635a1dbbec9a768c3bb4527dbaea62a1be05efcee17d66799cc07b673b29b,sdk_test_fixture,absent,recompress_q75,Re-saved as JPEG at quality 75,025ade225b766a6daacd72dec7da9d125133ee09b899b934c00da6069c499da3,2416,91,69,absent,False,False,False,
552a45ef2468,2026-08-30T17:58:01+00:00,local,,libpng-test.png,c5c635a1dbbec9a768c3bb4527dbaea62a1be05efcee17d66799cc07b673b29b,sdk_test_fixture,absent,recompress_q50,Re-saved as JPEG at quality 50,b9730d9dbc0ba967707efe6def0e059275718b4cb740bcfe277da8a7daa5b019,1859,91,69,absent,False,False,False,
a9be44ed51ae,2026-08-30T17:58:01+00:00,local,,libpng-test.png,c5c635a1dbbec9a768c3bb4527dbaea62a1be05efcee17d66799cc07b673b29b,sdk_test_fixture,absent,resize_75pct,Resized to 75% of original dimensions,8156907b3385f4ce30c873e8cf0ab81061162b369291cb7697efcdcf5c98cef2,3287,68,51,absent,False,False,False,
e6e50a5a3ce2,2026-08-30T17:58:01+00:00,local,,libpng-test.png,c5c635a1dbbec9a768c3bb4527dbaea62a1be05efcee17d66799cc07b673b29b,sdk_test_fixture,absent,resize_50pct,Resized to 50% of original dimensions,e3f257f038f24b04ea1d12233239ae9b49c18280ae6e49eaf6ccb51aa357fab0,2172,45,34,absent,False,False,False,
5200ab890265,2026-08-30T17:58:01+00:00,local,,libpng-test.png,c5c635a1dbbec9a768c3bb4527dbaea62a1be05efcee17d66799cc07b673b29b,sdk_test_fixture,absent,resize_25pct,Resized to 25% of original dimensions,76195ae7dcd1588e1bcd6a976a39beea67c261f1aaf6e2ed16fcac8fb2a536a1,1118,22,17,absent,False,False,False,
55dbf2e8ca00,2026-08-30T17:58:01+00:00,local,,libpng-test.png,c5c635a1dbbec9a768c3bb4527dbaea62a1be05efcee17d66799cc07b673b29b,sdk_test_fixture,absent,crop_5pct,Cropped 5% off each border,8f727ef6d87e8c38e24866c6af7570863f550a49d7cad870cdf118c29697e0ff,4507,83,63,absent,False,False,False,
edadbd37cc45,2026-08-30T17:58:01+00:00,local,,libpng-test.png,c5c635a1dbbec9a768c3bb4527dbaea62a1be05efcee17d66799cc07b673b29b,sdk_test_fixture,absent,crop_10pct,Cropped 10% off each border,ae8bda1cffd51884b49a2dd45f045d71a3d3ba2191ad8fb0250d227a1ab250e8,3859,73,57,absent,False,False,False,
ae355032bde5,2026-08-30T17:58:01+00:00,local,,libpng-test.png,c5c635a1dbbec9a768c3bb4527dbaea62a1be05efcee17d66799cc07b673b29b,sdk_test_fixture,absent,crop_25pct,Cropped 25% off each border,0c9d19f595d4881df80ea416af69477f7e46a6a4cd09a828628536fe65869387,2202,47,35,absent,False,False,False,
8888370b14d6,2026-08-30T17:58:01+00:00,local,,libpng-test.png,c5c635a1dbbec9a768c3bb4527dbaea62a1be05efcee17d66799cc07b673b29b,sdk_test_fixture,absent,rotate_90,Rotated 90 degrees,f5d2e2b8420c8a8a5e84d0b49219b7df0d69ffdd9f1c95a6972a2e7b9c2b845d,4591,69,91,absent,False,False,False,
b80f5436c7ee,2026-08-30T17:58:01+00:00,local,,libpng-test.png,c5c635a1dbbec9a768c3bb4527dbaea62a1be05efcee17d66799cc07b673b29b,sdk_test_fixture,absent,rotate_180,Rotated 180 degrees,95aa393d8117f70dd95eeb6650e04bb1bea8e808cb89f6a8b0384a096e3fdfb9,4650,91,69,absent,False,False,False,
d349527ca92d,2026-08-30T17:58:01+00:00,local,,libpng-test.png,c5c635a1dbbec9a768c3bb4527dbaea62a1be05efcee17d66799cc07b673b29b,sdk_test_fixture,absent,convert_png_jpeg_png,Converted PNG to JPEG and back to PNG,6d23b8742385441508e7657e0e3fc59b73e5c7547155d0b8efca5110a485d624,11436,91,69,absent,False,False,False,
d00ec4fdba40,2026-08-30T17:58:01+00:00,local,,libpng-test.png,c5c635a1dbbec9a768c3bb4527dbaea62a1be05efcee17d66799cc07b673b29b,sdk_test_fixture,absent,screenshot,"Screenshotted (pixels recaptured, container discarded)",1149f5688d8dba770db678eaadeb41cf85366a7ebe01dedf306c6fee25a54dd3,6163,91,69,absent,False,False,False,
c53a8217b941,2026-08-30T17:58:01+00:00,local,,libpng-test.png,c5c635a1dbbec9a768c3bb4527dbaea62a1be05efcee17d66799cc07b673b29b,sdk_test_fixture,absent,metadata_scrub,EXIF block removed in place (no re-encode),c5c635a1dbbec9a768c3bb4527dbaea62a1be05efcee17d66799cc07b673b29b,3700,91,69,absent,False,False,False,
373d37592212,2026-08-30T17:58:01+00:00,local,,libpng-test.png,c5c635a1dbbec9a768c3bb4527dbaea62a1be05efcee17d66799cc07b673b29b,sdk_test_fixture,absent,editor_resave,Opened in an editor and saved (default settings),ee5d5ddca044a1f12f74615e3c42329cfeb8ecc1b85a068bf58b13641b6b6991,3789,91,69,absent,False,False,False,
a2af40323d7f,2026-08-30T17:58:01+00:00,local,,libpng-test.png,c5c635a1dbbec9a768c3bb4527dbaea62a1be05efcee17d66799cc07b673b29b,sdk_test_fixture,absent,screenshot|recompress_q75,"Screenshotted (pixels recaptured, container discarded) then Re-saved as JPEG at quality 75",025ade225b766a6daacd72dec7da9d125133ee09b899b934c00da6069c499da3,2416,91,69,absent,False,False,False,
934df6e8ab6c,2026-08-30T17:58:01+00:00,local,,libpng-test.png,c5c635a1dbbec9a768c3bb4527dbaea62a1be05efcee17d66799cc07b673b29b,sdk_test_fixture,absent,resize_50pct|recompress_q75,Resized to 50% of original dimensions then Re-saved as JPEG at quality 75,460119b4114d5775a427075697b01be2687b8ac067d92712d5a555fa7ac00616,1345,45,34,absent,False,False,False,
2879d67cbbfd,2026-08-30T17:58:01+00:00,local,,libpng-test.png,c5c635a1dbbec9a768c3bb4527dbaea62a1be05efcee17d66799cc07b673b29b,sdk_test_fixture,absent,crop_10pct|recompress_q50,Cropped 10% off each border then Re-saved as JPEG at quality 50,ccea2999051fad7cb33b69bdfdbffec3123e3447646a3b4e961de2fd53a0e627,1669,73,57,absent,False,False,False,
78eeb84c3cac,2026-08-30T17:58:01+00:00,local,,libpng-test.png,c5c635a1dbbec9a768c3bb4527dbaea62a1be05efcee17d66799cc07b673b29b,sdk_test_fixture,absent,metadata_scrub|recompress_q75,EXIF block removed in place (no re-encode) then Re-saved as JPEG at quality 75,025ade225b766a6daacd72dec7da9d125133ee09b899b934c00da6069c499da3,2416,91,69,absent,False,False,False,
a3ce6c252d31,2026-08-30T17:58:01+00:00,local,,libpng-test_with_url.png,8ffdf61c6497696b4a18f8e04b416c749f7ad67f4a1529862f50231db86d1411,sdk_test_fixture,absent,none,Untouched original,8ffdf61c6497696b4a18f8e04b416c749f7ad67f4a1529862f50231db86d1411,4104,91,69,absent,True,False,False,
7e46a3c24767,2026-08-30T17:58:01+00:00,local,,libpng-test_with_url.png,8ffdf61c6497696b4a18f8e04b416c749f7ad67f4a1529862f50231db86d1411,sdk_test_fixture,absent,recompress_q95,Re-saved as JPEG at quality 95,2f195c1992f233060b7b64b0dfae232b1c903c5ad7320edd16828bc631e231bf,4595,91,69,absent,False,False,False,
8af4893cc7d8,2026-08-30T17:58:01+00:00,local,,libpng-test_with_url.png,8ffdf61c6497696b4a18f8e04b416c749f7ad67f4a1529862f50231db86d1411,sdk_test_fixture,absent,recompress_q75,Re-saved as JPEG at quality 75,025ade225b766a6daacd72dec7da9d125133ee09b899b934c00da6069c499da3,2416,91,69,absent,False,False,False,
9109c5a7e485,2026-08-30T17:58:01+00:00,local,,libpng-test_with_url.png,8ffdf61c6497696b4a18f8e04b416c749f7ad67f4a1529862f50231db86d1411,sdk_test_fixture,absent,recompress_q50,Re-saved as JPEG at quality 50,b9730d9dbc0ba967707efe6def0e059275718b4cb740bcfe277da8a7daa5b019,1859,91,69,absent,False,False,False,
b72f43673ce2,2026-08-30T17:58:01+00:00,local,,libpng-test_with_url.png,8ffdf61c6497696b4a18f8e04b416c749f7ad67f4a1529862f50231db86d1411,sdk_test_fixture,absent,resize_75pct,Resized to 75% of original dimensions,8156907b3385f4ce30c873e8cf0ab81061162b369291cb7697efcdcf5c98cef2,3287,68,51,absent,False,False,False,
47ef7940c545,2026-08-30T17:58:01+00:00,local,,libpng-test_with_url.png,8ffdf61c6497696b4a18f8e04b416c749f7ad67f4a1529862f50231db86d1411,sdk_test_fixture,absent,resize_50pct,Resized to 50% of original dimensions,e3f257f038f24b04ea1d12233239ae9b49c18280ae6e49eaf6ccb51aa357fab0,2172,45,34,absent,False,False,False,
bb1b13a8ad53,2026-08-30T17:58:01+00:00,local,,libpng-test_with_url.png,8ffdf61c6497696b4a18f8e04b416c749f7ad67f4a1529862f50231db86d1411,sdk_test_fixture,absent,resize_25pct,Resized to 25% of original dimensions,76195ae7dcd1588e1bcd6a976a39beea67c261f1aaf6e2ed16fcac8fb2a536a1,1118,22,17,absent,False,False,False,
4fdfde1638fd,2026-08-30T17:58:01+00:00,local,,libpng-test_with_url.png,8ffdf61c6497696b4a18f8e04b416c749f7ad67f4a1529862f50231db86d1411,sdk_test_fixture,absent,crop_5pct,Cropped 5% off each border,8f727ef6d87e8c38e24866c6af7570863f550a49d7cad870cdf118c29697e0ff,4507,83,63,absent,False,False,False,
0bcf0eb5ff67,2026-08-30T17:58:01+00:00,local,,libpng-test_with_url.png,8ffdf61c6497696b4a18f8e04b416c749f7ad67f4a1529862f50231db86d1411,sdk_test_fixture,absent,crop_10pct,Cropped 10% off each border,ae8bda1cffd51884b49a2dd45f045d71a3d3ba2191ad8fb0250d227a1ab250e8,3859,73,57,absent,False,False,False,
bcbf2ebd1161,2026-08-30T17:58:01+00:00,local,,libpng-test_with_url.png,8ffdf61c6497696b4a18f8e04b416c749f7ad67f4a1529862f50231db86d1411,sdk_test_fixture,absent,crop_25pct,Cropped 25% off each border,0c9d19f595d4881df80ea416af69477f7e46a6a4cd09a828628536fe65869387,2202,47,35,absent,False,False,False,
3239c4d1d1a2,2026-08-30T17:58:01+00:00,local,,libpng-test_with_url.png,8ffdf61c6497696b4a18f8e04b416c749f7ad67f4a1529862f50231db86d1411,sdk_test_fixture,absent,rotate_90,Rotated 90 degrees,f5d2e2b8420c8a8a5e84d0b49219b7df0d69ffdd9f1c95a6972a2e7b9c2b845d,4591,69,91,absent,False,False,False,
b22085d56183,2026-08-30T17:58:01+00:00,local,,libpng-test_with_url.png,8ffdf61c6497696b4a18f8e04b416c749f7ad67f4a1529862f50231db86d1411,sdk_test_fixture,absent,rotate_180,Rotated 180 degrees,95aa393d8117f70dd95eeb6650e04bb1bea8e808cb89f6a8b0384a096e3fdfb9,4650,91,69,absent,False,False,False,
77b85c4604ab,2026-08-30T17:58:01+00:00,local,,libpng-test_with_url.png,8ffdf61c6497696b4a18f8e04b416c749f7ad67f4a1529862f50231db86d1411,sdk_test_fixture,absent,convert_png_jpeg_png,Converted PNG to JPEG and back to PNG,6d23b8742385441508e7657e0e3fc59b73e5c7547155d0b8efca5110a485d624,11436,91,69,absent,False,False,False,
3f914bf505cd,2026-08-30T17:58:01+00:00,local,,libpng-test_with_url.png,8ffdf61c6497696b4a18f8e04b416c749f7ad67f4a1529862f50231db86d1411,sdk_test_fixture,absent,screenshot,"Screenshotted (pixels recaptured, container discarded)",1149f5688d8dba770db678eaadeb41cf85366a7ebe01dedf306c6fee25a54dd3,6163,91,69,absent,False,False,False,
4d193c8f169a,2026-08-30T17:58:01+00:00,local,,libpng-test_with_url.png,8ffdf61c6497696b4a18f8e04b416c749f7ad67f4a1529862f50231db86d1411,sdk_test_fixture,absent,metadata_scrub,EXIF block removed in place (no re-encode),8ffdf61c6497696b4a18f8e04b416c749f7ad67f4a1529862f50231db86d1411,4104,91,69,absent,True,False,False,
0d5bba19e758,2026-08-30T17:58:01+00:00,local,,libpng-test_with_url.png,8ffdf61c6497696b4a18f8e04b416c749f7ad67f4a1529862f50231db86d1411,sdk_test_fixture,absent,editor_resave,Opened in an editor and saved (default settings),ee5d5ddca044a1f12f74615e3c42329cfeb8ecc1b85a068bf58b13641b6b6991,3789,91,69,absent,False,False,False,
7d327314bcd3,2026-08-30T17:58:02+00:00,local,,libpng-test_with_url.png,8ffdf61c6497696b4a18f8e04b416c749f7ad67f4a1529862f50231db86d1411,sdk_test_fixture,absent,screenshot|recompress_q75,"Screenshotted (pixels recaptured, container discarded) then Re-saved as JPEG at quality 75",025ade225b766a6daacd72dec7da9d125133ee09b899b934c00da6069c499da3,2416,91,69,absent,False,False,False,
01907c69b43f,2026-08-30T17:58:02+00:00,local,,libpng-test_with_url.png,8ffdf61c6497696b4a18f8e04b416c749f7ad67f4a1529862f50231db86d1411,sdk_test_fixture,absent,resize_50pct|recompress_q75,Resized to 50% of original dimensions then Re-saved as JPEG at quality 75,460119b4114d5775a427075697b01be2687b8ac067d92712d5a555fa7ac00616,1345,45,34,absent,False,False,False,
dedf425d5dec,2026-08-30T17:58:02+00:00,local,,libpng-test_with_url.png,8ffdf61c6497696b4a18f8e04b416c749f7ad67f4a1529862f50231db86d1411,sdk_test_fixture,absent,crop_10pct|recompress_q50,Cropped 10% off each border then Re-saved as JPEG at quality 50,ccea2999051fad7cb33b69bdfdbffec3123e3447646a3b4e961de2fd53a0e627,1669,73,57,absent,False,False,False,
7f3920b54b37,2026-08-30T17:58:02+00:00,local,,libpng-test_with_url.png,8ffdf61c6497696b4a18f8e04b416c749f7ad67f4a1529862f50231db86d1411,sdk_test_fixture,absent,metadata_scrub|recompress_q75,EXIF block removed in place (no re-encode) then Re-saved as JPEG at quality 75,025ade225b766a6daacd72dec7da9d125133ee09b899b934c00da6069c499da3,2416,91,69,absent,False,False,False,
4690ce56607c,2026-08-30T17:58:02+00:00,local,,mars.webp,e8402f9020e2e0152e9284525f2220afa79897918cc7db0d4815d86e892d3d13,sdk_test_fixture,absent,none,Untouched original,e8402f9020e2e0152e9284525f2220afa79897918cc7db0d4815d86e892d3d13,174860,1053,600,absent,False,False,False,
c2e2e3f6e8e8,2026-08-30T17:58:02+00:00,local,,mars.webp,e8402f9020e2e0152e9284525f2220afa79897918cc7db0d4815d86e892d3d13,sdk_test_fixture,absent,recompress_q95,Re-saved as JPEG at quality 95,ba646401573f54f0de53fb00ee16151d5dd90e29a92987bce5299cd196965fcb,403959,1053,600,absent,False,False,False,
9f065d18dde9,2026-08-30T17:58:02+00:00,local,,mars.webp,e8402f9020e2e0152e9284525f2220afa79897918cc7db0d4815d86e892d3d13,sdk_test_fixture,absent,recompress_q75,Re-saved as JPEG at quality 75,4560462a9417c03ab34fb826a43289dc107e3ed97b1c830ca3a2b3b6bcdd5e89,195012,1053,600,absent,False,False,False,
9949c184b619,2026-08-30T17:58:02+00:00,local,,mars.webp,e8402f9020e2e0152e9284525f2220afa79897918cc7db0d4815d86e892d3d13,sdk_test_fixture,absent,recompress_q50,Re-saved as JPEG at quality 50,56b3786fdcfe4abd73b6d3ed30b245b26b7c694f1ac0a91f6928b1292aa3229c,126817,1053,600,absent,False,False,False,
049e4ff72739,2026-08-30T17:58:02+00:00,local,,mars.webp,e8402f9020e2e0152e9284525f2220afa79897918cc7db0d4815d86e892d3d13,sdk_test_fixture,absent,resize_75pct,Resized to 75% of original dimensions,fa70770e3bc3dfdcbfc93e218579f6d337d9ba8e3b33416ff95e3868b226719a,224062,789,450,absent,False,False,False,
8c84f417d349,2026-08-30T17:58:02+00:00,local,,mars.webp,e8402f9020e2e0152e9284525f2220afa79897918cc7db0d4815d86e892d3d13,sdk_test_fixture,absent,resize_50pct,Resized to 50% of original dimensions,2e2685d1783e9a0e22d4967b564773e4479f88682225af054398bf47553d27ee,100555,526,300,absent,False,False,False,
49c621de7c0d,2026-08-30T17:58:02+00:00,local,,mars.webp,e8402f9020e2e0152e9284525f2220afa79897918cc7db0d4815d86e892d3d13,sdk_test_fixture,absent,resize_25pct,Resized to 25% of original dimensions,9e12774c2d4b4b51d21cc253dbd8c9722fe2eeb94141efb690368383acef01c2,26171,263,150,absent,False,False,False,
0a94fc24ae7a,2026-08-30T17:58:02+00:00,local,,mars.webp,e8402f9020e2e0152e9284525f2220afa79897918cc7db0d4815d86e892d3d13,sdk_test_fixture,absent,crop_5pct,Cropped 5% off each border,1416d33d453c47eb9213c8ace17cf6de626626f3aa803670bff25f6d5d8fc20c,361617,949,540,absent,False,False,False,
75633c64e2a2,2026-08-30T17:58:02+00:00,local,,mars.webp,e8402f9020e2e0152e9284525f2220afa79897918cc7db0d4815d86e892d3d13,sdk_test_fixture,absent,crop_10pct,Cropped 10% off each border,2bdddd5e515593d5f87f10678fe7b34455556e703b266c43d613d018827e77aa,289860,843,480,absent,False,False,False,
33761d55b5eb,2026-08-30T17:58:02+00:00,local,,mars.webp,e8402f9020e2e0152e9284525f2220afa79897918cc7db0d4815d86e892d3d13,sdk_test_fixture,absent,crop_25pct,Cropped 25% off each border,50bd24c8caca96958b3b5ce6ad6c98e3d206e65c20dd9165367fe91f033497e7,119724,527,300,absent,False,False,False,
f5c20bb00925,2026-08-30T17:58:02+00:00,local,,mars.webp,e8402f9020e2e0152e9284525f2220afa79897918cc7db0d4815d86e892d3d13,sdk_test_fixture,absent,rotate_90,Rotated 90 degrees,1c33c97f3b445e2a43633cbb00473b1d091f04c923d553d4d9ed4a6c2c3accb9,407803,600,1053,absent,False,False,False,
67ab0f563051,2026-08-30T17:58:02+00:00,local,,mars.webp,e8402f9020e2e0152e9284525f2220afa79897918cc7db0d4815d86e892d3d13,sdk_test_fixture,absent,rotate_180,Rotated 180 degrees,cd0e86a06b801a91368f626faf52f8a4851396daa3a288a03cd7e2288fbf8b86,407058,1053,600,absent,False,False,False,
22daeafb0f54,2026-08-30T17:58:02+00:00,local,,mars.webp,e8402f9020e2e0152e9284525f2220afa79897918cc7db0d4815d86e892d3d13,sdk_test_fixture,absent,convert_png_jpeg_png,Converted PNG to JPEG and back to PNG,a8f48afb7adf9d070f6e2f9c372a4e09b1c9d4362155b7e8c69cd07503def4e2,1190471,1053,600,absent,False,False,False,
508ce613d8a2,2026-08-30T17:58:02+00:00,local,,mars.webp,e8402f9020e2e0152e9284525f2220afa79897918cc7db0d4815d86e892d3d13,sdk_test_fixture,absent,screenshot,"Screenshotted (pixels recaptured, container discarded)",24cbee20d107a9789c60e2e82701765fc7a3e8ec4cf0db4e6892a184f5690330,1257252,1053,600,absent,False,False,False,
7f338dc79cbf,2026-08-30T17:58:02+00:00,local,,mars.webp,e8402f9020e2e0152e9284525f2220afa79897918cc7db0d4815d86e892d3d13,sdk_test_fixture,absent,metadata_scrub,EXIF block removed in place (no re-encode),e8402f9020e2e0152e9284525f2220afa79897918cc7db0d4815d86e892d3d13,174860,1053,600,absent,False,False,False,
b32088ec42a9,2026-08-30T17:58:02+00:00,local,,mars.webp,e8402f9020e2e0152e9284525f2220afa79897918cc7db0d4815d86e892d3d13,sdk_test_fixture,absent,editor_resave,Opened in an editor and saved (default settings),63abd90c62a34052437d97d976bfbf937f367784166c960dbcef8f444bc60546,329568,1053,600,absent,False,False,False,
6a0a9ac05179,2026-08-30T17:58:02+00:00,local,,mars.webp,e8402f9020e2e0152e9284525f2220afa79897918cc7db0d4815d86e892d3d13,sdk_test_fixture,absent,screenshot|recompress_q75,"Screenshotted (pixels recaptured, container discarded) then Re-saved as JPEG at quality 75",4560462a9417c03ab34fb826a43289dc107e3ed97b1c830ca3a2b3b6bcdd5e89,195012,1053,600,absent,False,False,False,
f058cfbfe0fd,2026-08-30T17:58:02+00:00,local,,mars.webp,e8402f9020e2e0152e9284525f2220afa79897918cc7db0d4815d86e892d3d13,sdk_test_fixture,absent,resize_50pct|recompress_q75,Resized to 50% of original dimensions then Re-saved as JPEG at quality 75,cc1c89c3d03991b9839f84a869d3c2e61997265b18c43bf767bc937e239a88ee,46056,526,300,absent,False,False,False,
c8ac717acbdd,2026-08-30T17:58:02+00:00,local,,mars.webp,e8402f9020e2e0152e9284525f2220afa79897918cc7db0d4815d86e892d3d13,sdk_test_fixture,absent,crop_10pct|recompress_q50,Cropped 10% off each border then Re-saved as JPEG at quality 50,fd06f6e9f0b56a275eef6640cb7a076dac5ce8e29ba6f51bb805594e5ac5ec84,90618,843,480,absent,False,False,False,
0332cc422ab7,2026-08-30T17:58:02+00:00,local,,mars.webp,e8402f9020e2e0152e9284525f2220afa79897918cc7db0d4815d86e892d3d13,sdk_test_fixture,absent,metadata_scrub|recompress_q75,EXIF block removed in place (no re-encode) then Re-saved as JPEG at quality 75,4560462a9417c03ab34fb826a43289dc107e3ed97b1c830ca3a2b3b6bcdd5e89,195012,1053,600,absent,False,False,False,
52bed0b864e1,2026-08-30T17:58:02+00:00,local,,no_alg.jpg,7c91641416c18319b823c292ae603c5354892ac365c05543519154c48c6a1f8a,sdk_test_fixture,present_invalid,none,Untouched original,7c91641416c18319b823c292ae603c5354892ac365c05543519154c48c6a1f8a,86499,480,270,present_invalid,False,True,False,
84fa5cb2a048,2026-08-30T17:58:02+00:00,local,,no_alg.jpg,7c91641416c18319b823c292ae603c5354892ac365c05543519154c48c6a1f8a,sdk_test_fixture,present_invalid,recompress_q95,Re-saved as JPEG at quality 95,fcecc065a7546722f1838de912650e685f6839dfa26be7c15341e80c4ac12dee,51766,480,270,absent,False,False,False,
acf9637c1f34,2026-08-30T17:58:02+00:00,local,,no_alg.jpg,7c91641416c18319b823c292ae603c5354892ac365c05543519154c48c6a1f8a,sdk_test_fixture,present_invalid,recompress_q75,Re-saved as JPEG at quality 75,288be5fdf9852d6fa9f3abe45185c3e7a677f2b9bb7e33a7d0960dc7e90b3ba1,20498,480,270,absent,False,False,False,
32e87591f6e7,2026-08-30T17:58:02+00:00,local,,no_alg.jpg,7c91641416c18319b823c292ae603c5354892ac365c05543519154c48c6a1f8a,sdk_test_fixture,present_invalid,recompress_q50,Re-saved as JPEG at quality 50,97c7d28d3a1038a1edc173fa886c8b7247dea843b586bb1aea74e9a20c53a708,13225,480,270,absent,False,False,False,
7cf8374e1607,2026-08-30T17:58:02+00:00,local,,no_alg.jpg,7c91641416c18319b823c292ae603c5354892ac365c05543519154c48c6a1f8a,sdk_test_fixture,present_invalid,resize_75pct,Resized to 75% of original dimensions,e16b00ae1c48c49ae804037147842232933230bd46bc9139cccb4391ed490dc3,29776,360,202,absent,False,False,False,
2934d1b836d8,2026-08-30T17:58:02+00:00,local,,no_alg.jpg,7c91641416c18319b823c292ae603c5354892ac365c05543519154c48c6a1f8a,sdk_test_fixture,present_invalid,resize_50pct,Resized to 50% of original dimensions,5eda3f475800587ad32317557cd661da29d990e4a501883cb4513d0f0b215828,13592,240,135,absent,False,False,False,
ee280180a270,2026-08-30T17:58:02+00:00,local,,no_alg.jpg,7c91641416c18319b823c292ae603c5354892ac365c05543519154c48c6a1f8a,sdk_test_fixture,present_invalid,resize_25pct,Resized to 25% of original dimensions,8f5e676b62d52d851f23b19d724a12d179b7ee6511155639627e066d86373470,4170,120,67,absent,False,False,False,
dbedd80d1be5,2026-08-30T17:58:02+00:00,local,,no_alg.jpg,7c91641416c18319b823c292ae603c5354892ac365c05543519154c48c6a1f8a,sdk_test_fixture,present_invalid,crop_5pct,Cropped 5% off each border,9101f75d0eace066f2167b40e5a1a0fb11b9862a657ff70ed87f8841fb904fd3,43005,432,244,absent,False,False,False,
394a8d26ddf0,2026-08-30T17:58:02+00:00,local,,no_alg.jpg,7c91641416c18319b823c292ae603c5354892ac365c05543519154c48c6a1f8a,sdk_test_fixture,present_invalid,crop_10pct,Cropped 10% off each border,e62619b204fc67d6994d9b0e5feaca25516e960b25ef2b635803a00fce1c37b6,33862,384,216,absent,False,False,False,
b80c181786f6,2026-08-30T17:58:03+00:00,local,,no_alg.jpg,7c91641416c18319b823c292ae603c5354892ac365c05543519154c48c6a1f8a,sdk_test_fixture,present_invalid,crop_25pct,Cropped 25% off each border,75ac8b1ddfe5c78d18030651612453e6807fd3add2f97c66c8a4145ac36397f3,14652,240,136,absent,False,False,False,
3a28e0a58dc5,2026-08-30T17:58:03+00:00,local,,no_alg.jpg,7c91641416c18319b823c292ae603c5354892ac365c05543519154c48c6a1f8a,sdk_test_fixture,present_invalid,rotate_90,Rotated 90 degrees,ff57d5768b8c7597cc980409f81ed9a34d9b0ae613fcd59995b08c2f7e61eef8,52013,270,480,absent,False,False,False,
000eecac14dc,2026-08-30T17:58:03+00:00,local,,no_alg.jpg,7c91641416c18319b823c292ae603c5354892ac365c05543519154c48c6a1f8a,sdk_test_fixture,present_invalid,rotate_180,Rotated 180 degrees,f522c539fb03d8ee30ab20dbeaeaa1714c8494ab660ad6ca3ae53ad2688c0861,52115,480,270,absent,False,False,False,
b6a10e44adbe,2026-08-30T17:58:03+00:00,local,,no_alg.jpg,7c91641416c18319b823c292ae603c5354892ac365c05543519154c48c6a1f8a,sdk_test_fixture,present_invalid,convert_png_jpeg_png,Converted PNG to JPEG and back to PNG,04741e25ca7b8ccad42b40dd85f2a8e01107d7715be2eba5381c160d04488cd2,174111,480,270,absent,False,False,False,
8dcd7c8def40,2026-08-30T17:58:03+00:00,local,,no_alg.jpg,7c91641416c18319b823c292ae603c5354892ac365c05543519154c48c6a1f8a,sdk_test_fixture,present_invalid,screenshot,"Screenshotted (pixels recaptured, container discarded)",34f9062dc4823a6f994b1f0ecf038a7650054fda1293930bbc603d51d8195fe4,189058,480,270,absent,False,False,False,
c20c30adddff,2026-08-30T17:58:03+00:00,local,,no_alg.jpg,7c91641416c18319b823c292ae603c5354892ac365c05543519154c48c6a1f8a,sdk_test_fixture,present_invalid,metadata_scrub,EXIF block removed in place (no re-encode),47c1c631e54937a2bc3db8bf61432c4e1a1cfa329ff68707430be7ee72da4df6,77977,480,270,present_invalid,False,False,False,
4d8c33e32889,2026-08-30T17:58:03+00:00,local,,no_alg.jpg,7c91641416c18319b823c292ae603c5354892ac365c05543519154c48c6a1f8a,sdk_test_fixture,present_invalid,editor_resave,Opened in an editor and saved (default settings),a2dd66d392850fadb7d27b2f528eb3686985772f9c1b75cca0ca189da9679f52,40404,480,270,absent,False,False,False,
ae5de708ab4e,2026-08-30T17:58:03+00:00,local,,no_alg.jpg,7c91641416c18319b823c292ae603c5354892ac365c05543519154c48c6a1f8a,sdk_test_fixture,present_invalid,screenshot|recompress_q75,"Screenshotted (pixels recaptured, container discarded) then Re-saved as JPEG at quality 75",288be5fdf9852d6fa9f3abe45185c3e7a677f2b9bb7e33a7d0960dc7e90b3ba1,20498,480,270,absent,False,False,False,
922bac7e375d,2026-08-30T17:58:03+00:00,local,,no_alg.jpg,7c91641416c18319b823c292ae603c5354892ac365c05543519154c48c6a1f8a,sdk_test_fixture,present_invalid,resize_50pct|recompress_q75,Resized to 50% of original dimensions then Re-saved as JPEG at quality 75,cc6edbd59b77047d1cf86191c47ec7ff7d9852ce76ab51a911329f490bee2b50,5756,240,135,absent,False,False,False,
51035591288f,2026-08-30T17:58:03+00:00,local,,no_alg.jpg,7c91641416c18319b823c292ae603c5354892ac365c05543519154c48c6a1f8a,sdk_test_fixture,present_invalid,crop_10pct|recompress_q50,Cropped 10% off each border then Re-saved as JPEG at quality 50,cb7e8fbd34dd27952983d39feb2c8aa3050c10e30ea05e831d4d5569581412a4,8757,384,216,absent,False,False,False,
3226c13543ec,2026-08-30T17:58:03+00:00,local,,no_alg.jpg,7c91641416c18319b823c292ae603c5354892ac365c05543519154c48c6a1f8a,sdk_test_fixture,present_invalid,metadata_scrub|recompress_q75,EXIF block removed in place (no re-encode) then Re-saved as JPEG at quality 75,288be5fdf9852d6fa9f3abe45185c3e7a677f2b9bb7e33a7d0960dc7e90b3ba1,20498,480,270,absent,False,False,False,
a58345cf39fd,2026-08-30T17:58:03+00:00,local,,no_manifest.jpg,9ac395ca04fc9d348acf6f81920f5e894d336341c3f764ca86c354eec6f7c2d6,sdk_test_fixture,absent,none,Untouched original,9ac395ca04fc9d348acf6f81920f5e894d336341c3f764ca86c354eec6f7c2d6,97591,2100,1500,absent,False,True,True,
9385d5b706a8,2026-08-30T17:58:03+00:00,local,,no_manifest.jpg,9ac395ca04fc9d348acf6f81920f5e894d336341c3f764ca86c354eec6f7c2d6,sdk_test_fixture,absent,recompress_q95,Re-saved as JPEG at quality 95,f2ce31da29d133ae405b122f86c1c7bf0d8eaf07d0379f0371d6a6bfd73093cd,159740,2100,1500,absent,False,False,False,
a8b02ba07623,2026-08-30T17:58:03+00:00,local,,no_manifest.jpg,9ac395ca04fc9d348acf6f81920f5e894d336341c3f764ca86c354eec6f7c2d6,sdk_test_fixture,absent,recompress_q75,Re-saved as JPEG at quality 75,8123ddd9ec735ac739fa845cd4de4f92f871bbd6294dfc80204b0fb4f8b34300,112005,2100,1500,absent,False,False,False,
e5eb2aa9d1e0,2026-08-30T17:58:03+00:00,local,,no_manifest.jpg,9ac395ca04fc9d348acf6f81920f5e894d336341c3f764ca86c354eec6f7c2d6,sdk_test_fixture,absent,recompress_q50,Re-saved as JPEG at quality 50,18550e6ee141cb8b36810bd5e2363eedd9ab0455a616a12e79fc9f51489e0504,96498,2100,1500,absent,False,False,False,
d569e74c7ca6,2026-08-30T17:58:03+00:00,local,,no_manifest.jpg,9ac395ca04fc9d348acf6f81920f5e894d336341c3f764ca86c354eec6f7c2d6,sdk_test_fixture,absent,resize_75pct,Resized to 75% of original dimensions,381954448380de9760d70bc57c54c7d5231694ce8134a3bed8b82a52de91b4ae,112912,1575,1125,absent,False,False,False,
7efb85ab7144,2026-08-30T17:58:03+00:00,local,,no_manifest.jpg,9ac395ca04fc9d348acf6f81920f5e894d336341c3f764ca86c354eec6f7c2d6,sdk_test_fixture,absent,resize_50pct,Resized to 50% of original dimensions,b4cf19605b7568113870c7675edf2682c7b60580bd4083fd7301af25c4796dff,63408,1050,750,absent,False,False,False,
ae2602db90bb,2026-08-30T17:58:03+00:00,local,,no_manifest.jpg,9ac395ca04fc9d348acf6f81920f5e894d336341c3f764ca86c354eec6f7c2d6,sdk_test_fixture,absent,resize_25pct,Resized to 25% of original dimensions,69b43fba0dff281452ce9234cfac5bae3fdcad7da79773c7b7f69f8f5c2bd094,24821,525,375,absent,False,False,False,
972ec15fe0ae,2026-08-30T17:58:03+00:00,local,,no_manifest.jpg,9ac395ca04fc9d348acf6f81920f5e894d336341c3f764ca86c354eec6f7c2d6,sdk_test_fixture,absent,crop_5pct,Cropped 5% off each border,1ecb18beb7c03b4afa35b43ce28ff4dbfde2424f3f27ee97b23210ad4d2b99f9,165821,1890,1350,absent,False,False,False,
a8555b1fed18,2026-08-30T17:58:03+00:00,local,,no_manifest.jpg,9ac395ca04fc9d348acf6f81920f5e894d336341c3f764ca86c354eec6f7c2d6,sdk_test_fixture,absent,crop_10pct,Cropped 10% off each border,75818d75b3a11e89af308cf5cb360a5ef10313f5e4bf25d38c41c36a541ec6d4,160382,1680,1200,absent,False,False,False,
a2c76adc1c08,2026-08-30T17:58:03+00:00,local,,no_manifest.jpg,9ac395ca04fc9d348acf6f81920f5e894d336341c3f764ca86c354eec6f7c2d6,sdk_test_fixture,absent,crop_25pct,Cropped 25% off each border,dede9186dc0f96d80657bd25052a14bd7cf7102242f09829e84ba4df76b57130,76339,1050,750,absent,False,False,False,
06427dc56d5c,2026-08-30T17:58:03+00:00,local,,no_manifest.jpg,9ac395ca04fc9d348acf6f81920f5e894d336341c3f764ca86c354eec6f7c2d6,sdk_test_fixture,absent,rotate_90,Rotated 90 degrees,d6a5fd1aebd83dd0dae384313b4b2d98235a12d6cc99ff8967eebb4d190bb624,174167,1500,2100,absent,False,False,False,
15193ee6782b,2026-08-30T17:58:03+00:00,local,,no_manifest.jpg,9ac395ca04fc9d348acf6f81920f5e894d336341c3f764ca86c354eec6f7c2d6,sdk_test_fixture,absent,rotate_180,Rotated 180 degrees,d27bfd8c6ec5da632dd3d4b755303a426186858258b0ff8691c1f2860c94b1a8,179473,2100,1500,absent,False,False,False,
9c9fab6d3f14,2026-08-30T17:58:03+00:00,local,,no_manifest.jpg,9ac395ca04fc9d348acf6f81920f5e894d336341c3f764ca86c354eec6f7c2d6,sdk_test_fixture,absent,convert_png_jpeg_png,Converted PNG to JPEG and back to PNG,d5eedf87adc99dc550584b0b209d31f965aa84b86e56996cc0bd498d4d093bb2,212499,2100,1500,absent,False,False,False,
3687018814b5,2026-08-30T17:58:03+00:00,local,,no_manifest.jpg,9ac395ca04fc9d348acf6f81920f5e894d336341c3f764ca86c354eec6f7c2d6,sdk_test_fixture,absent,screenshot,"Screenshotted (pixels recaptured, container discarded)",7c914f285bd1acf2ec62b4e6c2a9720341f63329f6effd9a84333e3e4658d3f8,202638,2100,1500,absent,False,False,False,
653d35976e65,2026-08-30T17:58:03+00:00,local,,no_manifest.jpg,9ac395ca04fc9d348acf6f81920f5e894d336341c3f764ca86c354eec6f7c2d6,sdk_test_fixture,absent,metadata_scrub,EXIF block removed in place (no re-encode),d001c933245a712ecff506029936c774c069abc237840af3b2dbd2a0995ea3d4,93961,2100,1500,absent,False,False,True,
000e07af934d,2026-08-30T17:58:04+00:00,local,,no_manifest.jpg,9ac395ca04fc9d348acf6f81920f5e894d336341c3f764ca86c354eec6f7c2d6,sdk_test_fixture,absent,editor_resave,Opened in an editor and saved (default settings),a6e7ca7050b88c70cc6b949b0311f2224119587bb15b9ab300c009f39e93be6f,141228,2100,1500,absent,False,False,False,
ff2fa547c137,2026-08-30T17:58:04+00:00,local,,no_manifest.jpg,9ac395ca04fc9d348acf6f81920f5e894d336341c3f764ca86c354eec6f7c2d6,sdk_test_fixture,absent,screenshot|recompress_q75,"Screenshotted (pixels recaptured, container discarded) then Re-saved as JPEG at quality 75",8123ddd9ec735ac739fa845cd4de4f92f871bbd6294dfc80204b0fb4f8b34300,112005,2100,1500,absent,False,False,False,
f5b4bb5baecf,2026-08-30T17:58:04+00:00,local,,no_manifest.jpg,9ac395ca04fc9d348acf6f81920f5e894d336341c3f764ca86c354eec6f7c2d6,sdk_test_fixture,absent,resize_50pct|recompress_q75,Resized to 50% of original dimensions then Re-saved as JPEG at quality 75,1a6a7e697956eb6ab2ef97c7a06d13d82c0dfb0e214c78e20b31170456a8234f,38694,1050,750,absent,False,False,False,
ec813dab831b,2026-08-30T17:58:04+00:00,local,,no_manifest.jpg,9ac395ca04fc9d348acf6f81920f5e894d336341c3f764ca86c354eec6f7c2d6,sdk_test_fixture,absent,crop_10pct|recompress_q50,Cropped 10% off each border then Re-saved as JPEG at quality 50,23199ab7bfd06c7bfa5e41a367d52606b3f96a110a6ac8b09f9a9ffb12623390,78056,1680,1200,absent,False,False,False,
24ca16dee0bf,2026-08-30T17:58:04+00:00,local,,no_manifest.jpg,9ac395ca04fc9d348acf6f81920f5e894d336341c3f764ca86c354eec6f7c2d6,sdk_test_fixture,absent,metadata_scrub|recompress_q75,EXIF block removed in place (no re-encode) then Re-saved as JPEG at quality 75,8123ddd9ec735ac739fa845cd4de4f92f871bbd6294dfc80204b0fb4f8b34300,112005,2100,1500,absent,False,False,False,
fb49c6a76b18,2026-08-30T17:58:04+00:00,local,,ocsp.jpg,49a6b089bf3fe610960ef91b2beb81c86b62e7d531c97f33fc029841d864b2cb,sdk_test_fixture,present_valid,none,Untouched original,49a6b089bf3fe610960ef91b2beb81c86b62e7d531c97f33fc029841d864b2cb,285562,1000,700,present_valid,False,True,False,
ac09f57cfb68,2026-08-30T17:58:04+00:00,local,,ocsp.jpg,49a6b089bf3fe610960ef91b2beb81c86b62e7d531c97f33fc029841d864b2cb,sdk_test_fixture,present_valid,recompress_q95,Re-saved as JPEG at quality 95,268ddc1a358c1294fbf059668814f33dd8cf3a12c4a0c7900babbc07befa7047,87343,1000,700,absent,False,False,False,
958055273617,2026-08-30T17:58:04+00:00,local,,ocsp.jpg,49a6b089bf3fe610960ef91b2beb81c86b62e7d531c97f33fc029841d864b2cb,sdk_test_fixture,present_valid,recompress_q75,Re-saved as JPEG at quality 75,9f8025ed66c31bbce70bf4f42ee79289f704141c9dc6791d597b4a2d0add6f19,49489,1000,700,absent,False,False,False,
9695144378e1,2026-08-30T17:58:04+00:00,local,,ocsp.jpg,49a6b089bf3fe610960ef91b2beb81c86b62e7d531c97f33fc029841d864b2cb,sdk_test_fixture,present_valid,recompress_q50,Re-saved as JPEG at quality 50,f2823d92d124c307def849b5b1028ecbda11c09e71e008d1ab4f2e6b256e8a58,40248,1000,700,absent,False,False,False,
7ff88d3e7a9a,2026-08-30T17:58:04+00:00,local,,ocsp.jpg,49a6b089bf3fe610960ef91b2beb81c86b62e7d531c97f33fc029841d864b2cb,sdk_test_fixture,present_valid,resize_75pct,Resized to 75% of original dimensions,d565cef7ffc744d18ecdf1f7796d358ee9410853de2dff0acb6fb46cdc63b89c,119826,750,525,absent,False,False,False,
d90de3fb8bac,2026-08-30T17:58:04+00:00,local,,ocsp.jpg,49a6b089bf3fe610960ef91b2beb81c86b62e7d531c97f33fc029841d864b2cb,sdk_test_fixture,present_valid,resize_50pct,Resized to 50% of original dimensions,af24076dd2528a5256c52ff6d3c7bc530624d14a3e570db500b020e82cdb7f23,61698,500,350,absent,False,False,False,
2b1e78cc8d8e,2026-08-30T17:58:04+00:00,local,,ocsp.jpg,49a6b089bf3fe610960ef91b2beb81c86b62e7d531c97f33fc029841d864b2cb,sdk_test_fixture,present_valid,resize_25pct,Resized to 25% of original dimensions,c0853ff832301ff89a5bf4b00cc6e02a5aa5ceec5a5ea2296d1668127037d30a,22240,250,175,absent,False,False,False,
7d7ca4fa58b1,2026-08-30T17:58:04+00:00,local,,ocsp.jpg,49a6b089bf3fe610960ef91b2beb81c86b62e7d531c97f33fc029841d864b2cb,sdk_test_fixture,present_valid,crop_5pct,Cropped 5% off each border,533bb9ae5cddf136064abd78b1bdef0ddac31efb0389eb7ea07a8e564f2784e2,160923,900,630,absent,False,False,False,
15b9905aebc8,2026-08-30T17:58:04+00:00,local,,ocsp.jpg,49a6b089bf3fe610960ef91b2beb81c86b62e7d531c97f33fc029841d864b2cb,sdk_test_fixture,present_valid,crop_10pct,Cropped 10% off each border,b65a6f59f19150adff9a94998cf4560ebc9ddde7559fae691131aacffa735099,133068,800,560,absent,False,False,False,
b4d8bffb8f21,2026-08-30T17:58:04+00:00,local,,ocsp.jpg,49a6b089bf3fe610960ef91b2beb81c86b62e7d531c97f33fc029841d864b2cb,sdk_test_fixture,present_valid,crop_25pct,Cropped 25% off each border,53f6e994e18de0c2923362596acb5cc7a7257ba17a6058bf80dfed0fa11b3e06,54259,500,350,absent,False,False,False,
a5a19d2f06d7,2026-08-30T17:58:04+00:00,local,,ocsp.jpg,49a6b089bf3fe610960ef91b2beb81c86b62e7d531c97f33fc029841d864b2cb,sdk_test_fixture,present_valid,rotate_90,Rotated 90 degrees,541de0c1986efee6e6903bde5a3ebe8c792b21dd82bf23639c0ed26438e7fe77,97628,700,1000,absent,False,False,False,
ea3102ea7524,2026-08-30T17:58:04+00:00,local,,ocsp.jpg,49a6b089bf3fe610960ef91b2beb81c86b62e7d531c97f33fc029841d864b2cb,sdk_test_fixture,present_valid,rotate_180,Rotated 180 degrees,82d76f7467b5d1706d7e77b5818d95c71aac6ce519bdc1b905632f10329a75db,167928,1000,700,absent,False,False,False,
2c846be290d8,2026-08-30T17:58:04+00:00,local,,ocsp.jpg,49a6b089bf3fe610960ef91b2beb81c86b62e7d531c97f33fc029841d864b2cb,sdk_test_fixture,present_valid,convert_png_jpeg_png,Converted PNG to JPEG and back to PNG,35bf9fa315d4e26bcb4042d8a42d981cdc9340038ec7b39000fecbd4fcc8cd53,484707,1000,700,absent,False,False,False,
a10141a8c0ec,2026-08-30T17:58:04+00:00,local,,ocsp.jpg,49a6b089bf3fe610960ef91b2beb81c86b62e7d531c97f33fc029841d864b2cb,sdk_test_fixture,present_valid,screenshot,"Screenshotted (pixels recaptured, container discarded)",0c090a5244f3b3217e137c15f41c82cf1cbd2cc013c1e6ef2456e4b392110e1b,463408,1000,700,absent,False,False,False,
75c2ade4b956,2026-08-30T17:58:04+00:00,local,,ocsp.jpg,49a6b089bf3fe610960ef91b2beb81c86b62e7d531c97f33fc029841d864b2cb,sdk_test_fixture,present_valid,metadata_scrub,EXIF block removed in place (no re-encode),4b71f4b122cb546bb31766cb6a1ab06d0898e5df65088941b8f223bc5d2d9f28,285482,1000,700,present_invalid,False,False,False,
11206519d96d,2026-08-30T17:58:04+00:00,local,,ocsp.jpg,49a6b089bf3fe610960ef91b2beb81c86b62e7d531c97f33fc029841d864b2cb,sdk_test_fixture,present_valid,editor_resave,Opened in an editor and saved (default settings),6775bddc43a9aebae82f8c833359b847a9b446814da230757021d2865c45a4b4,70307,1000,700,absent,False,False,False,
6214d86344c2,2026-08-30T17:58:04+00:00,local,,ocsp.jpg,49a6b089bf3fe610960ef91b2beb81c86b62e7d531c97f33fc029841d864b2cb,sdk_test_fixture,present_valid,screenshot|recompress_q75,"Screenshotted (pixels recaptured, container discarded) then Re-saved as JPEG at quality 75",9f8025ed66c31bbce70bf4f42ee79289f704141c9dc6791d597b4a2d0add6f19,49489,1000,700,absent,False,False,False,
ccc9a3104dd0,2026-08-30T17:58:04+00:00,local,,ocsp.jpg,49a6b089bf3fe610960ef91b2beb81c86b62e7d531c97f33fc029841d864b2cb,sdk_test_fixture,present_valid,resize_50pct|recompress_q75,Resized to 50% of original dimensions then Re-saved as JPEG at quality 75,c1eac173234622ba3ab03a8b1c0dc14dd88defd6396b8ab623b9b6db0805f665,27065,500,350,absent,False,False,False,
7e4f901236f6,2026-08-30T17:58:04+00:00,local,,ocsp.jpg,49a6b089bf3fe610960ef91b2beb81c86b62e7d531c97f33fc029841d864b2cb,sdk_test_fixture,present_valid,crop_10pct|recompress_q50,Cropped 10% off each border then Re-saved as JPEG at quality 50,6af39e45b8628e6f14223664a51d5e6f60b044da2b7d202e4421a33cd941472c,36580,800,560,absent,False,False,False,
a11a74f8c445,2026-08-30T17:58:04+00:00,local,,ocsp.jpg,49a6b089bf3fe610960ef91b2beb81c86b62e7d531c97f33fc029841d864b2cb,sdk_test_fixture,present_valid,metadata_scrub|recompress_q75,EXIF block removed in place (no re-encode) then Re-saved as JPEG at quality 75,9f8025ed66c31bbce70bf4f42ee79289f704141c9dc6791d597b4a2d0add6f19,49489,1000,700,absent,False,False,False,
0416b11542de,2026-08-30T17:58:04+00:00,local,,prerelease.jpg,17ea3035caaa4eb6f7cb06c89bda6c86a74a92c40dc5b8119e9954ed9cd99831,sdk_test_fixture,present_invalid,none,Untouched original,17ea3035caaa4eb6f7cb06c89bda6c86a74a92c40dc5b8119e9954ed9cd99831,374959,2048,1365,present_invalid,False,False,True,
1fec85f5ae5c,2026-08-30T17:58:04+00:00,local,,prerelease.jpg,17ea3035caaa4eb6f7cb06c89bda6c86a74a92c40dc5b8119e9954ed9cd99831,sdk_test_fixture,present_invalid,recompress_q95,Re-saved as JPEG at quality 95,2c51578c77bc883a2e4797b99f21bc7784b02882ec286d248bb86f7d58ba27c9,321085,2048,1365,absent,False,False,False,
292e1af8294e,2026-08-30T17:58:05+00:00,local,,prerelease.jpg,17ea3035caaa4eb6f7cb06c89bda6c86a74a92c40dc5b8119e9954ed9cd99831,sdk_test_fixture,present_invalid,recompress_q75,Re-saved as JPEG at quality 75,8f1aef32a508912ceb37038db4b3a3ba1da124dec9551218cbf562aa99d33e6f,153825,2048,1365,absent,False,False,False,
e86fb3b530cf,2026-08-30T17:58:05+00:00,local,,prerelease.jpg,17ea3035caaa4eb6f7cb06c89bda6c86a74a92c40dc5b8119e9954ed9cd99831,sdk_test_fixture,present_invalid,recompress_q50,Re-saved as JPEG at quality 50,7868385b6166b8e27c1f84420d3b3a29eb191cabcd13b243bd2a35feebfdb491,118097,2048,1365,absent,False,False,False,
e5689abc36f9,2026-08-30T17:58:05+00:00,local,,prerelease.jpg,17ea3035caaa4eb6f7cb06c89bda6c86a74a92c40dc5b8119e9954ed9cd99831,sdk_test_fixture,present_invalid,resize_75pct,Resized to 75% of original dimensions,5fde57d612d307cdda7b2e448e361b134cd2564eabaaa93f01bd518adfd0f674,290414,1536,1023,absent,False,False,False,
f8b270ac1b21,2026-08-30T17:58:05+00:00,local,,prerelease.jpg,17ea3035caaa4eb6f7cb06c89bda6c86a74a92c40dc5b8119e9954ed9cd99831,sdk_test_fixture,present_invalid,resize_50pct,Resized to 50% of original dimensions,f287663f92d6a2951de40e1d903e38b78061e951919997291651de13fa9a65ec,144992,1024,682,absent,False,False,False,
3736a0b6d82c,2026-08-30T17:58:05+00:00,local,,prerelease.jpg,17ea3035caaa4eb6f7cb06c89bda6c86a74a92c40dc5b8119e9954ed9cd99831,sdk_test_fixture,present_invalid,resize_25pct,Resized to 25% of original dimensions,c92732436cfb1e38d7f658c50c1ce33de01a62980a0796ee46c41ba59fb8fafc,42247,512,341,absent,False,False,False,
bc05e40f2e4e,2026-08-30T17:58:05+00:00,local,,prerelease.jpg,17ea3035caaa4eb6f7cb06c89bda6c86a74a92c40dc5b8119e9954ed9cd99831,sdk_test_fixture,present_invalid,crop_5pct,Cropped 5% off each border,98fba4e7499ba9817eef0a99be132eb5fc064ecfeec582479a335162ba087c57,400850,1844,1229,absent,False,False,False,
899b421f15ac,2026-08-30T17:58:05+00:00,local,,prerelease.jpg,17ea3035caaa4eb6f7cb06c89bda6c86a74a92c40dc5b8119e9954ed9cd99831,sdk_test_fixture,present_invalid,crop_10pct,Cropped 10% off each border,139596169146205b11e92d8cd0ce35e9dd3b0d62c8c2d8b6a9e583f9e8b39f24,304703,1640,1093,absent,False,False,False,
4e3ed222f862,2026-08-30T17:58:05+00:00,local,,prerelease.jpg,17ea3035caaa4eb6f7cb06c89bda6c86a74a92c40dc5b8119e9954ed9cd99831,sdk_test_fixture,present_invalid,crop_25pct,Cropped 25% off each border,150dd0b4522cd56d6573df71043714a013df998bdb1d5c7e7d1833afc6cacbea,139970,1024,683,absent,False,False,False,
ae3679bd6763,2026-08-30T17:58:05+00:00,local,,prerelease.jpg,17ea3035caaa4eb6f7cb06c89bda6c86a74a92c40dc5b8119e9954ed9cd99831,sdk_test_fixture,present_invalid,rotate_90,Rotated 90 degrees,2fc361b9eecbcddc9c9c71d50472274c34fefc69f4981d852be67f4bd0690175,315781,1365,2048,absent,False,False,False,
7987a9945313,2026-08-30T17:58:05+00:00,local,,prerelease.jpg,17ea3035caaa4eb6f7cb06c89bda6c86a74a92c40dc5b8119e9954ed9cd99831,sdk_test_fixture,present_invalid,rotate_180,Rotated 180 degrees,39d6a1de4aa3549a038a668021b7d1ff5599eba087e49a135e214f0318e56c28,437903,2048,1365,absent,False,False,False,
3a7e6ef9a478,2026-08-30T17:58:06+00:00,local,,prerelease.jpg,17ea3035caaa4eb6f7cb06c89bda6c86a74a92c40dc5b8119e9954ed9cd99831,sdk_test_fixture,present_invalid,convert_png_jpeg_png,Converted PNG to JPEG and back to PNG,ecf86758f2e6630cf91cb6b13eb18cedcbd316e43d1d1dde245c02f4e4fd0f8e,1977794,2048,1365,absent,False,False,False,
79dd662bfe45,2026-08-30T17:58:06+00:00,local,,prerelease.jpg,17ea3035caaa4eb6f7cb06c89bda6c86a74a92c40dc5b8119e9954ed9cd99831,sdk_test_fixture,present_invalid,screenshot,"Screenshotted (pixels recaptured, container discarded)",c119187f47e9f5bad31e2816da009e2060dfb105786702bf690c65a701d442e6,1828683,2048,1365,absent,False,False,False,
ecab1cb672f9,2026-08-30T17:58:06+00:00,local,,prerelease.jpg,17ea3035caaa4eb6f7cb06c89bda6c86a74a92c40dc5b8119e9954ed9cd99831,sdk_test_fixture,present_invalid,metadata_scrub,EXIF block removed in place (no re-encode),17ea3035caaa4eb6f7cb06c89bda6c86a74a92c40dc5b8119e9954ed9cd99831,374959,2048,1365,present_invalid,False,False,True,
14f0c99d4de8,2026-08-30T17:58:06+00:00,local,,prerelease.jpg,17ea3035caaa4eb6f7cb06c89bda6c86a74a92c40dc5b8119e9954ed9cd99831,sdk_test_fixture,present_invalid,editor_resave,Opened in an editor and saved (default settings),251a40f524c8aaefcbe53531f2df1fa423e0a698d1958ca6b06933f762d8086e,251876,2048,1365,absent,False,False,False,
08a35a7286ab,2026-08-30T17:58:07+00:00,local,,prerelease.jpg,17ea3035caaa4eb6f7cb06c89bda6c86a74a92c40dc5b8119e9954ed9cd99831,sdk_test_fixture,present_invalid,screenshot|recompress_q75,"Screenshotted (pixels recaptured, container discarded) then Re-saved as JPEG at quality 75",8f1aef32a508912ceb37038db4b3a3ba1da124dec9551218cbf562aa99d33e6f,153825,2048,1365,absent,False,False,False,
e81099c46856,2026-08-30T17:58:07+00:00,local,,prerelease.jpg,17ea3035caaa4eb6f7cb06c89bda6c86a74a92c40dc5b8119e9954ed9cd99831,sdk_test_fixture,present_invalid,resize_50pct|recompress_q75,Resized to 50% of original dimensions then Re-saved as JPEG at quality 75,f775a970947ecb6767e44b479a079b427e8ec56bb38fc8f8f4687cd795863947,45658,1024,682,absent,False,False,False,
6146dfe13d40,2026-08-30T17:58:07+00:00,local,,prerelease.jpg,17ea3035caaa4eb6f7cb06c89bda6c86a74a92c40dc5b8119e9954ed9cd99831,sdk_test_fixture,present_invalid,crop_10pct|recompress_q50,Cropped 10% off each border then Re-saved as JPEG at quality 50,ea3b4c4affe2af38fb0ff3247635ab76d9c97884b8d9336998765e245f0564e2,66066,1640,1093,absent,False,False,False,
54ff77ac8a92,2026-08-30T17:58:07+00:00,local,,prerelease.jpg,17ea3035caaa4eb6f7cb06c89bda6c86a74a92c40dc5b8119e9954ed9cd99831,sdk_test_fixture,present_invalid,metadata_scrub|recompress_q75,EXIF block removed in place (no re-encode) then Re-saved as JPEG at quality 75,8f1aef32a508912ceb37038db4b3a3ba1da124dec9551218cbf562aa99d33e6f,153825,2048,1365,absent,False,False,False,
fd26b179530f,2026-08-30T17:58:07+00:00,local,,sample1.png,0bd72c972c14e5fd27d8473c5599e801031576e1398f384c40c3394696a2619a,sdk_test_fixture,absent,none,Untouched original,0bd72c972c14e5fd27d8473c5599e801031576e1398f384c40c3394696a2619a,299257,1024,683,absent,False,True,False,
0b6f9dfaa817,2026-08-30T17:58:07+00:00,local,,sample1.png,0bd72c972c14e5fd27d8473c5599e801031576e1398f384c40c3394696a2619a,sdk_test_fixture,absent,recompress_q95,Re-saved as JPEG at quality 95,cd275dd0a66937d08be448c1749592dd160e718590e20eee0e72bcf93b104850,58728,1024,683,absent,False,False,False,
d891ca0ea642,2026-08-30T17:58:07+00:00,local,,sample1.png,0bd72c972c14e5fd27d8473c5599e801031576e1398f384c40c3394696a2619a,sdk_test_fixture,absent,recompress_q75,Re-saved as JPEG at quality 75,933c16f92cc3cdd88dc15812e020ae327e54f94ddd3eafe2182a0aa08e6d9b2a,34130,1024,683,absent,False,False,False,
89266dbd1b32,2026-08-30T17:58:07+00:00,local,,sample1.png,0bd72c972c14e5fd27d8473c5599e801031576e1398f384c40c3394696a2619a,sdk_test_fixture,absent,recompress_q50,Re-saved as JPEG at quality 50,8bc0781fe3ea302ee5eab70cebfadebb73722c276d99139c75a3d7c3a4596a1d,27766,1024,683,absent,False,False,False,
b34e80db74f4,2026-08-30T17:58:07+00:00,local,,sample1.png,0bd72c972c14e5fd27d8473c5599e801031576e1398f384c40c3394696a2619a,sdk_test_fixture,absent,resize_75pct,Resized to 75% of original dimensions,b1adb035c903b1e00e07c57088a94658f30345e80078e29fa9999c588fc86a08,68114,768,512,absent,False,False,False,
c6474e3f7d07,2026-08-30T17:58:07+00:00,local,,sample1.png,0bd72c972c14e5fd27d8473c5599e801031576e1398f384c40c3394696a2619a,sdk_test_fixture,absent,resize_50pct,Resized to 50% of original dimensions,c059127dfe517f615c143bd180e7287d61fe7f71bf074d09c57325532a1a7047,37026,512,341,absent,False,False,False,
6f0b66464a2b,2026-08-30T17:58:08+00:00,local,,sample1.png,0bd72c972c14e5fd27d8473c5599e801031576e1398f384c40c3394696a2619a,sdk_test_fixture,absent,resize_25pct,Resized to 25% of original dimensions,0a66b8336e299c3b5d56401980d5b243e9a891da5045275dd002e5d390d9a5d5,14316,256,170,absent,False,False,False,
0eadd8dd7722,2026-08-30T17:58:08+00:00,local,,sample1.png,0bd72c972c14e5fd27d8473c5599e801031576e1398f384c40c3394696a2619a,sdk_test_fixture,absent,crop_5pct,Cropped 5% off each border,3b7a90fdee2338b65af6d3f17ddac42cbe9107cf1541d5991f200b0cbd7c7e05,94714,922,615,absent,False,False,False,
cafaa05b89eb,2026-08-30T17:58:08+00:00,local,,sample1.png,0bd72c972c14e5fd27d8473c5599e801031576e1398f384c40c3394696a2619a,sdk_test_fixture,absent,crop_10pct,Cropped 10% off each border,3c62650ef90d1e3412be07868f8832199377385300d3ec7ef21dae908891d291,80240,820,547,absent,False,False,False,
38d4257a1d2a,2026-08-30T17:58:08+00:00,local,,sample1.png,0bd72c972c14e5fd27d8473c5599e801031576e1398f384c40c3394696a2619a,sdk_test_fixture,absent,crop_25pct,Cropped 25% off each border,eba49da737fa1f8a7ecf6908682d764878342427521dfb4c4179f1a6b0d90d08,33717,512,343,absent,False,False,False,
762e54fadfef,2026-08-30T17:58:08+00:00,local,,sample1.png,0bd72c972c14e5fd27d8473c5599e801031576e1398f384c40c3394696a2619a,sdk_test_fixture,absent,rotate_90,Rotated 90 degrees,36e8638b82ec378de958e9f453743192909def1e2b8a8db3ab08375fad416441,57840,683,1024,absent,False,False,False,
6b97afb14318,2026-08-30T17:58:08+00:00,local,,sample1.png,0bd72c972c14e5fd27d8473c5599e801031576e1398f384c40c3394696a2619a,sdk_test_fixture,absent,rotate_180,Rotated 180 degrees,d5add8f787825f66991502baddc3a7f1b067fafce13e3351d12ea6208f8d69e6,85893,1024,683,absent,False,False,False,
1c7d40bb9cbd,2026-08-30T17:58:08+00:00,local,,sample1.png,0bd72c972c14e5fd27d8473c5599e801031576e1398f384c40c3394696a2619a,sdk_test_fixture,absent,convert_png_jpeg_png,Converted PNG to JPEG and back to PNG,211170190d4f5b44a0cf4c85321ed4fbff875af1c4710016b76b536268505cd6,309336,1024,683,absent,False,False,False,
c28795d39586,2026-08-30T17:58:08+00:00,local,,sample1.png,0bd72c972c14e5fd27d8473c5599e801031576e1398f384c40c3394696a2619a,sdk_test_fixture,absent,screenshot,"Screenshotted (pixels recaptured, container discarded)",d77b7a0f857bf5b3b689fb4fc64e6723b03072b49f40d24edd86311a7d101074,305014,1024,683,absent,False,False,False,
5c0e6861f5f2,2026-08-30T17:58:08+00:00,local,,sample1.png,0bd72c972c14e5fd27d8473c5599e801031576e1398f384c40c3394696a2619a,sdk_test_fixture,absent,metadata_scrub,EXIF block removed in place (no re-encode),0bd72c972c14e5fd27d8473c5599e801031576e1398f384c40c3394696a2619a,299257,1024,683,absent,False,True,False,
861892c33678,2026-08-30T17:58:08+00:00,local,,sample1.png,0bd72c972c14e5fd27d8473c5599e801031576e1398f384c40c3394696a2619a,sdk_test_fixture,absent,editor_resave,Opened in an editor and saved (default settings),8eb621b04d4f02d2a22d59fe63c98a431e6499e8d3e7ee6e319326cb61e19652,46847,1024,683,absent,False,False,False,
daa1ca9a69b1,2026-08-30T17:58:08+00:00,local,,sample1.png,0bd72c972c14e5fd27d8473c5599e801031576e1398f384c40c3394696a2619a,sdk_test_fixture,absent,screenshot|recompress_q75,"Screenshotted (pixels recaptured, container discarded) then Re-saved as JPEG at quality 75",933c16f92cc3cdd88dc15812e020ae327e54f94ddd3eafe2182a0aa08e6d9b2a,34130,1024,683,absent,False,False,False,
9a5cfc9e8019,2026-08-30T17:58:08+00:00,local,,sample1.png,0bd72c972c14e5fd27d8473c5599e801031576e1398f384c40c3394696a2619a,sdk_test_fixture,absent,resize_50pct|recompress_q75,Resized to 50% of original dimensions then Re-saved as JPEG at quality 75,1a42c09d3d3ca32ec9fc7924741bf9ec970f0abb0a66c76b0ec23df0b5565575,15737,512,341,absent,False,False,False,
0d130e5079ac,2026-08-30T17:58:08+00:00,local,,sample1.png,0bd72c972c14e5fd27d8473c5599e801031576e1398f384c40c3394696a2619a,sdk_test_fixture,absent,crop_10pct|recompress_q50,Cropped 10% off each border then Re-saved as JPEG at quality 50,8ef9da481b839f9bb6dc577b8b3500723204e16c77a9d964dab146350452057b,21555,820,547,absent,False,False,False,
f607c2e28cf6,2026-08-30T17:58:08+00:00,local,,sample1.png,0bd72c972c14e5fd27d8473c5599e801031576e1398f384c40c3394696a2619a,sdk_test_fixture,absent,metadata_scrub|recompress_q75,EXIF block removed in place (no re-encode) then Re-saved as JPEG at quality 75,933c16f92cc3cdd88dc15812e020ae327e54f94ddd3eafe2182a0aa08e6d9b2a,34130,1024,683,absent,False,False,False,
2c70d6e29421,2026-08-30T17:58:08+00:00,local,,sample1.webp,006ee0871284b06a311286b9b72b3d083951ea6e9c78aa14d7894742daebfad3,sdk_test_fixture,absent,none,Untouched original,006ee0871284b06a311286b9b72b3d083951ea6e9c78aa14d7894742daebfad3,50408,1050,700,absent,False,False,False,
6386af53de45,2026-08-30T17:58:08+00:00,local,,sample1.webp,006ee0871284b06a311286b9b72b3d083951ea6e9c78aa14d7894742daebfad3,sdk_test_fixture,absent,recompress_q95,Re-saved as JPEG at quality 95,3104ec01bd8b799fce66254acc134db039fe95c9e7a25a5be4db3d76a390b69e,113297,1050,700,absent,False,False,False,
41936ddc37a0,2026-08-30T17:58:08+00:00,local,,sample1.webp,006ee0871284b06a311286b9b72b3d083951ea6e9c78aa14d7894742daebfad3,sdk_test_fixture,absent,recompress_q75,Re-saved as JPEG at quality 75,97af09f96d756d07f06a4d70558aee088b316216521fbe276e85dbb36ccc23ca,44642,1050,700,absent,False,False,False,
a1fb8553f496,2026-08-30T17:58:08+00:00,local,,sample1.webp,006ee0871284b06a311286b9b72b3d083951ea6e9c78aa14d7894742daebfad3,sdk_test_fixture,absent,recompress_q50,Re-saved as JPEG at quality 50,3d58517b6c9fe7ff5fc4e0e14270dfb0dd194bed64687d2c2b3c8fb53fbe55ca,30915,1050,700,absent,False,False,False,
32fa726560c8,2026-08-30T17:58:08+00:00,local,,sample1.webp,006ee0871284b06a311286b9b72b3d083951ea6e9c78aa14d7894742daebfad3,sdk_test_fixture,absent,resize_75pct,Resized to 75% of original dimensions,bd9136b8810fc372789594502cb2679ce45533e6520081f99efb1a053eb6b195,77813,787,525,absent,False,False,False,
2f555910210d,2026-08-30T17:58:08+00:00,local,,sample1.webp,006ee0871284b06a311286b9b72b3d083951ea6e9c78aa14d7894742daebfad3,sdk_test_fixture,absent,resize_50pct,Resized to 50% of original dimensions,f192a92f5d20e9e214db5b69ed41daaaa5b59b72c8fdc6a114fba98e925d2d4a,40110,525,350,absent,False,False,False,
e8dd9a82e9f7,2026-08-30T17:58:08+00:00,local,,sample1.webp,006ee0871284b06a311286b9b72b3d083951ea6e9c78aa14d7894742daebfad3,sdk_test_fixture,absent,resize_25pct,Resized to 25% of original dimensions,d71d48c6e54a6770df0d0d3d198337cdc1a2e9623030f40c00b97ed3d4d472d4,14451,262,175,absent,False,False,False,
43b69817d4b9,2026-08-30T17:58:08+00:00,local,,sample1.webp,006ee0871284b06a311286b9b72b3d083951ea6e9c78aa14d7894742daebfad3,sdk_test_fixture,absent,crop_5pct,Cropped 5% off each border,7b47845e9ab5ac5661e641bc4e83af2371a654dc7ea03ae7b4a77be6adf8013d,103581,946,630,absent,False,False,False,
58dd5021f669,2026-08-30T17:58:08+00:00,local,,sample1.webp,006ee0871284b06a311286b9b72b3d083951ea6e9c78aa14d7894742daebfad3,sdk_test_fixture,absent,crop_10pct,Cropped 10% off each border,bd9ed4c20fe19e75f084e5123bdad6eb7909309e477110ffbc2b2395e716b66a,85242,840,560,absent,False,False,False,
28b396800b80,2026-08-30T17:58:08+00:00,local,,sample1.webp,006ee0871284b06a311286b9b72b3d083951ea6e9c78aa14d7894742daebfad3,sdk_test_fixture,absent,crop_25pct,Cropped 25% off each border,5a0977de97180d8af452240dc67cfd27587e253c02bf1187393bb4e0731a3cdc,34455,526,350,absent,False,False,False,
6ecbc335ae4f,2026-08-30T17:58:08+00:00,local,,sample1.webp,006ee0871284b06a311286b9b72b3d083951ea6e9c78aa14d7894742daebfad3,sdk_test_fixture,absent,rotate_90,Rotated 90 degrees,7e9de06eb54998472641ec4ec599ec76b5417bde8d9112ee5cb6b2bdd3c553bb,119999,700,1050,absent,False,False,False,
d118540e1dd7,2026-08-30T17:58:08+00:00,local,,sample1.webp,006ee0871284b06a311286b9b72b3d083951ea6e9c78aa14d7894742daebfad3,sdk_test_fixture,absent,rotate_180,Rotated 180 degrees,a2beb910472470681530d3eb05c17bfb2465bee3cb58f9b62fa0589ecdff9552,121862,1050,700,absent,False,False,False,
e05f80e4dd24,2026-08-30T17:58:09+00:00,local,,sample1.webp,006ee0871284b06a311286b9b72b3d083951ea6e9c78aa14d7894742daebfad3,sdk_test_fixture,absent,convert_png_jpeg_png,Converted PNG to JPEG and back to PNG,460a90fa49dff97a64a6ac090cdebd05bf5e1df56b50d23517524b7568b72195,521109,1050,700,absent,False,False,False,
8f7851e74358,2026-08-30T17:58:09+00:00,local,,sample1.webp,006ee0871284b06a311286b9b72b3d083951ea6e9c78aa14d7894742daebfad3,sdk_test_fixture,absent,screenshot,"Screenshotted (pixels recaptured, container discarded)",60615b15f5ff2386c6827ac5c44296906e62ae2c424efa9958851fedc926954d,483924,1050,700,absent,False,False,False,
0fbc33f9b37a,2026-08-30T17:58:09+00:00,local,,sample1.webp,006ee0871284b06a311286b9b72b3d083951ea6e9c78aa14d7894742daebfad3,sdk_test_fixture,absent,metadata_scrub,EXIF block removed in place (no re-encode),440b5132f11805d424c6024e14281080263b5d00323fc88410747e899781f732,50426,1050,700,absent,False,False,False,
0e4e197e98e8,2026-08-30T17:58:09+00:00,local,,sample1.webp,006ee0871284b06a311286b9b72b3d083951ea6e9c78aa14d7894742daebfad3,sdk_test_fixture,absent,editor_resave,Opened in an editor and saved (default settings),619519b4a6fcbcffa60ae08da52c861eea57bbe9d154e031f8007b41e543033a,83751,1050,700,absent,False,False,False,
736e094e2fe3,2026-08-30T17:58:09+00:00,local,,sample1.webp,006ee0871284b06a311286b9b72b3d083951ea6e9c78aa14d7894742daebfad3,sdk_test_fixture,absent,screenshot|recompress_q75,"Screenshotted (pixels recaptured, container discarded) then Re-saved as JPEG at quality 75",97af09f96d756d07f06a4d70558aee088b316216521fbe276e85dbb36ccc23ca,44642,1050,700,absent,False,False,False,
e7843d92c9ee,2026-08-30T17:58:09+00:00,local,,sample1.webp,006ee0871284b06a311286b9b72b3d083951ea6e9c78aa14d7894742daebfad3,sdk_test_fixture,absent,resize_50pct|recompress_q75,Resized to 50% of original dimensions then Re-saved as JPEG at quality 75,4df60ce46aa4d241faf15f67d20387d7087c74acfa4e9c27a2bd867ef4a6b3a3,16174,525,350,absent,False,False,False,
31a8b576b145,2026-08-30T17:58:09+00:00,local,,sample1.webp,006ee0871284b06a311286b9b72b3d083951ea6e9c78aa14d7894742daebfad3,sdk_test_fixture,absent,crop_10pct|recompress_q50,Cropped 10% off each border then Re-saved as JPEG at quality 50,61bf5fbb34dd3de7e8366a2a9d1d082e4e03166aa9f5410208d7167c61099d17,21957,840,560,absent,False,False,False,
c44e5ecd3e25,2026-08-30T17:58:09+00:00,local,,sample1.webp,006ee0871284b06a311286b9b72b3d083951ea6e9c78aa14d7894742daebfad3,sdk_test_fixture,absent,metadata_scrub|recompress_q75,EXIF block removed in place (no re-encode) then Re-saved as JPEG at quality 75,97af09f96d756d07f06a4d70558aee088b316216521fbe276e85dbb36ccc23ca,44642,1050,700,absent,False,False,False,
698393af6a9c,2026-08-30T17:58:09+00:00,local,,test_xmp.webp,769bf38d77496cc610ad0a0a5515f77e5c0ac185b64f99e4fa1ac4ede6dc290b,sdk_test_fixture,absent,none,Untouched original,769bf38d77496cc610ad0a0a5515f77e5c0ac185b64f99e4fa1ac4ede6dc290b,25020,128,128,absent,False,True,True,
bfa9bcb30103,2026-08-30T17:58:09+00:00,local,,test_xmp.webp,769bf38d77496cc610ad0a0a5515f77e5c0ac185b64f99e4fa1ac4ede6dc290b,sdk_test_fixture,absent,recompress_q95,Re-saved as JPEG at quality 95,3b48674e2cb2a7fbc5b949d2ce01fbedb3daccfb285f8027cb33a6676b6de61b,7061,128,128,absent,False,False,False,
2dbec8ae7a3a,2026-08-30T17:58:09+00:00,local,,test_xmp.webp,769bf38d77496cc610ad0a0a5515f77e5c0ac185b64f99e4fa1ac4ede6dc290b,sdk_test_fixture,absent,recompress_q75,Re-saved as JPEG at quality 75,f6e663d3a25b6f39eb72e8fccfc1c749eb86bbbf00df6b2bbf2bf65b44cc9c27,3245,128,128,absent,False,False,False,
6ff342aee694,2026-08-30T17:58:09+00:00,local,,test_xmp.webp,769bf38d77496cc610ad0a0a5515f77e5c0ac185b64f99e4fa1ac4ede6dc290b,sdk_test_fixture,absent,recompress_q50,Re-saved as JPEG at quality 50,5e710f3f6238e58fd48723c6a0d9329e5e98660f7bf95bae0237185c989c061e,2333,128,128,absent,False,False,False,
3b683037fc55,2026-08-30T17:58:09+00:00,local,,test_xmp.webp,769bf38d77496cc610ad0a0a5515f77e5c0ac185b64f99e4fa1ac4ede6dc290b,sdk_test_fixture,absent,resize_75pct,Resized to 75% of original dimensions,b3a16243f9134f85e2620f8dc03d25e577e5f3e2c6f42be92ad4daab4e13404b,4563,96,96,absent,False,False,False,
901327470a49,2026-08-30T17:58:09+00:00,local,,test_xmp.webp,769bf38d77496cc610ad0a0a5515f77e5c0ac185b64f99e4fa1ac4ede6dc290b,sdk_test_fixture,absent,resize_50pct,Resized to 50% of original dimensions,329e36d459e9e3b97d0ed93d9cc15fe42885ee8cf0caccdda04272af04ede231,2579,64,64,absent,False,False,False,
1856681e87d9,2026-08-30T17:58:09+00:00,local,,test_xmp.webp,769bf38d77496cc610ad0a0a5515f77e5c0ac185b64f99e4fa1ac4ede6dc290b,sdk_test_fixture,absent,resize_25pct,Resized to 25% of original dimensions,c948278828530f9ad118086ec1dc867378afd85d52a3b5f2929a0668a5b7542f,1223,32,32,absent,False,False,False,
476350b23a7f,2026-08-30T17:58:09+00:00,local,,test_xmp.webp,769bf38d77496cc610ad0a0a5515f77e5c0ac185b64f99e4fa1ac4ede6dc290b,sdk_test_fixture,absent,crop_5pct,Cropped 5% off each border,dd7f6649e56db38340d05570ab7f322e3d6075735050573501b014e09dd3a2aa,6721,116,116,absent,False,False,False,
0c7cb229bb92,2026-08-30T17:58:09+00:00,local,,test_xmp.webp,769bf38d77496cc610ad0a0a5515f77e5c0ac185b64f99e4fa1ac4ede6dc290b,sdk_test_fixture,absent,crop_10pct,Cropped 10% off each border,a9de3b89333d7b036892ffee4f7c22dfc25860ebbac04573b3cbd2fc30137211,5464,104,104,absent,False,False,False,
cb191e582942,2026-08-30T17:58:09+00:00,local,,test_xmp.webp,769bf38d77496cc610ad0a0a5515f77e5c0ac185b64f99e4fa1ac4ede6dc290b,sdk_test_fixture,absent,crop_25pct,Cropped 25% off each border,483fcdca2ad8e4c67a80b857b7e6bba2f06c42c93a24876bdda24106bafab97c,2809,64,64,absent,False,False,False,
6aa6f844688f,2026-08-30T17:58:09+00:00,local,,test_xmp.webp,769bf38d77496cc610ad0a0a5515f77e5c0ac185b64f99e4fa1ac4ede6dc290b,sdk_test_fixture,absent,rotate_90,Rotated 90 degrees,ca2ee4c3b68e1124ab9d0374d3e50127de8002431143f3df19dc4715f456ba2d,7047,128,128,absent,False,False,False,
90f3ad8915ff,2026-08-30T17:58:09+00:00,local,,test_xmp.webp,769bf38d77496cc610ad0a0a5515f77e5c0ac185b64f99e4fa1ac4ede6dc290b,sdk_test_fixture,absent,rotate_180,Rotated 180 degrees,b4f7793c5c79a576c680449b2229fedba75d5447a1b11e5338524c87819acae3,7066,128,128,absent,False,False,False,
be85d296a4d0,2026-08-30T17:58:09+00:00,local,,test_xmp.webp,769bf38d77496cc610ad0a0a5515f77e5c0ac185b64f99e4fa1ac4ede6dc290b,sdk_test_fixture,absent,convert_png_jpeg_png,Converted PNG to JPEG and back to PNG,b420a29100587b3a6ec8b33a2d1e25481a5bb147431c2be1330c6ec3454dd3d2,23371,128,128,absent,False,False,False,
bc4e5cd67b9f,2026-08-30T17:58:09+00:00,local,,test_xmp.webp,769bf38d77496cc610ad0a0a5515f77e5c0ac185b64f99e4fa1ac4ede6dc290b,sdk_test_fixture,absent,screenshot,"Screenshotted (pixels recaptured, container discarded)",2c5db4723131e669497a3d6d7f0e005d827214fd2f943637a031da054520c437,26080,128,128,absent,False,False,False,
47bf07067b08,2026-08-30T17:58:09+00:00,local,,test_xmp.webp,769bf38d77496cc610ad0a0a5515f77e5c0ac185b64f99e4fa1ac4ede6dc290b,sdk_test_fixture,absent,metadata_scrub,EXIF block removed in place (no re-encode),9591e6747d9419e408fc50987fd617c8421fc1f09e41db3713ff0d3e6a3df4b6,24694,128,128,absent,False,True,True,
712d4440347f,2026-08-30T17:58:09+00:00,local,,test_xmp.webp,769bf38d77496cc610ad0a0a5515f77e5c0ac185b64f99e4fa1ac4ede6dc290b,sdk_test_fixture,absent,editor_resave,Opened in an editor and saved (default settings),1838335f377f34dc20fe59a26a191b0034867f37a936dc7c797bca32ae98f95e,5733,128,128,absent,False,False,False,
5c907c89c38b,2026-08-30T17:58:09+00:00,local,,test_xmp.webp,769bf38d77496cc610ad0a0a5515f77e5c0ac185b64f99e4fa1ac4ede6dc290b,sdk_test_fixture,absent,screenshot|recompress_q75,"Screenshotted (pixels recaptured, container discarded) then Re-saved as JPEG at quality 75",f6e663d3a25b6f39eb72e8fccfc1c749eb86bbbf00df6b2bbf2bf65b44cc9c27,3245,128,128,absent,False,False,False,
a18d53c3583d,2026-08-30T17:58:09+00:00,local,,test_xmp.webp,769bf38d77496cc610ad0a0a5515f77e5c0ac185b64f99e4fa1ac4ede6dc290b,sdk_test_fixture,absent,resize_50pct|recompress_q75,Resized to 50% of original dimensions then Re-saved as JPEG at quality 75,6d861990b06eeab3068734ca8330ba9e87cb7f02de405689cbccb57e2f9e9a71,1454,64,64,absent,False,False,False,
6c515ebbac77,2026-08-30T17:58:09+00:00,local,,test_xmp.webp,769bf38d77496cc610ad0a0a5515f77e5c0ac185b64f99e4fa1ac4ede6dc290b,sdk_test_fixture,absent,crop_10pct|recompress_q50,Cropped 10% off each border then Re-saved as JPEG at quality 50,a2668512a70962d5b3ec0e40a650bad04c2dcf1c92e471b5d4338b11090ab204,1932,104,104,absent,False,False,False,
15514ad73954,2026-08-30T17:58:09+00:00,local,,test_xmp.webp,769bf38d77496cc610ad0a0a5515f77e5c0ac185b64f99e4fa1ac4ede6dc290b,sdk_test_fixture,absent,metadata_scrub|recompress_q75,EXIF block removed in place (no re-encode) then Re-saved as JPEG at quality 75,f6e663d3a25b6f39eb72e8fccfc1c749eb86bbbf00df6b2bbf2bf65b44cc9c27,3245,128,128,absent,False,False,False,
ab893abe20ba,2026-08-30T17:58:09+00:00,local,,update_manifest.jpg,c855bbce1e2ea50bfc1da939f55b7d1bce97a9afa5a0e671ed05d59dc7950b3b,sdk_test_fixture,present_valid,none,Untouched original,c855bbce1e2ea50bfc1da939f55b7d1bce97a9afa5a0e671ed05d59dc7950b3b,227319,375,375,present_valid,False,True,True,
f98030e90912,2026-08-30T17:58:09+00:00,local,,update_manifest.jpg,c855bbce1e2ea50bfc1da939f55b7d1bce97a9afa5a0e671ed05d59dc7950b3b,sdk_test_fixture,present_valid,recompress_q95,Re-saved as JPEG at quality 95,4ab6498d6ec5ab8cf92a48c241481c206687dbe2164c27ed299c3cc12401a494,71227,375,375,absent,False,False,False,
8f46df148d3d,2026-08-30T17:58:09+00:00,local,,update_manifest.jpg,c855bbce1e2ea50bfc1da939f55b7d1bce97a9afa5a0e671ed05d59dc7950b3b,sdk_test_fixture,present_valid,recompress_q75,Re-saved as JPEG at quality 75,3f8421ed69bcfdf952f1ee2342e165726303eb1d9cf1889d9d18ed45d2945c05,32037,375,375,absent,False,False,False,
11862fec65b4,2026-08-30T17:58:09+00:00,local,,update_manifest.jpg,c855bbce1e2ea50bfc1da939f55b7d1bce97a9afa5a0e671ed05d59dc7950b3b,sdk_test_fixture,present_valid,recompress_q50,Re-saved as JPEG at quality 50,b886fcbc242202fed326ab187790e6e5d7b563c71000b540cbf717d1c67e443f,22168,375,375,absent,False,False,False,
7094259528d3,2026-08-30T17:58:09+00:00,local,,update_manifest.jpg,c855bbce1e2ea50bfc1da939f55b7d1bce97a9afa5a0e671ed05d59dc7950b3b,sdk_test_fixture,present_valid,resize_75pct,Resized to 75% of original dimensions,446967e4c9de6f1aa05f609418467fb10ed724532b95e3fef1df7726661e51f0,41833,281,281,absent,False,False,False,
e492fbba693f,2026-08-30T17:58:09+00:00,local,,update_manifest.jpg,c855bbce1e2ea50bfc1da939f55b7d1bce97a9afa5a0e671ed05d59dc7950b3b,sdk_test_fixture,present_valid,resize_50pct,Resized to 50% of original dimensions,963a8c35a0008ed0834bdcb7cdcd83913ef3fd36d208782297e50aa15c7abeba,19608,187,187,absent,False,False,False,
8477acc881f5,2026-08-30T17:58:09+00:00,local,,update_manifest.jpg,c855bbce1e2ea50bfc1da939f55b7d1bce97a9afa5a0e671ed05d59dc7950b3b,sdk_test_fixture,present_valid,resize_25pct,Resized to 25% of original dimensions,512fdbc17c63424bdeea1609e442940046b4651edc0ab62c749db7d2056cc9ac,5898,93,93,absent,False,False,False,
319810506e8e,2026-08-30T17:58:09+00:00,local,,update_manifest.jpg,c855bbce1e2ea50bfc1da939f55b7d1bce97a9afa5a0e671ed05d59dc7950b3b,sdk_test_fixture,present_valid,crop_5pct,Cropped 5% off each border,090d235c63deff4c3e2526de6a0a6c4a25efb82dfb61f30bb552aceaa23d1a1c,68759,339,339,absent,False,False,False,
5b1cdf5b1407,2026-08-30T17:58:09+00:00,local,,update_manifest.jpg,c855bbce1e2ea50bfc1da939f55b7d1bce97a9afa5a0e671ed05d59dc7950b3b,sdk_test_fixture,present_valid,crop_10pct,Cropped 10% off each border,99ac731f11a4269e2c032420751cdf8753c45d33751f12c0b437dbfef4bd5bdc,61431,301,301,absent,False,False,False,
b39e20ff53af,2026-08-30T17:58:09+00:00,local,,update_manifest.jpg,c855bbce1e2ea50bfc1da939f55b7d1bce97a9afa5a0e671ed05d59dc7950b3b,sdk_test_fixture,present_valid,crop_25pct,Cropped 25% off each border,651013543e2de50c240a22510017400cfdaa078f23ca283f4eb1c65b4fd59a9f,29092,189,189,absent,False,False,False,
b5c7ddc6f8c5,2026-08-30T17:58:09+00:00,local,,update_manifest.jpg,c855bbce1e2ea50bfc1da939f55b7d1bce97a9afa5a0e671ed05d59dc7950b3b,sdk_test_fixture,present_valid,rotate_90,Rotated 90 degrees,0b514e224b2abc304e66e0f843777bb7414a832179fd3c86d14ec317e0a9688d,71163,375,375,absent,False,False,False,
76a84a5ef5aa,2026-08-30T17:58:09+00:00,local,,update_manifest.jpg,c855bbce1e2ea50bfc1da939f55b7d1bce97a9afa5a0e671ed05d59dc7950b3b,sdk_test_fixture,present_valid,rotate_180,Rotated 180 degrees,8096c00e1ac44a4842c0bda35aabd0df53505c22e05ed343b9ab09950920b762,71264,375,375,absent,False,False,False,
53357c246fd1,2026-08-30T17:58:09+00:00,local,,update_manifest.jpg,c855bbce1e2ea50bfc1da939f55b7d1bce97a9afa5a0e671ed05d59dc7950b3b,sdk_test_fixture,present_valid,convert_png_jpeg_png,Converted PNG to JPEG and back to PNG,56deefaba380ed756a25911b6b8db81b6c0b0357131f342f1d61099139fee364,230986,375,375,absent,False,False,False,
6e7576c32ca9,2026-08-30T17:58:09+00:00,local,,update_manifest.jpg,c855bbce1e2ea50bfc1da939f55b7d1bce97a9afa5a0e671ed05d59dc7950b3b,sdk_test_fixture,present_valid,screenshot,"Screenshotted (pixels recaptured, container discarded)",c8c10834eb558e98cd37904cfc6169628b589204f0993212a638c8f0572d3ca7,292186,375,375,absent,False,False,False,
2c15cb7c962d,2026-08-30T17:58:09+00:00,local,,update_manifest.jpg,c855bbce1e2ea50bfc1da939f55b7d1bce97a9afa5a0e671ed05d59dc7950b3b,sdk_test_fixture,present_valid,metadata_scrub,EXIF block removed in place (no re-encode),bec20fb185576132e416a8de11707568e2120684fa4361acd7fa9228c3442d37,217357,375,375,present_invalid,False,False,True,
2f6f9f2382b5,2026-08-30T17:58:09+00:00,local,,update_manifest.jpg,c855bbce1e2ea50bfc1da939f55b7d1bce97a9afa5a0e671ed05d59dc7950b3b,sdk_test_fixture,present_valid,editor_resave,Opened in an editor and saved (default settings),527926176c92211e2114bb63337f2093e2e02e6edeb96a4ec3dc6406c455386c,55988,375,375,absent,False,False,False,
50ce63d25004,2026-08-30T17:58:09+00:00,local,,update_manifest.jpg,c855bbce1e2ea50bfc1da939f55b7d1bce97a9afa5a0e671ed05d59dc7950b3b,sdk_test_fixture,present_valid,screenshot|recompress_q75,"Screenshotted (pixels recaptured, container discarded) then Re-saved as JPEG at quality 75",3f8421ed69bcfdf952f1ee2342e165726303eb1d9cf1889d9d18ed45d2945c05,32037,375,375,absent,False,False,False,
668d55f23805,2026-08-30T17:58:09+00:00,local,,update_manifest.jpg,c855bbce1e2ea50bfc1da939f55b7d1bce97a9afa5a0e671ed05d59dc7950b3b,sdk_test_fixture,present_valid,resize_50pct|recompress_q75,Resized to 50% of original dimensions then Re-saved as JPEG at quality 75,184ab0ec4277b7726f556d4567ed326c6f065e84f2c2e7587003d955ebcb2cca,9453,187,187,absent,False,False,False,
8b0868a1a3ac,2026-08-30T17:58:09+00:00,local,,update_manifest.jpg,c855bbce1e2ea50bfc1da939f55b7d1bce97a9afa5a0e671ed05d59dc7950b3b,sdk_test_fixture,present_valid,crop_10pct|recompress_q50,Cropped 10% off each border then Re-saved as JPEG at quality 50,3c99a4e60ec3590f4b7133e9100d8dae6ab4cd762eb29dee802410415f82e0e3,19670,301,301,absent,False,False,False,
410f1662dead,2026-08-30T17:58:09+00:00,local,,update_manifest.jpg,c855bbce1e2ea50bfc1da939f55b7d1bce97a9afa5a0e671ed05d59dc7950b3b,sdk_test_fixture,present_valid,metadata_scrub|recompress_q75,EXIF block removed in place (no re-encode) then Re-saved as JPEG at quality 75,3f8421ed69bcfdf952f1ee2342e165726303eb1d9cf1889d9d18ed45d2945c05,32037,375,375,absent,False,False,False,
